Workbook

Sheet Rekapitulace stavby
A1: Export Komplet | BA1: 2.0 | BB1: ZAMOK | BT1: False | BU1: False | BV1: {a19f1804-530b-42b9-90bc-e9b855663be3}
BS2: 0,01 | BT2: 21
BS3: 0,01 | BT3: 15
D4: REKAPITULACE STAVBY | AS4: v --- níže se nacházejí doplnkové a pomocné údaje k sestavám --- v | BE4: Návod na vyplnění | BS4: 0,001
D5: Kód: | K5: Z2021126 | BE5: Měnit lze pouze buňky se žlutým podbarvením!_x000D_ _x000D_ 1) na prvním listu Rekapitulace stavby vyplňte v sestavě_x000D_ _x000D_ a) Souhrnný list_x000D_ - údaje o Uchazeči_x000D_ (přenesou se do ostatních sestav i v jiných listech)_x000D_ _x000D_ b) Rekapitulace objektů_x000D_ - potřebné Ostatní náklady_x000D_ _x000D_ 2) na vybraných listech vyplňte v sestavě_x000D_ _x000D_ a) Krycí list_x000D_ - údaje o Uchazeči, pokud se liší od údajů o Uchazeči na Souhrnném listu_x000D_ (údaje se přenesou do ostatních sestav v daném listu)_x000D_ _x000D_ b) Rekapitulace rozpočtu_x000D_ - potřebné Ostatní náklady_x000D_ _x000D_ c) Celkové náklady za stavbu_x000D_ - ceny u položek_x000D_ - množství, pokud má žluté podbarvení_x000D_ - a v případě potřeby poznámku (ta je ve skrytém sloupci) | BS5: 0,01
D6: Stavba: | K6: Bytový soubor Libuše | BS6: 0,01
D7: KSO: | AK7: CC-CZ: | BS7: 0,01
D8: Místo: | K8: Praha | AK8: Datum: | AN8: 45000 | BS8: 0,01
BS9: 0,01
D10: Zadavatel: | AK10: IČ: | BS10: 0,01
E11: VELTON REAL ESTATE | AK11: DIČ: | BS11: 0,01
BS12: 0,01
D13: Uchazeč: | AK13: IČ: | AN13: 08004013 | BS13: 0,01
E14: DMG Stav a.s. | AK14: DIČ: | AN14: CZ 08004013 | BS14: 0,01
BS15: False
D16: Projektant: | AK16: IČ: | BS16: False
E17: ABMV World s.r.o | AK17: DIČ: | BS17: True
BS18: 0,01
D19: Zpracovatel: | AK19: IČ: | BS19: 0,01
E20: QSB s.r.o. | AK20: DIČ: | BS20: True
D22: Poznámka:
D26: Cena bez DPH | AK26: =ROUND(AG94,2) -> 2.4903099e+08
L28: Sazba daně | W28: Základ daně | AK28: Výše daně
D29: DPH | F29: základní | L29: 0.21 | W29: =ROUND(AZ94,2) -> 2.3558309e+08 | AK29: =ROUND(AV94,2) -> 49472449
F30: snížená | L30: 0.15 | W30: =ROUND(BA94,2) -> 13447899 | AK30: =ROUND(AW94,2) -> 2017184.9
F31: zákl. přenesená | L31: 0.21 | W31: =ROUND(BB94,2) -> 0 | AK31: 0
F32: sníž. přenesená | L32: 0.15 | W32: =ROUND(BC94,2) -> 0 | AK32: 0
F33: nulová | L33: 0 | W33: =ROUND(BD94,2) -> 0 | AK33: 0
D35: Cena s DPH | T35: v | X35: CZK | AK35: =SUM(AK26:AK33) -> 3.0052063e+08
D49: Projektant | AH49: Zpracovatel
D60: Datum a podpis: | V60: Razítko | AH60: Datum a podpis: | AM60: Razítko
D64: Objednavatel | AH64: Uchazeč
D75: Datum a podpis: | V75: Razítko | AH75: Datum a podpis: | AM75: Razítko
C82: REKAPITULACE OBJEKTŮ STAVBY A SOUPISŮ PRACÍ
C84: Kód: | L84: =K5 -> Z2021126
C85: Stavba: | L85: =K6 -> Bytový soubor Libuše
C87: Místo: | L87: =IF(K8="","",K8) -> Praha | AI87: Datum: | AM87: =IF(AN8="","",AN8) -> 45000
C89: Zadavatel: | L89: =IF(E11="","",E11) -> VELTON REAL ESTATE | AI89: Projektant: | AM89: =IF(E17="","",E17) -> ABMV World s.r.o | AS89: Informatívní údaje z listů zakázek
C90: Uchazeč: | L90: =IF(E14="Vyplň údaj","",E14) -> DMG Stav a.s. | AI90: Zpracovatel: | AM90: =IF(E20="","",E20) -> QSB s.r.o.
C92: Kód | I92: Popis | AG92: Cena bez DPH [CZK] | AN92: Cena s DPH [CZK] | AQ92: Typ | AS92: z toho Ostat._x000D_ náklady [CZK] | AT92: DPH [CZK] | AU92: Normohodiny [h] | AV92: DPH základní [CZK] | AW92: DPH snížená [CZK] | AX92: DPH základní přenesená_x000D_ [CZK] | AY92: DPH snížená přenesená_x000D_ [CZK] | AZ92: Základna_x000D_ DPH základní | BA92: Základna_x000D_ DPH snížená | BB92: Základna_x000D_ DPH zákl. přenesená | BC92: Základna_x000D_ DPH sníž. přenesená | BD92: Základna_x000D_ DPH nulová
C94: Náklady z rozpočtů | AG94: =ROUND(AG95+AG96+AG109,2) -> 2.4903099e+08 | AN94: =SUM(AG94,AT94) -> 3.0052063e+08 | AS94: =ROUND(AS95+AS96+AS109,2) -> 0 | AT94: =ROUND(SUM(AV94:AW94),2) -> 51489634 | AU94: =ROUND(AU95+AU96+AU109,5) -> 0 | AV94: =ROUND(AZ94*L29,2) -> 49472449 | AW94: =ROUND(BA94*L30,2) -> 2017184.9 | AX94: =ROUND(BB94*L29,2) -> 0 | AY94: =ROUND(BC94*L30,2) -> 0 | AZ94: =ROUND(AZ95+AZ96+AZ109,2) -> 2.3558309e+08 | BA94: =ROUND(BA95+BA96+BA109,2) -> 13447899 | BB94: =ROUND(BB95+BB96+BB109,2) -> 0 | BC94: =ROUND(BC95+BC96+BC109,2) -> 0 | BD94: =ROUND(BD95+BD96+BD109,2) -> 0 | BS94: D | BT94: 0 | BU94: ###NOIMPORT### | BV94: IMPORT | BW94: {a19f1804-530b-42b9-90bc-e9b855663be3} | BX94: {00000000-0000-0000-0000-000000000000}
A95: / | D95: 00 | J95: Vedlejší a ostatní náklady | AG95: ='00 - Vedlejší a ostatní n...'!J30 -> 9759000 | AN95: =SUM(AG95,AT95) -> 11808390 | AQ95: VON | AS95: 0 | AT95: =ROUND(SUM(AV95:AW95),2) -> 2049390 | AU95: ='00 - Vedlejší a ostatní n...'!P122 -> 0 | AV95: ='00 - Vedlejší a ostatní n...'!J33 -> 2049390 | AW95: ='00 - Vedlejší a ostatní n...'!J34 -> 0 | AX95: ='00 - Vedlejší a ostatní n...'!J35 -> 0 | AY95: ='00 - Vedlejší a ostatní n...'!J36 -> 0 | AZ95: ='00 - Vedlejší a ostatní n...'!F33 -> 9759000 | BA95: ='00 - Vedlejší a ostatní n...'!F34 -> 0 | BB95: ='00 - Vedlejší a ostatní n...'!F35 -> 0 | BC95: ='00 - Vedlejší a ostatní n...'!F36 -> 0 | BD95: ='00 - Vedlejší a ostatní n...'!F37 -> 0 | BT95: 1 | BV95: IMPORT | BW95: {ffb2632c-9a12-46c0-9a7a-cc4af88f22d9} | BX95: {a19f1804-530b-42b9-90bc-e9b855663be3} | CM95: 2
D96: 01 | J96: Bytové domy A, B, C, D vč. podzemního podlaží | AG96: =ROUND(SUM(AG97:AG108),2) -> 2.3011237e+08 | AN96: =SUM(AG96,AT96) -> 2.776824e+08 | AQ96: STA | AS96: =ROUND(SUM(AS97:AS108),2) -> 0 | AT96: =ROUND(SUM(AV96:AW96),2) -> 47570031 | AU96: =ROUND(SUM(AU97:AU108),5) -> 0 | AV96: =ROUND(AZ96*L29,2) -> 45686115 | AW96: =ROUND(BA96*L30,2) -> 1883916.3 | AX96: =ROUND(BB96*L29,2) -> 0 | AY96: =ROUND(BC96*L30,2) -> 0 | AZ96: =ROUND(SUM(AZ97:AZ108),2) -> 2.1755293e+08 | BA96: =ROUND(SUM(BA97:BA108),2) -> 12559442 | BB96: =ROUND(SUM(BB97:BB108),2) -> 0 | BC96: =ROUND(SUM(BC97:BC108),2) -> 0 | BD96: =ROUND(SUM(BD97:BD108),2) -> 0 | BS96: D | BT96: 1 | BU96: ###NOIMPORT### | BV96: IMPORT | BW96: {beb275d1-cc92-4370-8628-335fffaebd87} | BX96: {a19f1804-530b-42b9-90bc-e9b855663be3} | CM96: 2
A97: / | E97: 100 | K97: Architektonicko-stavební a konstrukční část | AG97: ='100 - Architektonicko-sta...'!J32 -> 1.8365574e+08 | AN97: =SUM(AG97,AT97) -> 2.2222345e+08 | AQ97: Soupis | AS97: 0 | AT97: =ROUND(SUM(AV97:AW97),2) -> 38567706 | AU97: ='100 - Architektonicko-sta...'!P148 -> 0 | AV97: ='100 - Architektonicko-sta...'!J35 -> 38567706 | AW97: ='100 - Architektonicko-sta...'!J36 -> 0 | AX97: ='100 - Architektonicko-sta...'!J37 -> 0 | AY97: ='100 - Architektonicko-sta...'!J38 -> 0 | AZ97: ='100 - Architektonicko-sta...'!F35 -> 1.8365574e+08 | BA97: ='100 - Architektonicko-sta...'!F36 -> 0 | BB97: ='100 - Architektonicko-sta...'!F37 -> 0 | BC97: ='100 - Architektonicko-sta...'!F38 -> 0 | BD97: ='100 - Architektonicko-sta...'!F39 -> 0 | BT97: 2 | BV97: IMPORT | BW97: {519219ae-6ce4-40eb-a262-06e9229d6b1d} | BX97: {beb275d1-cc92-4370-8628-335fffaebd87}
A98: / | E98: D1.410 | K98: ZTI - Kanalizace | AG98: ='D1.410 - ZTI - Kanalizace'!J32 -> 5975260 | AN98: =SUM(AG98,AT98) -> 7230064.6 | AQ98: Soupis | AS98: 0 | AT98: =ROUND(SUM(AV98:AW98),2) -> 1254804.6 | AU98: ='D1.410 - ZTI - Kanalizace'!P130 -> 0 | AV98: ='D1.410 - ZTI - Kanalizace'!J35 -> 1254804.6 | AW98: ='D1.410 - ZTI - Kanalizace'!J36 -> 0 | AX98: ='D1.410 - ZTI - Kanalizace'!J37 -> 0 | AY98: ='D1.410 - ZTI - Kanalizace'!J38 -> 0 | AZ98: ='D1.410 - ZTI - Kanalizace'!F35 -> 5975260 | BA98: ='D1.410 - ZTI - Kanalizace'!F36 -> 0 | BB98: ='D1.410 - ZTI - Kanalizace'!F37 -> 0 | BC98: ='D1.410 - ZTI - Kanalizace'!F38 -> 0 | BD98: ='D1.410 - ZTI - Kanalizace'!F39 -> 0 | BT98: 2 | BV98: IMPORT | BW98: {84a7c1b6-7f2a-49f5-be57-afab49f93126} | BX98: {beb275d1-cc92-4370-8628-335fffaebd87}
A99: / | E99: D1.420 | K99: ZTI - Vodovod | AG99: ='D1.420 - ZTI - Vodovod'!J32 -> 6593470 | AN99: =SUM(AG99,AT99) -> 7978098.7 | AQ99: Soupis | AS99: 0 | AT99: =ROUND(SUM(AV99:AW99),2) -> 1384628.7 | AU99: ='D1.420 - ZTI - Vodovod'!P124 -> 0 | AV99: ='D1.420 - ZTI - Vodovod'!J35 -> 1384628.7 | AW99: ='D1.420 - ZTI - Vodovod'!J36 -> 0 | AX99: ='D1.420 - ZTI - Vodovod'!J37 -> 0 | AY99: ='D1.420 - ZTI - Vodovod'!J38 -> 0 | AZ99: ='D1.420 - ZTI - Vodovod'!F35 -> 6593470 | BA99: ='D1.420 - ZTI - Vodovod'!F36 -> 0 | BB99: ='D1.420 - ZTI - Vodovod'!F37 -> 0 | BC99: ='D1.420 - ZTI - Vodovod'!F38 -> 0 | BD99: ='D1.420 - ZTI - Vodovod'!F39 -> 0 | BT99: 2 | BV99: IMPORT | BW99: {10486c3d-a2f1-46fb-9c38-f92f128710a0} | BX99: {beb275d1-cc92-4370-8628-335fffaebd87}
A100: / | E100: D1.430 | K100: ZTI - Plynovod | AG100: ='D1.430 - ZTI - Plynovod'!J32 -> 78000 | AN100: =SUM(AG100,AT100) -> 94380 | AQ100: Soupis | AS100: 0 | AT100: =ROUND(SUM(AV100:AW100),2) -> 16380 | AU100: ='D1.430 - ZTI - Plynovod'!P122 -> 0 | AV100: ='D1.430 - ZTI - Plynovod'!J35 -> 16380 | AW100: ='D1.430 - ZTI - Plynovod'!J36 -> 0 | AX100: ='D1.430 - ZTI - Plynovod'!J37 -> 0 | AY100: ='D1.430 - ZTI - Plynovod'!J38 -> 0 | AZ100: ='D1.430 - ZTI - Plynovod'!F35 -> 78000 | BA100: ='D1.430 - ZTI - Plynovod'!F36 -> 0 | BB100: ='D1.430 - ZTI - Plynovod'!F37 -> 0 | BC100: ='D1.430 - ZTI - Plynovod'!F38 -> 0 | BD100: ='D1.430 - ZTI - Plynovod'!F39 -> 0 | BT100: 2 | BV100: IMPORT | BW100: {69e6767c-f311-4783-b791-3ac752473af5} | BX100: {beb275d1-cc92-4370-8628-335fffaebd87}
A101: / | E101: D1.510 | K101: Vzduchotechnika | AG101: ='D1.510 - Vzduchotechnika'!J32 -> 3746900 | AN101: =SUM(AG101,AT101) -> 4533749 | AQ101: Soupis | AS101: 0 | AT101: =ROUND(SUM(AV101:AW101),2) -> 786849 | AU101: ='D1.510 - Vzduchotechnika'!P150 -> 0 | AV101: ='D1.510 - Vzduchotechnika'!J35 -> 786849 | AW101: ='D1.510 - Vzduchotechnika'!J36 -> 0 | AX101: ='D1.510 - Vzduchotechnika'!J37 -> 0 | AY101: ='D1.510 - Vzduchotechnika'!J38 -> 0 | AZ101: ='D1.510 - Vzduchotechnika'!F35 -> 3746900 | BA101: ='D1.510 - Vzduchotechnika'!F36 -> 0 | BB101: ='D1.510 - Vzduchotechnika'!F37 -> 0 | BC101: ='D1.510 - Vzduchotechnika'!F38 -> 0 | BD101: ='D1.510 - Vzduchotechnika'!F39 -> 0 | BT101: 2 | BV101: IMPORT | BW101: {c9dfe3ad-13fb-40cc-bd79-bc5ce546b322} | BX101: {beb275d1-cc92-4370-8628-335fffaebd87}
A102: / | E102: D1.520 | K102: Rozvody chladu | AG102: ='D1.520 - Rozvody chladu'!J32 -> 5661300 | AN102: =SUM(AG102,AT102) -> 6850173 | AQ102: Soupis | AS102: 0 | AT102: =ROUND(SUM(AV102:AW102),2) -> 1188873 | AU102: ='D1.520 - Rozvody chladu'!P144 -> 0 | AV102: ='D1.520 - Rozvody chladu'!J35 -> 1188873 | AW102: ='D1.520 - Rozvody chladu'!J36 -> 0 | AX102: ='D1.520 - Rozvody chladu'!J37 -> 0 | AY102: ='D1.520 - Rozvody chladu'!J38 -> 0 | AZ102: ='D1.520 - Rozvody chladu'!F35 -> 5661300 | BA102: ='D1.520 - Rozvody chladu'!F36 -> 0 | BB102: ='D1.520 - Rozvody chladu'!F37 -> 0 | BC102: ='D1.520 - Rozvody chladu'!F38 -> 0 | BD102: ='D1.520 - Rozvody chladu'!F39 -> 0 | BT102: 2 | BV102: IMPORT | BW102: {8e6ed8be-8277-45a1-8ce1-1a62c411eb53} | BX102: {beb275d1-cc92-4370-8628-335fffaebd87}
A103: / | E103: D1.530 | K103: ÚT - Rozvody tepla | AG103: ='D1.530 - ÚT - Rozvody tepla'!J32 -> 3569260 | AN103: =SUM(AG103,AT103) -> 4318804.6 | AQ103: Soupis | AS103: 0 | AT103: =ROUND(SUM(AV103:AW103),2) -> 749544.6 | AU103: ='D1.530 - ÚT - Rozvody tepla'!P150 -> 0 | AV103: ='D1.530 - ÚT - Rozvody tepla'!J35 -> 749544.6 | AW103: ='D1.530 - ÚT - Rozvody tepla'!J36 -> 0 | AX103: ='D1.530 - ÚT - Rozvody tepla'!J37 -> 0 | AY103: ='D1.530 - ÚT - Rozvody tepla'!J38 -> 0 | AZ103: ='D1.530 - ÚT - Rozvody tepla'!F35 -> 3569260 | BA103: ='D1.530 - ÚT - Rozvody tepla'!F36 -> 0 | BB103: ='D1.530 - ÚT - Rozvody tepla'!F37 -> 0 | BC103: ='D1.530 - ÚT - Rozvody tepla'!F38 -> 0 | BD103: ='D1.530 - ÚT - Rozvody tepla'!F39 -> 0 | BT103: 2 | BV103: IMPORT | BW103: {8d236109-306f-48c2-9595-75be6e0d0de9} | BX103: {beb275d1-cc92-4370-8628-335fffaebd87}
A104: / | E104: D1.610 | K104: Uzemnění a hromosvod | AG104: ='D1.610 - Uzemnění a hromo...'!J32 -> 472890 | AN104: =SUM(AG104,AT104) -> 543823.5 | AQ104: Soupis | AS104: 0 | AT104: =ROUND(SUM(AV104:AW104),2) -> 70933.5 | AU104: ='D1.610 - Uzemnění a hromo...'!P122 -> 0 | AV104: ='D1.610 - Uzemnění a hromo...'!J35 -> 0 | AW104: ='D1.610 - Uzemnění a hromo...'!J36 -> 70933.5 | AX104: ='D1.610 - Uzemnění a hromo...'!J37 -> 0 | AY104: ='D1.610 - Uzemnění a hromo...'!J38 -> 0 | AZ104: ='D1.610 - Uzemnění a hromo...'!F35 -> 0 | BA104: ='D1.610 - Uzemnění a hromo...'!F36 -> 472890 | BB104: ='D1.610 - Uzemnění a hromo...'!F37 -> 0 | BC104: ='D1.610 - Uzemnění a hromo...'!F38 -> 0 | BD104: ='D1.610 - Uzemnění a hromo...'!F39 -> 0 | BT104: 2 | BV104: IMPORT | BW104: {d671aba4-2fad-4021-b32b-2947f8570988} | BX104: {beb275d1-cc92-4370-8628-335fffaebd87}
A105: / | E105: D1.620 | K105: Silnoproudá elektroinstalace | AG105: ='D1.620 - Silnoproudá elek...'!J32 -> 12086552 | AN105: =SUM(AG105,AT105) -> 13899535 | AQ105: Soupis | AS105: 0 | AT105: =ROUND(SUM(AV105:AW105),2) -> 1812982.8 | AU105: ='D1.620 - Silnoproudá elek...'!P127 -> 0 | AV105: ='D1.620 - Silnoproudá elek...'!J35 -> 0 | AW105: ='D1.620 - Silnoproudá elek...'!J36 -> 1812982.8 | AX105: ='D1.620 - Silnoproudá elek...'!J37 -> 0 | AY105: ='D1.620 - Silnoproudá elek...'!J38 -> 0 | AZ105: ='D1.620 - Silnoproudá elek...'!F35 -> 0 | BA105: ='D1.620 - Silnoproudá elek...'!F36 -> 12086552 | BB105: ='D1.620 - Silnoproudá elek...'!F37 -> 0 | BC105: ='D1.620 - Silnoproudá elek...'!F38 -> 0 | BD105: ='D1.620 - Silnoproudá elek...'!F39 -> 0 | BT105: 2 | BV105: IMPORT | BW105: {0ca3e164-1671-4e26-bdbc-699a382a27b7} | BX105: {beb275d1-cc92-4370-8628-335fffaebd87}
A106: / | E106: D1.700 | K106: Slaboproudé elektroinstalace | AG106: ='D1.700 - Slaboproudé elek...'!J32 -> 3885503 | AN106: =SUM(AG106,AT106) -> 4701458.6 | AQ106: Soupis | AS106: 0 | AT106: =ROUND(SUM(AV106:AW106),2) -> 815955.63 | AU106: ='D1.700 - Slaboproudé elek...'!P147 -> 0 | AV106: ='D1.700 - Slaboproudé elek...'!J35 -> 815955.63 | AW106: ='D1.700 - Slaboproudé elek...'!J36 -> 0 | AX106: ='D1.700 - Slaboproudé elek...'!J37 -> 0 | AY106: ='D1.700 - Slaboproudé elek...'!J38 -> 0 | AZ106: ='D1.700 - Slaboproudé elek...'!F35 -> 3885503 | BA106: ='D1.700 - Slaboproudé elek...'!F36 -> 0 | BB106: ='D1.700 - Slaboproudé elek...'!F37 -> 0 | BC106: ='D1.700 - Slaboproudé elek...'!F38 -> 0 | BD106: ='D1.700 - Slaboproudé elek...'!F39 -> 0 | BT106: 2 | BV106: IMPORT | BW106: {c76b0c4d-0920-43f0-9a54-66b7c9076d38} | BX106: {beb275d1-cc92-4370-8628-335fffaebd87}
A107: / | E107: D1.901 | K107: Osobní výtahy | AG107: ='D1.901 - Osobní výtahy'!J32 -> 4200000 | AN107: =SUM(AG107,AT107) -> 5082000 | AQ107: Soupis | AS107: 0 | AT107: =ROUND(SUM(AV107:AW107),2) -> 882000 | AU107: ='D1.901 - Osobní výtahy'!P122 -> 0 | AV107: ='D1.901 - Osobní výtahy'!J35 -> 882000 | AW107: ='D1.901 - Osobní výtahy'!J36 -> 0 | AX107: ='D1.901 - Osobní výtahy'!J37 -> 0 | AY107: ='D1.901 - Osobní výtahy'!J38 -> 0 | AZ107: ='D1.901 - Osobní výtahy'!F35 -> 4200000 | BA107: ='D1.901 - Osobní výtahy'!F36 -> 0 | BB107: ='D1.901 - Osobní výtahy'!F37 -> 0 | BC107: ='D1.901 - Osobní výtahy'!F38 -> 0 | BD107: ='D1.901 - Osobní výtahy'!F39 -> 0 | BT107: 2 | BV107: IMPORT | BW107: {85b3d44d-510f-4c25-af05-03fe096574e7} | BX107: {beb275d1-cc92-4370-8628-335fffaebd87}
A108: / | E108: D1.902 | K108: Vnitřní dopravní značení | AG108: ='D1.902 - Vnitřní dopravní...'!J32 -> 187492.73 | AN108: =SUM(AG108,AT108) -> 226866.2 | AQ108: Soupis | AS108: 0 | AT108: =ROUND(SUM(AV108:AW108),2) -> 39373.47 | AU108: ='D1.902 - Vnitřní dopravní...'!P123 -> 0 | AV108: ='D1.902 - Vnitřní dopravní...'!J35 -> 39373.47 | AW108: ='D1.902 - Vnitřní dopravní...'!J36 -> 0 | AX108: ='D1.902 - Vnitřní dopravní...'!J37 -> 0 | AY108: ='D1.902 - Vnitřní dopravní...'!J38 -> 0 | AZ108: ='D1.902 - Vnitřní dopravní...'!F35 -> 187492.73 | BA108: ='D1.902 - Vnitřní dopravní...'!F36 -> 0 | BB108: ='D1.902 - Vnitřní dopravní...'!F37 -> 0 | BC108: ='D1.902 - Vnitřní dopravní...'!F38 -> 0 | BD108: ='D1.902 - Vnitřní dopravní...'!F39 -> 0 | BT108: 2 | BV108: IMPORT | BW108: {153d72b2-6802-4da7-b53b-e87be3a458ca} | BX108: {beb275d1-cc92-4370-8628-335fffaebd87}
D109: 02 | J109: Venkovní objekty a přípojky | AG109: =ROUND(AG110+SUM(AG118:AG125),2) -> 9159621.6 | AN109: =SUM(AG109,AT109) -> 11029835 | AQ109: STA | AS109: =ROUND(AS110+SUM(AS118:AS125),2) -> 0 | AT109: =ROUND(SUM(AV109:AW109),2) -> 1870213.1 | AU109: =ROUND(AU110+SUM(AU118:AU125),5) -> 0 | AV109: =ROUND(AZ109*L29,2) -> 1736944.5 | AW109: =ROUND(BA109*L30,2) -> 133268.57 | AX109: =ROUND(BB109*L29,2) -> 0 | AY109: =ROUND(BC109*L30,2) -> 0 | AZ109: =ROUND(AZ110+SUM(AZ118:AZ125),2) -> 8271164.4 | BA109: =ROUND(BA110+SUM(BA118:BA125),2) -> 888457.14 | BB109: =ROUND(BB110+SUM(BB118:BB125),2) -> 0 | BC109: =ROUND(BC110+SUM(BC118:BC125),2) -> 0 | BD109: =ROUND(BD110+SUM(BD118:BD125),2) -> 0 | BS109: D | BT109: 1 | BU109: ###NOIMPORT### | BV109: IMPORT | BW109: {7eea07c9-6147-490a-ae1d-cabb95e0d744} | BX109: {a19f1804-530b-42b9-90bc-e9b855663be3} | CM109: 2
E110: IO | K110: Přípojky | AG110: =ROUND(SUM(AG111:AG117),2) -> 1026974.1 | AN110: =SUM(AG110,AT110) -> 1221173.3 | AQ110: Soupis | AS110: =ROUND(SUM(AS111:AS117),2) -> 0 | AT110: =ROUND(SUM(AV110:AW110),2) -> 194199.14 | AU110: =ROUND(SUM(AU111:AU117),5) -> 0 | AV110: =ROUND(AZ110*L29,2) -> 140535.57 | AW110: =ROUND(BA110*L30,2) -> 53663.57 | AX110: =ROUND(BB110*L29,2) -> 0 | AY110: =ROUND(BC110*L30,2) -> 0 | AZ110: =ROUND(SUM(AZ111:AZ117),2) -> 669217 | BA110: =ROUND(SUM(BA111:BA117),2) -> 357757.14 | BB110: =ROUND(SUM(BB111:BB117),2) -> 0 | BC110: =ROUND(SUM(BC111:BC117),2) -> 0 | BD110: =ROUND(SUM(BD111:BD117),2) -> 0 | BS110: D | BT110: 2 | BU110: ###NOIMPORT### | BV110: IMPORT | BW110: {4f2e31ee-1737-4ce3-ac31-b69541db3e54} | BX110: {7eea07c9-6147-490a-ae1d-cabb95e0d744}
A111: / | F111: IO01 | L111: Přípojka vodovodu | AG111: ='IO01 - Přípojka vodovodu'!J34 -> 78350 | AN111: =SUM(AG111,AT111) -> 94803.5 | AQ111: Soupis | AS111: 0 | AT111: =ROUND(SUM(AV111:AW111),2) -> 16453.5 | AU111: ='IO01 - Přípojka vodovodu'!P132 -> 0 | AV111: ='IO01 - Přípojka vodovodu'!J37 -> 16453.5 | AW111: ='IO01 - Přípojka vodovodu'!J38 -> 0 | AX111: ='IO01 - Přípojka vodovodu'!J39 -> 0 | AY111: ='IO01 - Přípojka vodovodu'!J40 -> 0 | AZ111: ='IO01 - Přípojka vodovodu'!F37 -> 78350 | BA111: ='IO01 - Přípojka vodovodu'!F38 -> 0 | BB111: ='IO01 - Přípojka vodovodu'!F39 -> 0 | BC111: ='IO01 - Přípojka vodovodu'!F40 -> 0 | BD111: ='IO01 - Přípojka vodovodu'!F41 -> 0 | BT111: 3 | BV111: IMPORT | BW111: {bd75a83a-2a19-4b60-a90b-74b51b17b035} | BX111: {4f2e31ee-1737-4ce3-ac31-b69541db3e54}
A112: / | F112: IO02 | L112: Přípojka plynovodu | AG112: ='IO02 - Přípojka plynovodu'!J34 -> 40877 | AN112: =SUM(AG112,AT112) -> 49461.17 | AQ112: Soupis | AS112: 0 | AT112: =ROUND(SUM(AV112:AW112),2) -> 8584.17 | AU112: ='IO02 - Přípojka plynovodu'!P125 -> 0 | AV112: ='IO02 - Přípojka plynovodu'!J37 -> 8584.17 | AW112: ='IO02 - Přípojka plynovodu'!J38 -> 0 | AX112: ='IO02 - Přípojka plynovodu'!J39 -> 0 | AY112: ='IO02 - Přípojka plynovodu'!J40 -> 0 | AZ112: ='IO02 - Přípojka plynovodu'!F37 -> 40877 | BA112: ='IO02 - Přípojka plynovodu'!F38 -> 0 | BB112: ='IO02 - Přípojka plynovodu'!F39 -> 0 | BC112: ='IO02 - Přípojka plynovodu'!F40 -> 0 | BD112: ='IO02 - Přípojka plynovodu'!F41 -> 0 | BT112: 3 | BV112: IMPORT | BW112: {4a27c019-c402-4276-9969-e3927108a50f} | BX112: {4f2e31ee-1737-4ce3-ac31-b69541db3e54}
A113: / | F113: IO03 | L113: Přípojka dešťové kanalizace | AG113: ='IO03 - Přípojka dešťové k...'!J34 -> 143500 | AN113: =SUM(AG113,AT113) -> 173635 | AQ113: Soupis | AS113: 0 | AT113: =ROUND(SUM(AV113:AW113),2) -> 30135 | AU113: ='IO03 - Přípojka dešťové k...'!P131 -> 0 | AV113: ='IO03 - Přípojka dešťové k...'!J37 -> 30135 | AW113: ='IO03 - Přípojka dešťové k...'!J38 -> 0 | AX113: ='IO03 - Přípojka dešťové k...'!J39 -> 0 | AY113: ='IO03 - Přípojka dešťové k...'!J40 -> 0 | AZ113: ='IO03 - Přípojka dešťové k...'!F37 -> 143500 | BA113: ='IO03 - Přípojka dešťové k...'!F38 -> 0 | BB113: ='IO03 - Přípojka dešťové k...'!F39 -> 0 | BC113: ='IO03 - Přípojka dešťové k...'!F40 -> 0 | BD113: ='IO03 - Přípojka dešťové k...'!F41 -> 0 | BT113: 3 | BV113: IMPORT | BW113: {2f31af83-109f-4628-8cfe-d13fec123a40} | BX113: {4f2e31ee-1737-4ce3-ac31-b69541db3e54}
A114: / | F114: IO04 | L114: Přípojka splaškové kanalizace | AG114: ='IO04 - Přípojka splaškové...'!J34 -> 406490 | AN114: =SUM(AG114,AT114) -> 491852.9 | AQ114: Soupis | AS114: 0 | AT114: =ROUND(SUM(AV114:AW114),2) -> 85362.9 | AU114: ='IO04 - Přípojka splaškové...'!P131 -> 0 | AV114: ='IO04 - Přípojka splaškové...'!J37 -> 85362.9 | AW114: ='IO04 - Přípojka splaškové...'!J38 -> 0 | AX114: ='IO04 - Přípojka splaškové...'!J39 -> 0 | AY114: ='IO04 - Přípojka splaškové...'!J40 -> 0 | AZ114: ='IO04 - Přípojka splaškové...'!F37 -> 406490 | BA114: ='IO04 - Přípojka splaškové...'!F38 -> 0 | BB114: ='IO04 - Přípojka splaškové...'!F39 -> 0 | BC114: ='IO04 - Přípojka splaškové...'!F40 -> 0 | BD114: ='IO04 - Přípojka splaškové...'!F41 -> 0 | BT114: 3 | BV114: IMPORT | BW114: {83066047-6971-48cf-8e2e-2224f3f05ae9} | BX114: {4f2e31ee-1737-4ce3-ac31-b69541db3e54}
A115: / | F115: IO05 | L115: PRE | AG115: ='IO05 - PRE'!J34 -> 0 | AN115: =SUM(AG115,AT115) -> 0 | AQ115: Soupis | AS115: 0 | AT115: =ROUND(SUM(AV115:AW115),2) -> 0 | AU115: ='IO05 - PRE'!P125 -> 0 | AV115: ='IO05 - PRE'!J37 -> 0 | AW115: ='IO05 - PRE'!J38 -> 0 | AX115: ='IO05 - PRE'!J39 -> 0 | AY115: ='IO05 - PRE'!J40 -> 0 | AZ115: ='IO05 - PRE'!F37 -> 0 | BA115: ='IO05 - PRE'!F38 -> 0 | BB115: ='IO05 - PRE'!F39 -> 0 | BC115: ='IO05 - PRE'!F40 -> 0 | BD115: ='IO05 - PRE'!F41 -> 0 | BT115: 3 | BV115: IMPORT | BW115: {7bc87533-6e77-43ff-961c-2db2df70c57e} | BX115: {4f2e31ee-1737-4ce3-ac31-b69541db3e54}
A116: / | F116: IO06 | L116: CETIN | AG116: ='IO06 - CETIN'!J34 -> 0 | AN116: =SUM(AG116,AT116) -> 0 | AQ116: Soupis | AS116: 0 | AT116: =ROUND(SUM(AV116:AW116),2) -> 0 | AU116: ='IO06 - CETIN'!P125 -> 0 | AV116: ='IO06 - CETIN'!J37 -> 0 | AW116: ='IO06 - CETIN'!J38 -> 0 | AX116: ='IO06 - CETIN'!J39 -> 0 | AY116: ='IO06 - CETIN'!J40 -> 0 | AZ116: ='IO06 - CETIN'!F37 -> 0 | BA116: ='IO06 - CETIN'!F38 -> 0 | BB116: ='IO06 - CETIN'!F39 -> 0 | BC116: ='IO06 - CETIN'!F40 -> 0 | BD116: ='IO06 - CETIN'!F41 -> 0 | BT116: 3 | BV116: IMPORT | BW116: {ce514360-396b-472e-a9f9-cbff4ff495bf} | BX116: {4f2e31ee-1737-4ce3-ac31-b69541db3e54}
A117: / | F117: IO07 | L117: Veřejné osvětlení | AG117: ='IO07 - Veřejné osvětlení'!J34 -> 357757.14 | AN117: =SUM(AG117,AT117) -> 411420.71 | AQ117: Soupis | AS117: 0 | AT117: =ROUND(SUM(AV117:AW117),2) -> 53663.57 | AU117: ='IO07 - Veřejné osvětlení'!P131 -> 0 | AV117: ='IO07 - Veřejné osvětlení'!J37 -> 0 | AW117: ='IO07 - Veřejné osvětlení'!J38 -> 53663.57 | AX117: ='IO07 - Veřejné osvětlení'!J39 -> 0 | AY117: ='IO07 - Veřejné osvětlení'!J40 -> 0 | AZ117: ='IO07 - Veřejné osvětlení'!F37 -> 0 | BA117: ='IO07 - Veřejné osvětlení'!F38 -> 357757.14 | BB117: ='IO07 - Veřejné osvětlení'!F39 -> 0 | BC117: ='IO07 - Veřejné osvětlení'!F40 -> 0 | BD117: ='IO07 - Veřejné osvětlení'!F41 -> 0 | BT117: 3 | BV117: IMPORT | BW117: {0f893789-fb0d-4ac6-8f20-40252bef8e60} | BX117: {4f2e31ee-1737-4ce3-ac31-b69541db3e54}
A118: / | E118: IOX | K118: Přeložky | AG118: ='IOX - Přeložky'!J32 -> 821450 | AN118: =SUM(AG118,AT118) -> 993954.5 | AQ118: Soupis | AS118: 0 | AT118: =ROUND(SUM(AV118:AW118),2) -> 172504.5 | AU118: ='IOX - Přeložky'!P128 -> 0 | AV118: ='IOX - Přeložky'!J35 -> 172504.5 | AW118: ='IOX - Přeložky'!J36 -> 0 | AX118: ='IOX - Přeložky'!J37 -> 0 | AY118: ='IOX - Přeložky'!J38 -> 0 | AZ118: ='IOX - Přeložky'!F35 -> 821450 | BA118: ='IOX - Přeložky'!F36 -> 0 | BB118: ='IOX - Přeložky'!F37 -> 0 | BC118: ='IOX - Přeložky'!F38 -> 0 | BD118: ='IOX - Přeložky'!F39 -> 0 | BT118: 2 | BV118: IMPORT | BW118: {376ee8c7-f9a0-484d-b2f6-95e352eb46c4} | BX118: {7eea07c9-6147-490a-ae1d-cabb95e0d744}
A119: / | E119: IOX05 | K119: přeložka PRE | AG119: ='IOX05 - přeložka PRE'!J32 -> 0 | AN119: =SUM(AG119,AT119) -> 0 | AQ119: Soupis | AS119: 0 | AT119: =ROUND(SUM(AV119:AW119),2) -> 0 | AU119: ='IOX05 - přeložka PRE'!P121 -> 0 | AV119: ='IOX05 - přeložka PRE'!J35 -> 0 | AW119: ='IOX05 - přeložka PRE'!J36 -> 0 | AX119: ='IOX05 - přeložka PRE'!J37 -> 0 | AY119: ='IOX05 - přeložka PRE'!J38 -> 0 | AZ119: ='IOX05 - přeložka PRE'!F35 -> 0 | BA119: ='IOX05 - přeložka PRE'!F36 -> 0 | BB119: ='IOX05 - přeložka PRE'!F37 -> 0 | BC119: ='IOX05 - přeložka PRE'!F38 -> 0 | BD119: ='IOX05 - přeložka PRE'!F39 -> 0 | BT119: 2 | BV119: IMPORT | BW119: {14ded061-1eb3-4004-b549-96c3ed41977a} | BX119: {7eea07c9-6147-490a-ae1d-cabb95e0d744}
A120: / | E120: IOX06 | K120: přeložka CETIN | AG120: ='IOX06 - přeložka CETIN'!J32 -> 0 | AN120: =SUM(AG120,AT120) -> 0 | AQ120: Soupis | AS120: 0 | AT120: =ROUND(SUM(AV120:AW120),2) -> 0 | AU120: ='IOX06 - přeložka CETIN'!P121 -> 0 | AV120: ='IOX06 - přeložka CETIN'!J35 -> 0 | AW120: ='IOX06 - přeložka CETIN'!J36 -> 0 | AX120: ='IOX06 - přeložka CETIN'!J37 -> 0 | AY120: ='IOX06 - přeložka CETIN'!J38 -> 0 | AZ120: ='IOX06 - přeložka CETIN'!F35 -> 0 | BA120: ='IOX06 - přeložka CETIN'!F36 -> 0 | BB120: ='IOX06 - přeložka CETIN'!F37 -> 0 | BC120: ='IOX06 - přeložka CETIN'!F38 -> 0 | BD120: ='IOX06 - přeložka CETIN'!F39 -> 0 | BT120: 2 | BV120: IMPORT | BW120: {30623bd4-7672-46ea-882c-02b564c57c07} | BX120: {7eea07c9-6147-490a-ae1d-cabb95e0d744}
A121: / | E121: S041 | K121: Sadové úpravy a kácení | AG121: ='S041 - Sadové úpravy a ká...'!J32 -> 1552321.9 | AN121: =SUM(AG121,AT121) -> 1878309.6 | AQ121: Soupis | AS121: 0 | AT121: =ROUND(SUM(AV121:AW121),2) -> 325987.61 | AU121: ='S041 - Sadové úpravy a ká...'!P122 -> 0 | AV121: ='S041 - Sadové úpravy a ká...'!J35 -> 325987.61 | AW121: ='S041 - Sadové úpravy a ká...'!J36 -> 0 | AX121: ='S041 - Sadové úpravy a ká...'!J37 -> 0 | AY121: ='S041 - Sadové úpravy a ká...'!J38 -> 0 | AZ121: ='S041 - Sadové úpravy a ká...'!F35 -> 1552321.9 | BA121: ='S041 - Sadové úpravy a ká...'!F36 -> 0 | BB121: ='S041 - Sadové úpravy a ká...'!F37 -> 0 | BC121: ='S041 - Sadové úpravy a ká...'!F38 -> 0 | BD121: ='S041 - Sadové úpravy a ká...'!F39 -> 0 | BT121: 2 | BV121: IMPORT | BW121: {c68ff8eb-ced9-4701-a990-a7c95f576625} | BX121: {7eea07c9-6147-490a-ae1d-cabb95e0d744}
A122: / | E122: S044 | K122: Drobná venkovná architektura | AG122: ='S044 - Drobná venkovná ar...'!J32 -> 2080855 | AN122: =SUM(AG122,AT122) -> 2517834.5 | AQ122: Soupis | AS122: 0 | AT122: =ROUND(SUM(AV122:AW122),2) -> 436979.55 | AU122: ='S044 - Drobná venkovná ar...'!P121 -> 0 | AV122: ='S044 - Drobná venkovná ar...'!J35 -> 436979.55 | AW122: ='S044 - Drobná venkovná ar...'!J36 -> 0 | AX122: ='S044 - Drobná venkovná ar...'!J37 -> 0 | AY122: ='S044 - Drobná venkovná ar...'!J38 -> 0 | AZ122: ='S044 - Drobná venkovná ar...'!F35 -> 2080855 | BA122: ='S044 - Drobná venkovná ar...'!F36 -> 0 | BB122: ='S044 - Drobná venkovná ar...'!F37 -> 0 | BC122: ='S044 - Drobná venkovná ar...'!F38 -> 0 | BD122: ='S044 - Drobná venkovná ar...'!F39 -> 0 | BT122: 2 | BV122: IMPORT | BW122: {dd358f9e-ad25-4fe8-895c-b0a5cb6aa627} | BX122: {7eea07c9-6147-490a-ae1d-cabb95e0d744}
A123: / | E123: SO10 | K123: Komunikace, zpevněné plochy a dopravní značení | AG123: ='SO10 - Komunikace, zpevně...'!J32 -> 2726480.5 | AN123: =SUM(AG123,AT123) -> 3299041.4 | AQ123: Soupis | AS123: 0 | AT123: =ROUND(SUM(AV123:AW123),2) -> 572560.9 | AU123: ='SO10 - Komunikace, zpevně...'!P126 -> 0 | AV123: ='SO10 - Komunikace, zpevně...'!J35 -> 572560.9 | AW123: ='SO10 - Komunikace, zpevně...'!J36 -> 0 | AX123: ='SO10 - Komunikace, zpevně...'!J37 -> 0 | AY123: ='SO10 - Komunikace, zpevně...'!J38 -> 0 | AZ123: ='SO10 - Komunikace, zpevně...'!F35 -> 2726480.5 | BA123: ='SO10 - Komunikace, zpevně...'!F36 -> 0 | BB123: ='SO10 - Komunikace, zpevně...'!F37 -> 0 | BC123: ='SO10 - Komunikace, zpevně...'!F38 -> 0 | BD123: ='SO10 - Komunikace, zpevně...'!F39 -> 0 | BT123: 2 | BV123: IMPORT | BW123: {c403ff3a-58cd-4272-a7c4-bc3c622904d3} | BX123: {7eea07c9-6147-490a-ae1d-cabb95e0d744}
A124: / | E124: SO21 | K124: Venkovní osvětlení | AG124: ='SO21 - Venkovní osvětlení'!J32 -> 530700 | AN124: =SUM(AG124,AT124) -> 610305 | AQ124: Soupis | AS124: 0 | AT124: =ROUND(SUM(AV124:AW124),2) -> 79605 | AU124: ='SO21 - Venkovní osvětlení'!P125 -> 0 | AV124: ='SO21 - Venkovní osvětlení'!J35 -> 0 | AW124: ='SO21 - Venkovní osvětlení'!J36 -> 79605 | AX124: ='SO21 - Venkovní osvětlení'!J37 -> 0 | AY124: ='SO21 - Venkovní osvětlení'!J38 -> 0 | AZ124: ='SO21 - Venkovní osvětlení'!F35 -> 0 | BA124: ='SO21 - Venkovní osvětlení'!F36 -> 530700 | BB124: ='SO21 - Venkovní osvětlení'!F37 -> 0 | BC124: ='SO21 - Venkovní osvětlení'!F38 -> 0 | BD124: ='SO21 - Venkovní osvětlení'!F39 -> 0 | BT124: 2 | BV124: IMPORT | BW124: {919e6489-5d9b-4aa4-a5ea-2d087705e48e} | BX124: {7eea07c9-6147-490a-ae1d-cabb95e0d744}
A125: / | E125: SO31 | K125: Příprava území | AG125: ='SO31 - Příprava území'!J32 -> 420840 | AN125: =SUM(AG125,AT125) -> 509216.4 | AQ125: Soupis | AS125: 0 | AT125: =ROUND(SUM(AV125:AW125),2) -> 88376.4 | AU125: ='SO31 - Příprava území'!P123 -> 0 | AV125: ='SO31 - Příprava území'!J35 -> 88376.4 | AW125: ='SO31 - Příprava území'!J36 -> 0 | AX125: ='SO31 - Příprava území'!J37 -> 0 | AY125: ='SO31 - Příprava území'!J38 -> 0 | AZ125: ='SO31 - Příprava území'!F35 -> 420840 | BA125: ='SO31 - Příprava území'!F36 -> 0 | BB125: ='SO31 - Příprava území'!F37 -> 0 | BC125: ='SO31 - Příprava území'!F38 -> 0 | BD125: ='SO31 - Příprava území'!F39 -> 0 | BT125: 2 | BV125: IMPORT | BW125: {bf81bd70-02b3-46d9-94f0-3e80ee027c41} | BX125: {7eea07c9-6147-490a-ae1d-cabb95e0d744}

Sheet 00 - Vedlejší a ostatní n...
AT2: {ffb2632c-9a12-46c0-9a7a-cc4af88f22d9}
AT3: 2
D4: KRYCÍ LIST SOUPISU PRACÍ | M4: v --- níže se nacházejí doplnkové a pomocné údaje k sestavám --- v | AT4: False
D6: Stavba:
E7: ='Rekapitulace stavby'!K6 -> Bytový soubor Libuše
D8: Objekt:
E9: 00 - Vedlejší a ostatní náklady
D11: KSO: | I11: CC-CZ:
D12: Místo: | F12: Praha | I12: Datum: | J12: ='Rekapitulace stavby'!AN8 -> 45000
D14: Zadavatel: | I14: IČ:
E15: VELTON REAL ESTATE | I15: DIČ:
D17: Uchazeč: | I17: IČ: | J17: ='Rekapitulace stavby'!AN13 -> 08004013
E18: ='Rekapitulace stavby'!E14 -> DMG Stav a.s. | I18: DIČ: | J18: ='Rekapitulace stavby'!AN14 -> CZ 08004013
D20: Projektant: | I20: IČ:
E21: ABMV World s.r.o | I21: DIČ:
D23: Zpracovatel: | I23: IČ:
E24: QSB s.r.o. | I24: DIČ:
D26: Poznámka:
D30: Cena bez DPH | J30: =ROUND(J122,2) -> 9759000
F32: Základ daně | I32: Sazba daně | J32: Výše daně
D33: DPH | E33: základní | F33: =ROUND((SUM(BE122:BE147)),2) -> 9759000 | I33: 0.21 | J33: =ROUND(((SUM(BE122:BE147))*I33),2) -> 2049390
E34: snížená | F34: =ROUND((SUM(BF122:BF147)),2) -> 0 | I34: 0.15 | J34: =ROUND(((SUM(BF122:BF147))*I34),2) -> 0
E35: zákl. přenesená | F35: =ROUND((SUM(BG122:BG147)),2) -> 0 | I35: 0.21 | J35: =0 -> 0
E36: sníž. přenesená | F36: =ROUND((SUM(BH122:BH147)),2) -> 0 | I36: 0.15 | J36: =0 -> 0
E37: nulová | F37: =ROUND((SUM(BI122:BI147)),2) -> 0 | I37: 0 | J37: =0 -> 0
D39: Cena s DPH | G39: v | H39: CZK | J39: =SUM(J30:J37) -> 11808390
D50: Projektant | G50: Zpracovatel
D61: Datum a podpis: | F61: Razítko | G61: Datum a podpis: | J61: Razítko
D65: Objednavatel | G65: Uchazeč
D76: Datum a podpis: | F76: Razítko | G76: Datum a podpis: | J76: Razítko
C82: REKAPITULACE ČLENĚNÍ SOUPISU PRACÍ
C84: Stavba:
E85: =E7 -> Bytový soubor Libuše
C86: Objekt:
E87: =E9 -> 00 - Vedlejší a ostatní náklady
C89: Místo: | F89: =F12 -> Praha | I89: Datum: | J89: =IF(J12="","",J12) -> 45000
C91: Zadavatel: | F91: =E15 -> VELTON REAL ESTATE | I91: Projektant: | J91: =E21 -> ABMV World s.r.o
C92: Uchazeč: | F92: =IF(E18="","",E18) -> DMG Stav a.s. | I92: Zpracovatel: | J92: =E24 -> QSB s.r.o.
C94: Kód dílu - Popis | J94: Cena celkem [CZK]
C96: Náklady ze soupisu prací | J96: =J122 -> 9759000 | AU96: -1
D97: VRN - Vedlejší rozpočtové náklady | J97: =J123 -> 9759000
D98: VRN1 - Průzkumné, geodetické a projektové práce | J98: =J124 -> 304000
D99: VRN3 - Zařízení staveniště | J99: =J131 -> 6970000
D100: VRN4 - Inženýrská činnost | J100: =J134 -> 355000
D101: VRN6 - Územní vlivy | J101: =J143 -> 1750000
D102: VRN7 - Provozní vlivy | J102: =J145 -> 380000
C109: SOUPIS PRACÍ
C111: Stavba:
E112: =E7 -> Bytový soubor Libuše
C113: Objekt:
E114: =E9 -> 00 - Vedlejší a ostatní náklady
C116: Místo: | F116: =F12 -> Praha | I116: Datum: | J116: =IF(J12="","",J12) -> 45000
C118: Zadavatel: | F118: =E15 -> VELTON REAL ESTATE | I118: Projektant: | J118: =E21 -> ABMV World s.r.o
C119: Uchazeč: | F119: =IF(E18="","",E18) -> DMG Stav a.s. | I119: Zpracovatel: | J119: =E24 -> QSB s.r.o.
C121: PČ | D121: Typ | E121: Kód | F121: Popis | G121: MJ | H121: Množství | I121: J.cena [CZK] | J121: Cena celkem [CZK] | K121: Cenová soustava | N121: DPH | O121: J. Nh [h] | P121: Nh celkem [h] | Q121: J. hmotnost [t] | R121: Hmotnost celkem [t] | S121: J. suť [t] | T121: Suť Celkem [t]
C122: Náklady soupisu celkem | J122: =BK122 -> 9759000 | P122: =P123 -> 0 | R122: =R123 -> 0 | T122: =T123 -> 0 | AT122: D | AU122: -1 | BK122: =BK123 -> 9759000
D123: D | E123: VRN | F123: Vedlejší rozpočtové náklady | J123: =BK123 -> 9759000 | P123: =P124+P131+P134+P143+P145 -> 0 | R123: =R124+R131+R134+R143+R145 -> 0 | T123: =T124+T131+T134+T143+T145 -> 0 | AR123: 5 | AT123: D | AU123: 0 | AY123: ROZPOCET | BK123: =BK124+BK131+BK134+BK143+BK145 -> 9759000
D124: D | E124: VRN1 | F124: Průzkumné, geodetické a projektové práce | J124: =BK124 -> 304000 | P124: =SUM(P125:P130) -> 0 | R124: =SUM(R125:R130) -> 0 | T124: =SUM(T125:T130) -> 0 | AR124: 5 | AT124: D | AU124: 1 | AY124: ROZPOCET | BK124: =SUM(BK125:BK130) -> 304000
C125: 1 | D125: K | E125: 013R1.A | F125: Pasportizace stávajícího objektu a okolních objektů před zahájením stavebních prací | G125: kpl. | H125: 1 | I125: 20000 | J125: =ROUND(I125*H125,2) -> 20000 | N125: základní | P125: =O125*H125 -> 0 | Q125: 0 | R125: =Q125*H125 -> 0 | S125: 0 | T125: =S125*H125 -> 0 | AR125: 4 | AT125: K | AU125: 2 | AY125: ROZPOCET | BE125: =IF(N125="základní",J125,0) -> 20000 | BF125: =IF(N125="snížená",J125,0) -> 0 | BG125: =IF(N125="zákl. přenesená",J125,0) -> 0 | BH125: =IF(N125="sníž. přenesená",J125,0) -> 0 | BI125: =IF(N125="nulová",J125,0) -> 0 | BJ125: 1 | BK125: =ROUND(I125*H125,2) -> 20000 | BL125: 4 | BM125: -1748255448
C126: 2 | D126: K | E126: 013R2.A | F126: Sledování stavu během realizace, pravidelná fotodokumentace objektů a sousedních objektů (např. komunikací) | G126: kpl. | H126: 1 | I126: 40000 | J126: =ROUND(I126*H126,2) -> 40000 | N126: základní | P126: =O126*H126 -> 0 | Q126: 0 | R126: =Q126*H126 -> 0 | S126: 0 | T126: =S126*H126 -> 0 | AR126: 4 | AT126: K | AU126: 2 | AY126: ROZPOCET | BE126: =IF(N126="základní",J126,0) -> 40000 | BF126: =IF(N126="snížená",J126,0) -> 0 | BG126: =IF(N126="zákl. přenesená",J126,0) -> 0 | BH126: =IF(N126="sníž. přenesená",J126,0) -> 0 | BI126: =IF(N126="nulová",J126,0) -> 0 | BJ126: 1 | BK126: =ROUND(I126*H126,2) -> 40000 | BL126: 4 | BM126: 1349792875
C127: 3 | D127: K | E127: 012203000X.A | F127: Geodetické práce při provádění stavby a po dokončení vč. zpracování geometrického plánu | G127: soub. | H127: 1 | I127: 45000 | J127: =ROUND(I127*H127,2) -> 45000 | N127: základní | P127: =O127*H127 -> 0 | Q127: 0 | R127: =Q127*H127 -> 0 | S127: 0 | T127: =S127*H127 -> 0 | AR127: 4 | AT127: K | AU127: 2 | AY127: ROZPOCET | BE127: =IF(N127="základní",J127,0) -> 45000 | BF127: =IF(N127="snížená",J127,0) -> 0 | BG127: =IF(N127="zákl. přenesená",J127,0) -> 0 | BH127: =IF(N127="sníž. přenesená",J127,0) -> 0 | BI127: =IF(N127="nulová",J127,0) -> 0 | BJ127: 1 | BK127: =ROUND(I127*H127,2) -> 45000 | BL127: 4 | BM127: -1091255160
D128: P | F128: Poznámka k položce:_x000D_ #39;amp;quot;Poznámka k položce:_x000D_ Práce potřebné dodavatelem pro realizaci díla, před zahájením prací, během realizace a vč. konečného zaměření dokončeného stavu a vypracování geometrického plánu.#39;amp;quot; | AT128: P | AU128: 2
C129: 4 | D129: K | E129: R02400.A | F129: Vytyčení stavby a sítí včetně zaměření skutečného stavu IS před a po realizaci | G129: kpl. | H129: 1 | I129: 24000 | J129: =ROUND(I129*H129,2) -> 24000 | N129: základní | P129: =O129*H129 -> 0 | Q129: 0 | R129: =Q129*H129 -> 0 | S129: 0 | T129: =S129*H129 -> 0 | AR129: 4 | AT129: K | AU129: 2 | AY129: ROZPOCET | BE129: =IF(N129="základní",J129,0) -> 24000 | BF129: =IF(N129="snížená",J129,0) -> 0 | BG129: =IF(N129="zákl. přenesená",J129,0) -> 0 | BH129: =IF(N129="sníž. přenesená",J129,0) -> 0 | BI129: =IF(N129="nulová",J129,0) -> 0 | BJ129: 1 | BK129: =ROUND(I129*H129,2) -> 24000 | BL129: 4 | BM129: 819492384
C130: 5 | D130: K | E130: 013254000 | F130: Dokumentace skutečného provedení stavby | G130: kpl | H130: 1 | I130: 175000 | J130: =ROUND(I130*H130,2) -> 175000 | N130: základní | P130: =O130*H130 -> 0 | Q130: 0 | R130: =Q130*H130 -> 0 | S130: 0 | T130: =S130*H130 -> 0 | AR130: 1024 | AT130: K | AU130: 2 | AY130: ROZPOCET | BE130: =IF(N130="základní",J130,0) -> 175000 | BF130: =IF(N130="snížená",J130,0) -> 0 | BG130: =IF(N130="zákl. přenesená",J130,0) -> 0 | BH130: =IF(N130="sníž. přenesená",J130,0) -> 0 | BI130: =IF(N130="nulová",J130,0) -> 0 | BJ130: 1 | BK130: =ROUND(I130*H130,2) -> 175000 | BL130: 1024 | BM130: -976897516
D131: D | E131: VRN3 | F131: Zařízení staveniště | J131: =BK131 -> 6970000 | P131: =SUM(P132:P133) -> 0 | R131: =SUM(R132:R133) -> 0 | T131: =SUM(T132:T133) -> 0 | AR131: 5 | AT131: D | AU131: 1 | AY131: ROZPOCET | BK131: =SUM(BK132:BK133) -> 6970000
C132: 6 | D132: K | E132: 030001000 | F132: Zařízení staveniště | G132: kpl | H132: 1 | I132: 6970000 | J132: =ROUND(I132*H132,2) -> 6970000 | N132: základní | P132: =O132*H132 -> 0 | Q132: 0 | R132: =Q132*H132 -> 0 | S132: 0 | T132: =S132*H132 -> 0 | AR132: 1024 | AT132: K | AU132: 2 | AY132: ROZPOCET | BE132: =IF(N132="základní",J132,0) -> 6970000 | BF132: =IF(N132="snížená",J132,0) -> 0 | BG132: =IF(N132="zákl. přenesená",J132,0) -> 0 | BH132: =IF(N132="sníž. přenesená",J132,0) -> 0 | BI132: =IF(N132="nulová",J132,0) -> 0 | BJ132: 1 | BK132: =ROUND(I132*H132,2) -> 6970000 | BL132: 1024 | BM132: -1877957943
D133: P | F133: Poznámka k položce:_x000D_ Připojení staveniště na inženýrské sítě a spotřeba energií, oplocení (v neprůvětrném provedení v=2,0m) a označení staveniště, průběžný úklid staveniště a okolních ploch veřejných komunikací (zřízení místa pro čištění vozidel pořed výjezdem ze staveniště), zřízení, odstranění a údržba kompletního ZS vč. vybavených buněk pro zástupce investora a pro kontrolní dny, stavební výtahy a ostatní mechanizace - viz plán ZOV._x000D_ _x000D_ Pozn. Staveniště bude napojeno z TS 2053. Staveništní přípojka bude opatřena měřením odebrané elektrické energie. Voda potřebná pro staveniště bude před vybudováním přípojky zabezpečena pomocí cisteren. Po vybudování nové vodovodní přípojky pro navrhované objekty bude staveniště napojeno na jednu z těchto přípojek vody. Staveništní přípojka bude opatřena vodoměrem. | AT133: P | AU133: 2
D134: D | E134: VRN4 | F134: Inženýrská činnost | J134: =BK134 -> 355000 | P134: =SUM(P135:P142) -> 0 | R134: =SUM(R135:R142) -> 0 | T134: =SUM(T135:T142) -> 0 | AR134: 5 | AT134: D | AU134: 1 | AY134: ROZPOCET | BK134: =SUM(BK135:BK142) -> 355000
C135: 7 | D135: K | E135: 043002000.A | F135: Zkoušky a ostatní měření | G135: kpl. | H135: 1 | I135: 75000 | J135: =ROUND(I135*H135,2) -> 75000 | N135: základní | P135: =O135*H135 -> 0 | Q135: 0 | R135: =Q135*H135 -> 0 | S135: 0 | T135: =S135*H135 -> 0 | AR135: 4 | AT135: K | AU135: 2 | AY135: ROZPOCET | BE135: =IF(N135="základní",J135,0) -> 75000 | BF135: =IF(N135="snížená",J135,0) -> 0 | BG135: =IF(N135="zákl. přenesená",J135,0) -> 0 | BH135: =IF(N135="sníž. přenesená",J135,0) -> 0 | BI135: =IF(N135="nulová",J135,0) -> 0 | BJ135: 1 | BK135: =ROUND(I135*H135,2) -> 75000 | BL135: 4 | BM135: 56043347
D136: P | F136: Poznámka k položce:_x000D_ #39;amp;quot;Poznámka k položce:_x000D_ Zajištění veškerých zkoušek, měření, revizí a potřebných kontrol vč. patřičných protokolů o zkouškách, revizních zpráv, kontrolních protokolů, protokolů měření atd. potřebných pro kolaudaci.#39;amp;quot; | AT136: P | AU136: 2
C137: 8 | D137: K | E137: 043002R2.A | F137: Náklady na zajištění BOZP na pracovišti dodavatelem (součinnost s BOZP investora) | G137: kpl. | H137: 1 | I137: 130000 | J137: =ROUND(I137*H137,2) -> 130000 | N137: základní | P137: =O137*H137 -> 0 | Q137: 0 | R137: =Q137*H137 -> 0 | S137: 0 | T137: =S137*H137 -> 0 | AR137: 4 | AT137: K | AU137: 2 | AY137: ROZPOCET | BE137: =IF(N137="základní",J137,0) -> 130000 | BF137: =IF(N137="snížená",J137,0) -> 0 | BG137: =IF(N137="zákl. přenesená",J137,0) -> 0 | BH137: =IF(N137="sníž. přenesená",J137,0) -> 0 | BI137: =IF(N137="nulová",J137,0) -> 0 | BJ137: 1 | BK137: =ROUND(I137*H137,2) -> 130000 | BL137: 4 | BM137: 536198536
D138: P | F138: Poznámka k položce:_x000D_ #39;amp;quot;Poznámka k položce:_x000D_ Instalace bodů 14ks bodů + nulté měření+ náhrada bodu v případě poškození.#39;amp;quot; | AT138: P | AU138: 2
C139: 9 | D139: K | E139: 043002R3.A | F139: Návrhy a projednání záborů a DIO | G139: kpl. | H139: 1 | I139: 120000 | J139: =ROUND(I139*H139,2) -> 120000 | N139: základní | P139: =O139*H139 -> 0 | Q139: 0 | R139: =Q139*H139 -> 0 | S139: 0 | T139: =S139*H139 -> 0 | AR139: 4 | AT139: K | AU139: 2 | AY139: ROZPOCET | BE139: =IF(N139="základní",J139,0) -> 120000 | BF139: =IF(N139="snížená",J139,0) -> 0 | BG139: =IF(N139="zákl. přenesená",J139,0) -> 0 | BH139: =IF(N139="sníž. přenesená",J139,0) -> 0 | BI139: =IF(N139="nulová",J139,0) -> 0 | BJ139: 1 | BK139: =ROUND(I139*H139,2) -> 120000 | BL139: 4 | BM139: 872302961
D140: P | F140: Poznámka k položce:_x000D_ #39;amp;quot;Poznámka k položce:_x000D_ Instalace bodů 14ks bodů + nulté měření+ náhrada bodu v případě poškození.#39;amp;quot; | AT140: P | AU140: 2
C141: 10 | D141: K | E141: 045002000.A | F141: Kompletační a koordinační činnost | G141: kpl. | H141: 1 | I141: 30000 | J141: =ROUND(I141*H141,2) -> 30000 | N141: základní | P141: =O141*H141 -> 0 | Q141: 0 | R141: =Q141*H141 -> 0 | S141: 0 | T141: =S141*H141 -> 0 | AR141: 4 | AT141: K | AU141: 2 | AY141: ROZPOCET | BE141: =IF(N141="základní",J141,0) -> 30000 | BF141: =IF(N141="snížená",J141,0) -> 0 | BG141: =IF(N141="zákl. přenesená",J141,0) -> 0 | BH141: =IF(N141="sníž. přenesená",J141,0) -> 0 | BI141: =IF(N141="nulová",J141,0) -> 0 | BJ141: 1 | BK141: =ROUND(I141*H141,2) -> 30000 | BL141: 4 | BM141: -1428917146
D142: P | F142: Poznámka k položce:_x000D_ #39;amp;quot;Poznámka k položce:_x000D_ Zajištění součinnosti a všech potřebných dokladů při uvádění do provozu a kolaudaci.#39;amp;quot; | AT142: P | AU142: 2
D143: D | E143: VRN6 | F143: Územní vlivy | J143: =BK143 -> 1750000 | P143: =P144 -> 0 | R143: =R144 -> 0 | T143: =T144 -> 0 | AR143: 4 | AT143: D | AU143: 1 | AY143: ROZPOCET | BK143: =BK144 -> 1750000
C144: 11 | D144: K | E144: 060001000.A | F144: Územní vlivy, realizace záborů, DIO, DIR | G144: Kč | H144: 1 | I144: 1750000 | J144: =ROUND(I144*H144,2) -> 1750000 | N144: základní | P144: =O144*H144 -> 0 | Q144: 0 | R144: =Q144*H144 -> 0 | S144: 0 | T144: =S144*H144 -> 0 | AR144: 4 | AT144: K | AU144: 2 | AY144: ROZPOCET | BE144: =IF(N144="základní",J144,0) -> 1750000 | BF144: =IF(N144="snížená",J144,0) -> 0 | BG144: =IF(N144="zákl. přenesená",J144,0) -> 0 | BH144: =IF(N144="sníž. přenesená",J144,0) -> 0 | BI144: =IF(N144="nulová",J144,0) -> 0 | BJ144: 1 | BK144: =ROUND(I144*H144,2) -> 1750000 | BL144: 4 | BM144: 1544725129
D145: D | E145: VRN7 | F145: Provozní vlivy | J145: =BK145 -> 380000 | P145: =SUM(P146:P147) -> 0 | R145: =SUM(R146:R147) -> 0 | T145: =SUM(T146:T147) -> 0 | AR145: 4 | AT145: D | AU145: 1 | AY145: ROZPOCET | BK145: =SUM(BK146:BK147) -> 380000
C146: 12 | D146: K | E146: 070001000.A | F146: Provozní vlivy | G146: kpl. | H146: 1 | I146: 380000 | J146: =ROUND(I146*H146,2) -> 380000 | N146: základní | P146: =O146*H146 -> 0 | Q146: 0 | R146: =Q146*H146 -> 0 | S146: 0 | T146: =S146*H146 -> 0 | AR146: 4 | AT146: K | AU146: 2 | AY146: ROZPOCET | BE146: =IF(N146="základní",J146,0) -> 380000 | BF146: =IF(N146="snížená",J146,0) -> 0 | BG146: =IF(N146="zákl. přenesená",J146,0) -> 0 | BH146: =IF(N146="sníž. přenesená",J146,0) -> 0 | BI146: =IF(N146="nulová",J146,0) -> 0 | BJ146: 1 | BK146: =ROUND(I146*H146,2) -> 380000 | BL146: 4 | BM146: -1705165672
D147: P | F147: Poznámka k položce:_x000D_ Realizace stavby v městské zástavbě, nutno dodržovat povolené hladiny hluku pro dané období stanovené v NV č. 148/2006 Sb. o ochraně zdraví před nepříznivými účinky hluku a vibrací | AT147: P | AU147: 2

Sheet 100 - Architektonicko-sta...
AT2: {519219ae-6ce4-40eb-a262-06e9229d6b1d} | AZ2: CF10 | BB2: m2 | BC2: 181,94 | BD2: 2
AT3: 2 | AZ3: FF10 | BB3: m2 | BC3: 1058,4 | BD3: 2
D4: KRYCÍ LIST SOUPISU PRACÍ | M4: v --- níže se nacházejí doplnkové a pomocné údaje k sestavám --- v | AT4: False | AZ4: FF20 | BB4: m2 | BC4: 405,86 | BD4: 2
AZ5: FF21 | BB5: m2 | BC5: 461,5 | BD5: 2
D6: Stavba: | AZ6: FF30 | BB6: m2 | BC6: 577,5 | BD6: 2
E7: ='Rekapitulace stavby'!K6 -> Bytový soubor Libuše | AZ7: FF31 | BB7: m2 | BC7: 1169,23 | BD7: 2
D8: Objekt: | AZ8: RF10 | BB8: m2 | BC8: 730,85 | BD8: 2
E9: 01 - Bytové domy A, B, C, D vč. podzemního podlaží | AZ9: RF11 | BB9: m2 | BC9: 247,51 | BD9: 2
D10: Soupis: | AZ10: RF12 | BB10: m2 | BC10: 431,26 | BD10: 2
E11: 100 - Architektonicko-stavební a konstrukční část | AZ11: RF13 | BB11: m2 | BC11: 44,6 | BD11: 2
AZ12: RF14 | BB12: m2 | BC12: 32,97 | BD12: 2
D13: KSO: | I13: CC-CZ: | AZ13: RF20 | BB13: m2 | BC13: 185,99 | BD13: 2
D14: Místo: | F14: Praha | I14: Datum: | J14: ='Rekapitulace stavby'!AN8 -> 45000 | AZ14: RF21 | BB14: m2 | BC14: 74,66 | BD14: 2
AZ15: RF22 | BB15: m2 | BC15: 30,14 | BD15: 2
D16: Zadavatel: | I16: IČ: | AZ16: vap_omi | BB16: m2 | BC16: 1217,07 | BD16: 2
E17: VELTON REAL ESTATE | I17: DIČ: | AZ17: WF02 | BB17: m2 | BC17: 281,062 | BD17: 2
AZ18: WF03 | BB18: m2 | BC18: 84,525 | BD18: 2
D19: Uchazeč: | I19: IČ: | J19: ='Rekapitulace stavby'!AN13 -> 08004013 | AZ19: WF17_omi | BB19: m2 | BC19: 71,016 | BD19: 2
E20: ='Rekapitulace stavby'!E14 -> DMG Stav a.s. | I20: DIČ: | J20: ='Rekapitulace stavby'!AN14 -> CZ 08004013 | AZ20: WF18_omi | BB20: m2 | BC20: 28,829 | BD20: 2
AZ21: WF19_omi | BB21: m2 | BC21: 12,862 | BD21: 2
D22: Projektant: | I22: IČ: | AZ22: WF22 | BB22: m2 | BC22: 183,6 | BD22: 2
E23: ABMV World s.r.o | I23: DIČ:
D25: Zpracovatel: | I25: IČ:
E26: QSB s.r.o. | I26: DIČ:
D28: Poznámka:
D32: Cena bez DPH | J32: =ROUND(J148,2) -> 1.8365574e+08
F34: Základ daně | I34: Sazba daně | J34: Výše daně
D35: DPH | E35: základní | F35: =ROUND((SUM(BE148:BE2681)),2) -> 1.8365574e+08 | I35: 0.21 | J35: =ROUND(((SUM(BE148:BE2681))*I35),2) -> 38567706
E36: snížená | F36: =ROUND((SUM(BF148:BF2681)),2) -> 0 | I36: 0.15 | J36: =ROUND(((SUM(BF148:BF2681))*I36),2) -> 0
E37: zákl. přenesená | F37: =ROUND((SUM(BG148:BG2681)),2) -> 0 | I37: 0.21 | J37: =0 -> 0
E38: sníž. přenesená | F38: =ROUND((SUM(BH148:BH2681)),2) -> 0 | I38: 0.15 | J38: =0 -> 0
E39: nulová | F39: =ROUND((SUM(BI148:BI2681)),2) -> 0 | I39: 0 | J39: =0 -> 0
D41: Cena s DPH | G41: v | H41: CZK | J41: =SUM(J32:J39) -> 2.2222345e+08
D50: Projektant | G50: Zpracovatel
D61: Datum a podpis: | F61: Razítko | G61: Datum a podpis: | J61: Razítko
D65: Objednavatel | G65: Uchazeč
D76: Datum a podpis: | F76: Razítko | G76: Datum a podpis: | J76: Razítko
C82: REKAPITULACE ČLENĚNÍ SOUPISU PRACÍ
C84: Stavba:
E85: =E7 -> Bytový soubor Libuše
C86: Objekt:
E87: 01 - Bytové domy A, B, C, D vč. podzemního podlaží
C88: Soupis:
E89: =E11 -> 100 - Architektonicko-stavební a konstrukční část
C91: Místo: | F91: =F14 -> Praha | I91: Datum: | J91: =IF(J14="","",J14) -> 45000
C93: Zadavatel: | F93: =E17 -> VELTON REAL ESTATE | I93: Projektant: | J93: =E23 -> ABMV World s.r.o
C94: Uchazeč: | F94: =IF(E20="","",E20) -> DMG Stav a.s. | I94: Zpracovatel: | J94: =E26 -> QSB s.r.o.
C96: Kód dílu - Popis | J96: Cena celkem [CZK]
C98: Náklady ze soupisu prací | J98: =J148 -> 1.8365574e+08 | AU98: -1
D99: HSV - Práce a dodávky HSV | J99: =J149 -> 1.3737471e+08
D100: 1 - Zemní práce | J100: =J150 -> 17743568
D101: 2 - Zakládání | J101: =J212 -> 17547278
D102: 3 - Svislé a kompletní konstrukce | J102: =J283 -> 41373313
D103: 4 - Vodorovné konstrukce | J103: =J588 -> 43097306
D104: 6 - Úpravy povrchů, podlahy a osazování výplní | J104: =J934 -> 8994668
D105: 9 - Ostatní konstrukce a práce, bourání | J105: =J1040 -> 5012594.3
D106: 998 - Přesun hmot | J106: =J1219 -> 3605987.1
D107: PSV - Práce a dodávky PSV | J107: =J1221 -> 46281028
D108: V01 - Vnitřní dveře | J108: =J1222 -> 8800000
D109: V02 - Okna | J109: =J1803 -> 2667800
D110: V03 - Prosklené příčky - exteriérové | J110: =J1838 -> 3673000
D111: 711 - Izolace proti vodě, vlhkosti a plynům | J111: =J1877 -> 328676.13
D112: 712 - Povlakové krytiny | J112: =J1911 -> 824360.26
D113: 713 - Izolace tepelné | J113: =J1956 -> 4322800.7
D114: 715 - Izolace proti chemickým vlivům | J114: =J2114 -> 320767.33
D115: 762 - Konstrukce tesařské | J115: =J2127 -> 377333.95
D116: 763 - Konstrukce suché výstavby | J116: =J2172 -> 5356132.5
D117: 764 - Konstrukce klempířské | J117: =J2270 -> 505769.96
D118: 765 - Krytina skládaná | J118: =J2295 -> 3110699.3
D119: 767 - Konstrukce zámečnické | J119: =J2319 -> 774771.94
D120: 771 - Podlahy z dlaždic | J120: =J2341 -> 2738285.8
D121: 775 - Podlahy skládané | J121: =J2453 -> 826578.61
D122: 776 - Podlahy povlakové | J122: =J2458 -> 2919791.1
D123: 781 - Dokončovací práce - obklady | J123: =J2484 -> 6234246.6
D124: 782 - Dokončovací práce - obklady z kamene | J124: =J2561 -> 376577.59
D125: 783 - Dokončovací práce - nátěry | J125: =J2570 -> 1065537.2
D126: 784 - Dokončovací práce - malby a tapety | J126: =J2632 -> 1057898.8
C133: SOUPIS PRACÍ
C135: Stavba:
E136: =E7 -> Bytový soubor Libuše
C137: Objekt:
E138: 01 - Bytové domy A, B, C, D vč. podzemního podlaží
C139: Soupis:
E140: =E11 -> 100 - Architektonicko-stavební a konstrukční část
C142: Místo: | F142: =F14 -> Praha | I142: Datum: | J142: =IF(J14="","",J14) -> 45000
C144: Zadavatel: | F144: =E17 -> VELTON REAL ESTATE | I144: Projektant: | J144: =E23 -> ABMV World s.r.o
C145: Uchazeč: | F145: =IF(E20="","",E20) -> DMG Stav a.s. | I145: Zpracovatel: | J145: =E26 -> QSB s.r.o.
C147: PČ | D147: Typ | E147: Kód | F147: Popis | G147: MJ | H147: Množství | I147: J.cena [CZK] | J147: Cena celkem [CZK] | K147: Cenová soustava | N147: DPH | O147: J. Nh [h] | P147: Nh celkem [h] | Q147: J. hmotnost [t] | R147: Hmotnost celkem [t] | S147: J. suť [t] | T147: Suť Celkem [t]
C148: Náklady soupisu celkem | J148: =BK148 -> 1.8365574e+08 | P148: =P149+P1221 -> 0 | R148: =R149+R1221 -> 11487.443 | T148: =T149+T1221 -> 0 | AT148: D | AU148: -1 | BK148: =BK149+BK1221 -> 1.8365574e+08
D149: D | E149: HSV | F149: Práce a dodávky HSV | J149: =BK149 -> 1.3737471e+08 | P149: =P150+P212+P283+P588+P934+P1040+P1219 -> 0 | R149: =R150+R212+R283+R588+R934+R1040+R1219 -> 11120.83 | T149: =T150+T212+T283+T588+T934+T1040+T1219 -> 0 | AR149: 1 | AT149: D | AU149: 0 | AY149: ROZPOCET | BK149: =BK150+BK212+BK283+BK588+BK934+BK1040+BK1219 -> 1.3737471e+08
D150: D | E150: 1 | F150: Zemní práce | J150: =BK150 -> 17743568 | P150: =SUM(P151:P211) -> 0 | R150: =SUM(R151:R211) -> 0 | T150: =SUM(T151:T211) -> 0 | AR150: 1 | AT150: D | AU150: 1 | AY150: ROZPOCET | BK150: =SUM(BK151:BK211) -> 17743568
C151: 1 | D151: K | E151: 131251207 | F151: Hloubení jam zapažených v hornině třídy těžitelnosti I skupiny 3 objem přes 5000 m3 strojně | G151: m3 | H151: 9775 | I151: 176 | J151: =ROUND(I151*H151,2) -> 1720400 | N151: základní | P151: =O151*H151 -> 0 | Q151: 0 | R151: =Q151*H151 -> 0 | S151: 0 | T151: =S151*H151 -> 0 | AR151: 4 | AT151: K | AU151: 2 | AY151: ROZPOCET | BE151: =IF(N151="základní",J151,0) -> 1720400 | BF151: =IF(N151="snížená",J151,0) -> 0 | BG151: =IF(N151="zákl. přenesená",J151,0) -> 0 | BH151: =IF(N151="sníž. přenesená",J151,0) -> 0 | BI151: =IF(N151="nulová",J151,0) -> 0 | BJ151: 1 | BK151: =ROUND(I151*H151,2) -> 1720400 | BL151: 4 | BM151: 1999030035
C152: 2 | D152: K | E152: 131351206 | F152: Hloubení jam zapažených v hornině třídy těžitelnosti II skupiny 4 objem do 5000 m3 strojně | G152: m3 | H152: 1725 | I152: 315 | J152: =ROUND(I152*H152,2) -> 543375 | N152: základní | P152: =O152*H152 -> 0 | Q152: 0 | R152: =Q152*H152 -> 0 | S152: 0 | T152: =S152*H152 -> 0 | AR152: 4 | AT152: K | AU152: 2 | AY152: ROZPOCET | BE152: =IF(N152="základní",J152,0) -> 543375 | BF152: =IF(N152="snížená",J152,0) -> 0 | BG152: =IF(N152="zákl. přenesená",J152,0) -> 0 | BH152: =IF(N152="sníž. přenesená",J152,0) -> 0 | BI152: =IF(N152="nulová",J152,0) -> 0 | BJ152: 1 | BK152: =ROUND(I152*H152,2) -> 543375 | BL152: 4 | BM152: -1393707848
C153: 3 | D153: K | E153: 162351103 | F153: Vodorovné přemístění přes 50 do 500 m výkopku/sypaniny z horniny třídy těžitelnosti I skupiny 1 až 3 | G153: m3 | H153: 5912.708 | I153: 72 | J153: =ROUND(I153*H153,2) -> 425714.98 | N153: základní | P153: =O153*H153 -> 0 | Q153: 0 | R153: =Q153*H153 -> 0 | S153: 0 | T153: =S153*H153 -> 0 | AR153: 4 | AT153: K | AU153: 2 | AY153: ROZPOCET | BE153: =IF(N153="základní",J153,0) -> 425714.98 | BF153: =IF(N153="snížená",J153,0) -> 0 | BG153: =IF(N153="zákl. přenesená",J153,0) -> 0 | BH153: =IF(N153="sníž. přenesená",J153,0) -> 0 | BI153: =IF(N153="nulová",J153,0) -> 0 | BJ153: 1 | BK153: =ROUND(I153*H153,2) -> 425714.98 | BL153: 4 | BM153: 1304400214
D154: VV | F154: "odvoz zeminy pro zásyp na mezideponii" 2956,354 | H154: 2956.354 | AT154: VV | AU154: 2 | AV154: 2 | AW154: True | AX154: 0 | AY154: ROZPOCET
D155: VV | F155: "odvoz zeminy pro zásyp z mezideponie k objektu" 2956,354 | H155: 2956.354 | AT155: VV | AU155: 2 | AV155: 2 | AW155: True | AX155: 0 | AY155: ROZPOCET
D156: VV | F156: Součet | H156: 5912.708 | AT156: VV | AU156: 2 | AV156: 4 | AW156: True | AX156: 1 | AY156: ROZPOCET
C157: 4 | D157: K | E157: 162751117 | F157: Vodorovné přemístění přes 9 000 do 10000 m výkopku/sypaniny z horniny třídy těžitelnosti I skupiny 1 až 3 | G157: m3 | H157: 6951.756 | I157: 288 | J157: =ROUND(I157*H157,2) -> 2002105.7 | N157: základní | P157: =O157*H157 -> 0 | Q157: 0 | R157: =Q157*H157 -> 0 | S157: 0 | T157: =S157*H157 -> 0 | AR157: 4 | AT157: K | AU157: 2 | AY157: ROZPOCET | BE157: =IF(N157="základní",J157,0) -> 2002105.7 | BF157: =IF(N157="snížená",J157,0) -> 0 | BG157: =IF(N157="zákl. přenesená",J157,0) -> 0 | BH157: =IF(N157="sníž. přenesená",J157,0) -> 0 | BI157: =IF(N157="nulová",J157,0) -> 0 | BJ157: 1 | BK157: =ROUND(I157*H157,2) -> 2002105.7 | BL157: 4 | BM157: -1553125119
D158: VV | F158: "hloubení jam" 9775 | H158: 9775 | AT158: VV | AU158: 2 | AV158: 2 | AW158: True | AX158: 0 | AY158: ROZPOCET
D159: VV | F159: "odečet zeminy pro zásyp" -2956,354 | H159: -2956.354 | AT159: VV | AU159: 2 | AV159: 2 | AW159: True | AX159: 0 | AY159: ROZPOCET
...

Sheet D1.410 - ZTI - Kanalizace
AT2: {84a7c1b6-7f2a-49f5-be57-afab49f93126}
AT3: 2
D4: KRYCÍ LIST SOUPISU PRACÍ | M4: v --- níže se nacházejí doplnkové a pomocné údaje k sestavám --- v | AT4: False
D6: Stavba:
E7: ='Rekapitulace stavby'!K6 -> Bytový soubor Libuše
D8: Objekt:
E9: 01 - Bytové domy A, B, C, D vč. podzemního podlaží
D10: Soupis:
E11: D1.410 - ZTI - Kanalizace
D13: KSO: | I13: CC-CZ:
D14: Místo: | F14: Praha | I14: Datum: | J14: ='Rekapitulace stavby'!AN8 -> 45000
D16: Zadavatel: | I16: IČ:
E17: VELTON REAL ESTATE | I17: DIČ:
D19: Uchazeč: | I19: IČ: | J19: ='Rekapitulace stavby'!AN13 -> 08004013
E20: ='Rekapitulace stavby'!E14 -> DMG Stav a.s. | I20: DIČ: | J20: ='Rekapitulace stavby'!AN14 -> CZ 08004013
D22: Projektant: | I22: IČ:
E23: ABMV World s.r.o | I23: DIČ:
D25: Zpracovatel: | I25: IČ:
E26: QSB s.r.o. | I26: DIČ:
D28: Poznámka:
D32: Cena bez DPH | J32: =ROUND(J130,2) -> 5975260
F34: Základ daně | I34: Sazba daně | J34: Výše daně
D35: DPH | E35: základní | F35: =ROUND((SUM(BE130:BE191)),2) -> 5975260 | I35: 0.21 | J35: =ROUND(((SUM(BE130:BE191))*I35),2) -> 1254804.6
E36: snížená | F36: =ROUND((SUM(BF130:BF191)),2) -> 0 | I36: 0.15 | J36: =ROUND(((SUM(BF130:BF191))*I36),2) -> 0
E37: zákl. přenesená | F37: =ROUND((SUM(BG130:BG191)),2) -> 0 | I37: 0.21 | J37: =0 -> 0
E38: sníž. přenesená | F38: =ROUND((SUM(BH130:BH191)),2) -> 0 | I38: 0.15 | J38: =0 -> 0
E39: nulová | F39: =ROUND((SUM(BI130:BI191)),2) -> 0 | I39: 0 | J39: =0 -> 0
D41: Cena s DPH | G41: v | H41: CZK | J41: =SUM(J32:J39) -> 7230064.6
D50: Projektant | G50: Zpracovatel
D61: Datum a podpis: | F61: Razítko | G61: Datum a podpis: | J61: Razítko
D65: Objednavatel | G65: Uchazeč
D76: Datum a podpis: | F76: Razítko | G76: Datum a podpis: | J76: Razítko
C82: REKAPITULACE ČLENĚNÍ SOUPISU PRACÍ
C84: Stavba:
E85: =E7 -> Bytový soubor Libuše
C86: Objekt:
E87: 01 - Bytové domy A, B, C, D vč. podzemního podlaží
C88: Soupis:
E89: =E11 -> D1.410 - ZTI - Kanalizace
C91: Místo: | F91: =F14 -> Praha | I91: Datum: | J91: =IF(J14="","",J14) -> 45000
C93: Zadavatel: | F93: =E17 -> VELTON REAL ESTATE | I93: Projektant: | J93: =E23 -> ABMV World s.r.o
C94: Uchazeč: | F94: =IF(E20="","",E20) -> DMG Stav a.s. | I94: Zpracovatel: | J94: =E26 -> QSB s.r.o.
C96: Kód dílu - Popis | J96: Cena celkem [CZK]
C98: Náklady ze soupisu prací | J98: =J130 -> 5975260 | AU98: -1
D99: D1 - Vnitřní kanalizace | J99: =J131 -> 5975260
D100: D2 - Potrubí v zemi | J100: =J132 -> 431400
D101: D3 - Potrubí v konstrukci | J101: =J137 -> 1605100
D102: D4 - Výtlačné potrubí | J102: =J147 -> 67250
D103: D5 - Kanalizační tvarovky a prvky | J103: =J151 -> 834200
D104: D6 - Protipožární ucpávky | J104: =J165 -> 664800
D105: D7 - Ostatní práce | J105: =J170 -> 268010
D106: D8 - Čerpací technika | J106: =J175 -> 473000
D107: D9 - Venkovní práce a objekty | J107: =J180 -> 1481500
D108: D10 - Ostatní | J108: =J190 -> 150000
C115: SOUPIS PRACÍ
C117: Stavba:
E118: =E7 -> Bytový soubor Libuše
C119: Objekt:
E120: 01 - Bytové domy A, B, C, D vč. podzemního podlaží
C121: Soupis:
E122: =E11 -> D1.410 - ZTI - Kanalizace
C124: Místo: | F124: =F14 -> Praha | I124: Datum: | J124: =IF(J14="","",J14) -> 45000
C126: Zadavatel: | F126: =E17 -> VELTON REAL ESTATE | I126: Projektant: | J126: =E23 -> ABMV World s.r.o
C127: Uchazeč: | F127: =IF(E20="","",E20) -> DMG Stav a.s. | I127: Zpracovatel: | J127: =E26 -> QSB s.r.o.
C129: PČ | D129: Typ | E129: Kód | F129: Popis | G129: MJ | H129: Množství | I129: J.cena [CZK] | J129: Cena celkem [CZK] | K129: Cenová soustava | N129: DPH | O129: J. Nh [h] | P129: Nh celkem [h] | Q129: J. hmotnost [t] | R129: Hmotnost celkem [t] | S129: J. suť [t] | T129: Suť Celkem [t]
C130: Náklady soupisu celkem | J130: =BK130 -> 5975260 | P130: =P131 -> 0 | R130: =R131 -> 0 | T130: =T131 -> 0 | AT130: D | AU130: -1 | BK130: =BK131 -> 5975260
D131: D | E131: D1 | F131: Vnitřní kanalizace | J131: =BK131 -> 5975260 | P131: =P132+P137+P147+P151+P165+P170+P175+P180+P190 -> 0 | R131: =R132+R137+R147+R151+R165+R170+R175+R180+R190 -> 0 | T131: =T132+T137+T147+T151+T165+T170+T175+T180+T190 -> 0 | AR131: 1 | AT131: D | AU131: 0 | AY131: ROZPOCET | BK131: =BK132+BK137+BK147+BK151+BK165+BK170+BK175+BK180+BK190 -> 5975260
D132: D | E132: D2 | F132: Potrubí v zemi | J132: =BK132 -> 431400 | P132: =SUM(P133:P136) -> 0 | R132: =SUM(R133:R136) -> 0 | T132: =SUM(T133:T136) -> 0 | AR132: 1 | AT132: D | AU132: 1 | AY132: ROZPOCET | BK132: =SUM(BK133:BK136) -> 431400
C133: 1 | D133: K | E133: Pol1 | F133: Plastové svodné potrubí odpadní v zemi z PP hrdlových trub KG 2000 PP, vč. tvarovek a souvisejících prací - DN200 (výkop a zásyp viz stavební přípomoce) | G133: bm | H133: 20 | I133: 1920 | J133: =ROUND(I133*H133,2) -> 38400 | N133: základní | P133: =O133*H133 -> 0 | Q133: 0 | R133: =Q133*H133 -> 0 | S133: 0 | T133: =S133*H133 -> 0 | AR133: 4 | AT133: K | AU133: 2 | AY133: ROZPOCET | BE133: =IF(N133="základní",J133,0) -> 38400 | BF133: =IF(N133="snížená",J133,0) -> 0 | BG133: =IF(N133="zákl. přenesená",J133,0) -> 0 | BH133: =IF(N133="sníž. přenesená",J133,0) -> 0 | BI133: =IF(N133="nulová",J133,0) -> 0 | BJ133: 1 | BK133: =ROUND(I133*H133,2) -> 38400 | BL133: 4 | BM133: 2
C134: 2 | D134: K | E134: Pol2 | F134: Plastové svodné potrubí odpadní v zemi z PP hrdlových trub KG 2000 PP, vč. tvarovek a souvisejících prací - DN150 (výkop a zásyp viz stavební přípomoce) | G134: bm | H134: 75 | I134: 1650 | J134: =ROUND(I134*H134,2) -> 123750 | N134: základní | P134: =O134*H134 -> 0 | Q134: 0 | R134: =Q134*H134 -> 0 | S134: 0 | T134: =S134*H134 -> 0 | AR134: 4 | AT134: K | AU134: 2 | AY134: ROZPOCET | BE134: =IF(N134="základní",J134,0) -> 123750 | BF134: =IF(N134="snížená",J134,0) -> 0 | BG134: =IF(N134="zákl. přenesená",J134,0) -> 0 | BH134: =IF(N134="sníž. přenesená",J134,0) -> 0 | BI134: =IF(N134="nulová",J134,0) -> 0 | BJ134: 1 | BK134: =ROUND(I134*H134,2) -> 123750 | BL134: 4 | BM134: 4
C135: 3 | D135: K | E135: Pol3 | F135: Plastové svodné potrubí odpadní v zemi z PP hrdlových trub KG 2000 PP, vč. tvarovek a souvisejících prací - DN125 (výkop a zásyp viz stavební přípomoce) | G135: bm | H135: 115 | I135: 1350 | J135: =ROUND(I135*H135,2) -> 155250 | N135: základní | P135: =O135*H135 -> 0 | Q135: 0 | R135: =Q135*H135 -> 0 | S135: 0 | T135: =S135*H135 -> 0 | AR135: 4 | AT135: K | AU135: 2 | AY135: ROZPOCET | BE135: =IF(N135="základní",J135,0) -> 155250 | BF135: =IF(N135="snížená",J135,0) -> 0 | BG135: =IF(N135="zákl. přenesená",J135,0) -> 0 | BH135: =IF(N135="sníž. přenesená",J135,0) -> 0 | BI135: =IF(N135="nulová",J135,0) -> 0 | BJ135: 1 | BK135: =ROUND(I135*H135,2) -> 155250 | BL135: 4 | BM135: 6
C136: 4 | D136: K | E136: Pol4 | F136: Plastové svodné potrubí odpadní v zemi z PP hrdlových trub KG 2000 PP, vč. tvarovek a souvisejících prací - DN110 (výkop a zásyp viz stavební přípomoce) | G136: bm | H136: 95 | I136: 1200 | J136: =ROUND(I136*H136,2) -> 114000 | N136: základní | P136: =O136*H136 -> 0 | Q136: 0 | R136: =Q136*H136 -> 0 | S136: 0 | T136: =S136*H136 -> 0 | AR136: 4 | AT136: K | AU136: 2 | AY136: ROZPOCET | BE136: =IF(N136="základní",J136,0) -> 114000 | BF136: =IF(N136="snížená",J136,0) -> 0 | BG136: =IF(N136="zákl. přenesená",J136,0) -> 0 | BH136: =IF(N136="sníž. přenesená",J136,0) -> 0 | BI136: =IF(N136="nulová",J136,0) -> 0 | BJ136: 1 | BK136: =ROUND(I136*H136,2) -> 114000 | BL136: 4 | BM136: 8
D137: D | E137: D3 | F137: Potrubí v konstrukci | J137: =BK137 -> 1605100 | P137: =SUM(P138:P146) -> 0 | R137: =SUM(R138:R146) -> 0 | T137: =SUM(T138:T146) -> 0 | AR137: 1 | AT137: D | AU137: 1 | AY137: ROZPOCET | BK137: =SUM(BK138:BK146) -> 1605100
C138: 5 | D138: K | E138: Pol5 | F138: Plastové potrubí z PP hrdlových trub "HT", vč. tvarovek, závěsů a souvisejících prací a stavebních přípomocí (např. drážek) - DN150 | G138: bm | H138: 70 | I138: 690 | J138: =ROUND(I138*H138,2) -> 48300 | N138: základní | P138: =O138*H138 -> 0 | Q138: 0 | R138: =Q138*H138 -> 0 | S138: 0 | T138: =S138*H138 -> 0 | AR138: 4 | AT138: K | AU138: 2 | AY138: ROZPOCET | BE138: =IF(N138="základní",J138,0) -> 48300 | BF138: =IF(N138="snížená",J138,0) -> 0 | BG138: =IF(N138="zákl. přenesená",J138,0) -> 0 | BH138: =IF(N138="sníž. přenesená",J138,0) -> 0 | BI138: =IF(N138="nulová",J138,0) -> 0 | BJ138: 1 | BK138: =ROUND(I138*H138,2) -> 48300 | BL138: 4 | BM138: 10
C139: 6 | D139: K | E139: Pol6 | F139: Plastové potrubí z PP hrdlových trub "HT", vč. tvarovek, závěsů a souvisejících prací a stavebních přípomocí (např. drážek) - DN125 | G139: bm | H139: 420 | I139: 620 | J139: =ROUND(I139*H139,2) -> 260400 | N139: základní | P139: =O139*H139 -> 0 | Q139: 0 | R139: =Q139*H139 -> 0 | S139: 0 | T139: =S139*H139 -> 0 | AR139: 4 | AT139: K | AU139: 2 | AY139: ROZPOCET | BE139: =IF(N139="základní",J139,0) -> 260400 | BF139: =IF(N139="snížená",J139,0) -> 0 | BG139: =IF(N139="zákl. přenesená",J139,0) -> 0 | BH139: =IF(N139="sníž. přenesená",J139,0) -> 0 | BI139: =IF(N139="nulová",J139,0) -> 0 | BJ139: 1 | BK139: =ROUND(I139*H139,2) -> 260400 | BL139: 4 | BM139: 12
C140: 7 | D140: K | E140: Pol7 | F140: Plastové potrubí z PP hrdlových trub "HT", vč. tvarovek, závěsů a souvisejících prací a stavebních přípomocí (např. drážek) - DN110 | G140: bm | H140: 270 | I140: 560 | J140: =ROUND(I140*H140,2) -> 151200 | N140: základní | P140: =O140*H140 -> 0 | Q140: 0 | R140: =Q140*H140 -> 0 | S140: 0 | T140: =S140*H140 -> 0 | AR140: 4 | AT140: K | AU140: 2 | AY140: ROZPOCET | BE140: =IF(N140="základní",J140,0) -> 151200 | BF140: =IF(N140="snížená",J140,0) -> 0 | BG140: =IF(N140="zákl. přenesená",J140,0) -> 0 | BH140: =IF(N140="sníž. přenesená",J140,0) -> 0 | BI140: =IF(N140="nulová",J140,0) -> 0 | BJ140: 1 | BK140: =ROUND(I140*H140,2) -> 151200 | BL140: 4 | BM140: 14
C141: 8 | D141: K | E141: Pol8 | F141: Plastové potrubí z PP hrdlových trub "HT", vč. tvarovek, závěsů a souvisejících prací a stavebních přípomocí (např. drážek) - DN75 | G141: bm | H141: 460 | I141: 450 | J141: =ROUND(I141*H141,2) -> 207000 | N141: základní | P141: =O141*H141 -> 0 | Q141: 0 | R141: =Q141*H141 -> 0 | S141: 0 | T141: =S141*H141 -> 0 | AR141: 4 | AT141: K | AU141: 2 | AY141: ROZPOCET | BE141: =IF(N141="základní",J141,0) -> 207000 | BF141: =IF(N141="snížená",J141,0) -> 0 | BG141: =IF(N141="zákl. přenesená",J141,0) -> 0 | BH141: =IF(N141="sníž. přenesená",J141,0) -> 0 | BI141: =IF(N141="nulová",J141,0) -> 0 | BJ141: 1 | BK141: =ROUND(I141*H141,2) -> 207000 | BL141: 4 | BM141: 16
C142: 9 | D142: K | E142: Pol9 | F142: Plastové potrubí z PP hrdlových trub "HT", vč. tvarovek, závěsů a souvisejících prací a stavebních přípomocí (např. drážek) - DN50 | G142: bm | H142: 550 | I142: 420 | J142: =ROUND(I142*H142,2) -> 231000 | N142: základní | P142: =O142*H142 -> 0 | Q142: 0 | R142: =Q142*H142 -> 0 | S142: 0 | T142: =S142*H142 -> 0 | AR142: 4 | AT142: K | AU142: 2 | AY142: ROZPOCET | BE142: =IF(N142="základní",J142,0) -> 231000 | BF142: =IF(N142="snížená",J142,0) -> 0 | BG142: =IF(N142="zákl. přenesená",J142,0) -> 0 | BH142: =IF(N142="sníž. přenesená",J142,0) -> 0 | BI142: =IF(N142="nulová",J142,0) -> 0 | BJ142: 1 | BK142: =ROUND(I142*H142,2) -> 231000 | BL142: 4 | BM142: 18
C143: 10 | D143: K | E143: Pol10 | F143: Plastové potrubí z PP hrdlových trub "HT", vč. tvarovek, závěsů a souvisejících prací a stavebních přípomocí (např. drážek) - DN40 | G143: bm | H143: 0 | I143: 380 | J143: =ROUND(I143*H143,2) -> 0 | N143: základní | P143: =O143*H143 -> 0 | Q143: 0 | R143: =Q143*H143 -> 0 | S143: 0 | T143: =S143*H143 -> 0 | AR143: 4 | AT143: K | AU143: 2 | AY143: ROZPOCET | BE143: =IF(N143="základní",J143,0) -> 0 | BF143: =IF(N143="snížená",J143,0) -> 0 | BG143: =IF(N143="zákl. přenesená",J143,0) -> 0 | BH143: =IF(N143="sníž. přenesená",J143,0) -> 0 | BI143: =IF(N143="nulová",J143,0) -> 0 | BJ143: 1 | BK143: =ROUND(I143*H143,2) -> 0 | BL143: 4 | BM143: 20
C144: 11 | D144: K | E144: Pol11 | F144: Plastové potrubí z PP hrdlových trub "HT", vč. tvarovek, závěsů a souvisejících prací a stavebních přípomocí (např. drážek) - DN32 | G144: bm | H144: 540 | I144: 350 | J144: =ROUND(I144*H144,2) -> 189000 | N144: základní | P144: =O144*H144 -> 0 | Q144: 0 | R144: =Q144*H144 -> 0 | S144: 0 | T144: =S144*H144 -> 0 | AR144: 4 | AT144: K | AU144: 2 | AY144: ROZPOCET | BE144: =IF(N144="základní",J144,0) -> 189000 | BF144: =IF(N144="snížená",J144,0) -> 0 | BG144: =IF(N144="zákl. přenesená",J144,0) -> 0 | BH144: =IF(N144="sníž. přenesená",J144,0) -> 0 | BI144: =IF(N144="nulová",J144,0) -> 0 | BJ144: 1 | BK144: =ROUND(I144*H144,2) -> 189000 | BL144: 4 | BM144: 22
C145: 12 | D145: K | E145: Pol12 | F145: Plastové odhlučněné potrubí z hrdlových trub, vč. tvarovek, závěsů a souvisejících prací a stavebních přípomocí (např. drážek) - DN110 | G145: bm | H145: 550 | I145: 850 | J145: =ROUND(I145*H145,2) -> 467500 | N145: základní | P145: =O145*H145 -> 0 | Q145: 0 | R145: =Q145*H145 -> 0 | S145: 0 | T145: =S145*H145 -> 0 | AR145: 4 | AT145: K | AU145: 2 | AY145: ROZPOCET | BE145: =IF(N145="základní",J145,0) -> 467500 | BF145: =IF(N145="snížená",J145,0) -> 0 | BG145: =IF(N145="zákl. přenesená",J145,0) -> 0 | BH145: =IF(N145="sníž. přenesená",J145,0) -> 0 | BI145: =IF(N145="nulová",J145,0) -> 0 | BJ145: 1 | BK145: =ROUND(I145*H145,2) -> 467500 | BL145: 4 | BM145: 24
C146: 13 | D146: K | E146: Pol13 | F146: Tepelná izolace plastového dešťového potrubí DN75 tl. 20mm (např. Mirelon) | G146: bm | H146: 390 | I146: 130 | J146: =ROUND(I146*H146,2) -> 50700 | N146: základní | P146: =O146*H146 -> 0 | Q146: 0 | R146: =Q146*H146 -> 0 | S146: 0 | T146: =S146*H146 -> 0 | AR146: 4 | AT146: K | AU146: 2 | AY146: ROZPOCET | BE146: =IF(N146="základní",J146,0) -> 50700 | BF146: =IF(N146="snížená",J146,0) -> 0 | BG146: =IF(N146="zákl. přenesená",J146,0) -> 0 | BH146: =IF(N146="sníž. přenesená",J146,0) -> 0 | BI146: =IF(N146="nulová",J146,0) -> 0 | BJ146: 1 | BK146: =ROUND(I146*H146,2) -> 50700 | BL146: 4 | BM146: 26
D147: D | E147: D4 | F147: Výtlačné potrubí | J147: =BK147 -> 67250 | P147: =SUM(P148:P150) -> 0 | R147: =SUM(R148:R150) -> 0 | T147: =SUM(T148:T150) -> 0 | AR147: 1 | AT147: D | AU147: 1 | AY147: ROZPOCET | BK147: =SUM(BK148:BK150) -> 67250
C148: 14 | D148: K | E148: Pol14 | F148: Plastové tlakové potrubí z HDPE trub se svařovanými spoji, vč. tvarovek, závěsů a souvisejících prací a stavebních přípomocí (např. drážek) - d90 | G148: bm | H148: 25 | I148: 1370 | J148: =ROUND(I148*H148,2) -> 34250 | N148: základní | P148: =O148*H148 -> 0 | Q148: 0 | R148: =Q148*H148 -> 0 | S148: 0 | T148: =S148*H148 -> 0 | AR148: 4 | AT148: K | AU148: 2 | AY148: ROZPOCET | BE148: =IF(N148="základní",J148,0) -> 34250 | BF148: =IF(N148="snížená",J148,0) -> 0 | BG148: =IF(N148="zákl. přenesená",J148,0) -> 0 | BH148: =IF(N148="sníž. přenesená",J148,0) -> 0 | BI148: =IF(N148="nulová",J148,0) -> 0 | BJ148: 1 | BK148: =ROUND(I148*H148,2) -> 34250 | BL148: 4 | BM148: 28
C149: 15 | D149: K | E149: Pol15 | F149: Plastové tlakové potrubí z HDPE trub se svařovanými spoji, vč. tvarovek, závěsů a souvisejících prací a stavebních přípomocí (např. drážek) - d63 | H149: 30 | I149: 660 | J149: =ROUND(I149*H149,2) -> 19800 | N149: základní | P149: =O149*H149 -> 0 | Q149: 0 | R149: =Q149*H149 -> 0 | S149: 0 | T149: =S149*H149 -> 0 | AR149: 4 | AT149: K | AU149: 2 | AY149: ROZPOCET | BE149: =IF(N149="základní",J149,0) -> 19800 | BF149: =IF(N149="snížená",J149,0) -> 0 | BG149: =IF(N149="zákl. přenesená",J149,0) -> 0 | BH149: =IF(N149="sníž. přenesená",J149,0) -> 0 | BI149: =IF(N149="nulová",J149,0) -> 0 | BJ149: 1 | BK149: =ROUND(I149*H149,2) -> 19800 | BL149: 4 | BM149: 30
C150: 16 | D150: K | E150: Pol16 | F150: Plastové tlakové potrubí z HDPE trub se svařovanými spoji, vč. tvarovek, závěsů a souvisejících prací a stavebních přípomocí (např. drážek) - d50 | H150: 20 | I150: 660 | J150: =ROUND(I150*H150,2) -> 13200 | N150: základní | P150: =O150*H150 -> 0 | Q150: 0 | R150: =Q150*H150 -> 0 | S150: 0 | T150: =S150*H150 -> 0 | AR150: 4 | AT150: K | AU150: 2 | AY150: ROZPOCET | BE150: =IF(N150="základní",J150,0) -> 13200 | BF150: =IF(N150="snížená",J150,0) -> 0 | BG150: =IF(N150="zákl. přenesená",J150,0) -> 0 | BH150: =IF(N150="sníž. přenesená",J150,0) -> 0 | BI150: =IF(N150="nulová",J150,0) -> 0 | BJ150: 1 | BK150: =ROUND(I150*H150,2) -> 13200 | BL150: 4 | BM150: 32
D151: D | E151: D5 | F151: Kanalizační tvarovky a prvky | J151: =BK151 -> 834200 | P151: =SUM(P152:P164) -> 0 | R151: =SUM(R152:R164) -> 0 | T151: =SUM(T152:T164) -> 0 | AR151: 1 | AT151: D | AU151: 1 | AY151: ROZPOCET | BK151: =SUM(BK152:BK164) -> 834200
C152: 17 | D152: K | E152: Pol17 | F152: Sifon pro kondenzát (např. HL138) | G152: kpl | H152: 54 | I152: 1200 | J152: =ROUND(I152*H152,2) -> 64800 | N152: základní | P152: =O152*H152 -> 0 | Q152: 0 | R152: =Q152*H152 -> 0 | S152: 0 | T152: =S152*H152 -> 0 | AR152: 4 | AT152: K | AU152: 2 | AY152: ROZPOCET | BE152: =IF(N152="základní",J152,0) -> 64800 | BF152: =IF(N152="snížená",J152,0) -> 0 | BG152: =IF(N152="zákl. přenesená",J152,0) -> 0 | BH152: =IF(N152="sníž. přenesená",J152,0) -> 0 | BI152: =IF(N152="nulová",J152,0) -> 0 | BJ152: 1 | BK152: =ROUND(I152*H152,2) -> 64800 | BL152: 4 | BM152: 34
C153: 18 | D153: K | E153: Pol18 | F153: Sifon pro pračku a myčku (např. HL4000.0+4000.1) | G153: kpl | H153: 72 | I153: 1200 | J153: =ROUND(I153*H153,2) -> 86400 | N153: základní | P153: =O153*H153 -> 0 | Q153: 0 | R153: =Q153*H153 -> 0 | S153: 0 | T153: =S153*H153 -> 0 | AR153: 4 | AT153: K | AU153: 2 | AY153: ROZPOCET | BE153: =IF(N153="základní",J153,0) -> 86400 | BF153: =IF(N153="snížená",J153,0) -> 0 | BG153: =IF(N153="zákl. přenesená",J153,0) -> 0 | BH153: =IF(N153="sníž. přenesená",J153,0) -> 0 | BI153: =IF(N153="nulová",J153,0) -> 0 | BJ153: 1 | BK153: =ROUND(I153*H153,2) -> 86400 | BL153: 4 | BM153: 36
C154: 19 | D154: K | E154: Pol19 | F154: Lapač střešních splavenin (např. HL600NHO) | G154: kpl | H154: 18 | I154: 3100 | J154: =ROUND(I154*H154,2) -> 55800 | N154: základní | P154: =O154*H154 -> 0 | Q154: 0 | R154: =Q154*H154 -> 0 | S154: 0 | T154: =S154*H154 -> 0 | AR154: 4 | AT154: K | AU154: 2 | AY154: ROZPOCET | BE154: =IF(N154="základní",J154,0) -> 55800 | BF154: =IF(N154="snížená",J154,0) -> 0 | BG154: =IF(N154="zákl. přenesená",J154,0) -> 0 | BH154: =IF(N154="sníž. přenesená",J154,0) -> 0 | BI154: =IF(N154="nulová",J154,0) -> 0 | BJ154: 1 | BK154: =ROUND(I154*H154,2) -> 55800 | BL154: 4 | BM154: 38
C155: 20 | D155: K | E155: Pol20 | F155: Terasový vtok (např. HL80) | G155: kpl | H155: 26 | I155: 2700 | J155: =ROUND(I155*H155,2) -> 70200 | N155: základní | P155: =O155*H155 -> 0 | Q155: 0 | R155: =Q155*H155 -> 0 | S155: 0 | T155: =S155*H155 -> 0 | AR155: 4 | AT155: K | AU155: 2 | AY155: ROZPOCET | BE155: =IF(N155="základní",J155,0) -> 70200 | BF155: =IF(N155="snížená",J155,0) -> 0 | BG155: =IF(N155="zákl. přenesená",J155,0) -> 0 | BH155: =IF(N155="sníž. přenesená",J155,0) -> 0 | BI155: =IF(N155="nulová",J155,0) -> 0 | BJ155: 1 | BK155: =ROUND(I155*H155,2) -> 70200 | BL155: 4 | BM155: 40
C156: 21 | D156: K | E156: Pol21 | F156: Přivzdušňovací ventil podomítkový (např. HL905) | G156: kpl | H156: 1 | I156: 2000 | J156: =ROUND(I156*H156,2) -> 2000 | N156: základní | P156: =O156*H156 -> 0 | Q156: 0 | R156: =Q156*H156 -> 0 | S156: 0 | T156: =S156*H156 -> 0 | AR156: 4 | AT156: K | AU156: 2 | AY156: ROZPOCET | BE156: =IF(N156="základní",J156,0) -> 2000 | BF156: =IF(N156="snížená",J156,0) -> 0 | BG156: =IF(N156="zákl. přenesená",J156,0) -> 0 | BH156: =IF(N156="sníž. přenesená",J156,0) -> 0 | BI156: =IF(N156="nulová",J156,0) -> 0 | BJ156: 1 | BK156: =ROUND(I156*H156,2) -> 2000 | BL156: 4 | BM156: 42
C157: 22 | D157: K | E157: Pol22 | F157: Ventilační hlavice dle střešního systému DN75 | G157: kpl | H157: 2 | I157: 700 | J157: =ROUND(I157*H157,2) -> 1400 | N157: základní | P157: =O157*H157 -> 0 | Q157: 0 | R157: =Q157*H157 -> 0 | S157: 0 | T157: =S157*H157 -> 0 | AR157: 4 | AT157: K | AU157: 2 | AY157: ROZPOCET | BE157: =IF(N157="základní",J157,0) -> 1400 | BF157: =IF(N157="snížená",J157,0) -> 0 | BG157: =IF(N157="zákl. přenesená",J157,0) -> 0 | BH157: =IF(N157="sníž. přenesená",J157,0) -> 0 | BI157: =IF(N157="nulová",J157,0) -> 0 | BJ157: 1 | BK157: =ROUND(I157*H157,2) -> 1400 | BL157: 4 | BM157: 44
C158: 23 | D158: K | E158: Pol23 | F158: Ventilační hlavice dle střešního systému DN110 | G158: kpl | H158: 20 | I158: 800 | J158: =ROUND(I158*H158,2) -> 16000 | N158: základní | P158: =O158*H158 -> 0 | Q158: 0 | R158: =Q158*H158 -> 0 | S158: 0 | T158: =S158*H158 -> 0 | AR158: 4 | AT158: K | AU158: 2 | AY158: ROZPOCET | BE158: =IF(N158="základní",J158,0) -> 16000 | BF158: =IF(N158="snížená",J158,0) -> 0 | BG158: =IF(N158="zákl. přenesená",J158,0) -> 0 | BH158: =IF(N158="sníž. přenesená",J158,0) -> 0 | BI158: =IF(N158="nulová",J158,0) -> 0 | BJ158: 1 | BK158: =ROUND(I158*H158,2) -> 16000 | BL158: 4 | BM158: 46
C159: 24 | D159: K | E159: Pol24 | F159: Ventilační hlavice dle střešního systému DN125 | G159: kpl | H159: 3 | I159: 1000 | J159: =ROUND(I159*H159,2) -> 3000 | N159: základní | P159: =O159*H159 -> 0 | Q159: 0 | R159: =Q159*H159 -> 0 | S159: 0 | T159: =S159*H159 -> 0 | AR159: 4 | AT159: K | AU159: 2 | AY159: ROZPOCET | BE159: =IF(N159="základní",J159,0) -> 3000 | BF159: =IF(N159="snížená",J159,0) -> 0 | BG159: =IF(N159="zákl. přenesená",J159,0) -> 0 | BH159: =IF(N159="sníž. přenesená",J159,0) -> 0 | BI159: =IF(N159="nulová",J159,0) -> 0 | BJ159: 1 | BK159: =ROUND(I159*H159,2) -> 3000 | BL159: 4 | BM159: 48
C160: 25 | D160: K | E160: Pol25 | F160: Dvířka pro čistící kus | G160: kpl | H160: 43 | I160: 800 | J160: =ROUND(I160*H160,2) -> 34400 | N160: základní | P160: =O160*H160 -> 0 | Q160: 0 | R160: =Q160*H160 -> 0 | S160: 0 | T160: =S160*H160 -> 0 | AR160: 4 | AT160: K | AU160: 2 | AY160: ROZPOCET | BE160: =IF(N160="základní",J160,0) -> 34400 | BF160: =IF(N160="snížená",J160,0) -> 0 | BG160: =IF(N160="zákl. přenesená",J160,0) -> 0 | BH160: =IF(N160="sníž. přenesená",J160,0) -> 0 | BI160: =IF(N160="nulová",J160,0) -> 0 | BJ160: 1 | BK160: =ROUND(I160*H160,2) -> 34400 | BL160: 4 | BM160: 50
C161: 26 | D161: K | E161: Pol26 | F161: Dvířka pro sifon | G161: kpl | H161: 9 | I161: 800 | J161: =ROUND(I161*H161,2) -> 7200 | N161: základní | P161: =O161*H161 -> 0 | Q161: 0 | R161: =Q161*H161 -> 0 | S161: 0 | T161: =S161*H161 -> 0 | AR161: 4 | AT161: K | AU161: 2 | AY161: ROZPOCET | BE161: =IF(N161="základní",J161,0) -> 7200 | BF161: =IF(N161="snížená",J161,0) -> 0 | BG161: =IF(N161="zákl. přenesená",J161,0) -> 0 | BH161: =IF(N161="sníž. přenesená",J161,0) -> 0 | BI161: =IF(N161="nulová",J161,0) -> 0 | BJ161: 1 | BK161: =ROUND(I161*H161,2) -> 7200 | BL161: 4 | BM161: 52
C162: 27 | D162: K | E162: Pol27 | F162: Podomítkový splachovací modul pro WC do výšky 100cm (např. Geberit Duofix) | G162: kpl | H162: 58 | I162: 5500 | J162: =ROUND(I162*H162,2) -> 319000 | N162: základní | P162: =O162*H162 -> 0 | Q162: 0 | R162: =Q162*H162 -> 0 | S162: 0 | T162: =S162*H162 -> 0 | AR162: 4 | AT162: K | AU162: 2 | AY162: ROZPOCET | BE162: =IF(N162="základní",J162,0) -> 319000 | BF162: =IF(N162="snížená",J162,0) -> 0 | BG162: =IF(N162="zákl. přenesená",J162,0) -> 0 | BH162: =IF(N162="sníž. přenesená",J162,0) -> 0 | BI162: =IF(N162="nulová",J162,0) -> 0 | BJ162: 1 | BK162: =ROUND(I162*H162,2) -> 319000 | BL162: 4 | BM162: 54
C163: 28 | D163: K | E163: Pol28 | F163: Odvodňovací žlab vč. osazení a zabetonování - žlab 6m + vpust 0,5m vč.litinového roštu, čelní stěny, kalového koše (např. ACO Multiline V150S) a stavebních přípomocí | G163: kpl | H163: 2 | I163: 82000 | J163: =ROUND(I163*H163,2) -> 164000 | N163: základní | P163: =O163*H163 -> 0 | Q163: 0 | R163: =Q163*H163 -> 0 | S163: 0 | T163: =S163*H163 -> 0 | AR163: 4 | AT163: K | AU163: 2 | AY163: ROZPOCET | BE163: =IF(N163="základní",J163,0) -> 164000 | BF163: =IF(N163="snížená",J163,0) -> 0 | BG163: =IF(N163="zákl. přenesená",J163,0) -> 0 | BH163: =IF(N163="sníž. přenesená",J163,0) -> 0 | BI163: =IF(N163="nulová",J163,0) -> 0 | BJ163: 1 | BK163: =ROUND(I163*H163,2) -> 164000 | BL163: 4 | BM163: 56
C164: 29 | D164: K | E164: Pol29 | F164: Odvodňovací žlab vč. osazení a zabetonování - žlab 1m + vpust 0,5m vč.litinového roštu, čelní stěny, kalového koše (např. ACO EuroSelf) a stavebních přípomocí | G164: kpl | H164: 1 | I164: 10000 | J164: =ROUND(I164*H164,2) -> 10000 | N164: základní | P164: =O164*H164 -> 0 | Q164: 0 | R164: =Q164*H164 -> 0 | S164: 0 | T164: =S164*H164 -> 0 | AR164: 4 | AT164: K | AU164: 2 | AY164: ROZPOCET | BE164: =IF(N164="základní",J164,0) -> 10000 | BF164: =IF(N164="snížená",J164,0) -> 0 | BG164: =IF(N164="zákl. přenesená",J164,0) -> 0 | BH164: =IF(N164="sníž. přenesená",J164,0) -> 0 | BI164: =IF(N164="nulová",J164,0) -> 0 | BJ164: 1 | BK164: =ROUND(I164*H164,2) -> 10000 | BL164: 4 | BM164: 58
...

Sheet D1.420 - ZTI - Vodovod
AT2: {10486c3d-a2f1-46fb-9c38-f92f128710a0}
AT3: 2
D4: KRYCÍ LIST SOUPISU PRACÍ | M4: v --- níže se nacházejí doplnkové a pomocné údaje k sestavám --- v | AT4: False
D6: Stavba:
E7: ='Rekapitulace stavby'!K6 -> Bytový soubor Libuše
D8: Objekt:
E9: 01 - Bytové domy A, B, C, D vč. podzemního podlaží
D10: Soupis:
E11: D1.420 - ZTI - Vodovod
D13: KSO: | I13: CC-CZ:
D14: Místo: | F14: Praha | I14: Datum: | J14: ='Rekapitulace stavby'!AN8 -> 45000
D16: Zadavatel: | I16: IČ:
E17: VELTON REAL ESTATE | I17: DIČ:
D19: Uchazeč: | I19: IČ: | J19: ='Rekapitulace stavby'!AN13 -> 08004013
E20: ='Rekapitulace stavby'!E14 -> DMG Stav a.s. | I20: DIČ: | J20: ='Rekapitulace stavby'!AN14 -> CZ 08004013
D22: Projektant: | I22: IČ:
E23: ABMV World s.r.o | I23: DIČ:
D25: Zpracovatel: | I25: IČ:
E26: QSB s.r.o. | I26: DIČ:
D28: Poznámka:
D32: Cena bez DPH | J32: =ROUND(J124,2) -> 6593470
F34: Základ daně | I34: Sazba daně | J34: Výše daně
D35: DPH | E35: základní | F35: =ROUND((SUM(BE124:BE220)),2) -> 6593470 | I35: 0.21 | J35: =ROUND(((SUM(BE124:BE220))*I35),2) -> 1384628.7
E36: snížená | F36: =ROUND((SUM(BF124:BF220)),2) -> 0 | I36: 0.15 | J36: =ROUND(((SUM(BF124:BF220))*I36),2) -> 0
E37: zákl. přenesená | F37: =ROUND((SUM(BG124:BG220)),2) -> 0 | I37: 0.21 | J37: =0 -> 0
E38: sníž. přenesená | F38: =ROUND((SUM(BH124:BH220)),2) -> 0 | I38: 0.15 | J38: =0 -> 0
E39: nulová | F39: =ROUND((SUM(BI124:BI220)),2) -> 0 | I39: 0 | J39: =0 -> 0
D41: Cena s DPH | G41: v | H41: CZK | J41: =SUM(J32:J39) -> 7978098.7
D50: Projektant | G50: Zpracovatel
D61: Datum a podpis: | F61: Razítko | G61: Datum a podpis: | J61: Razítko
D65: Objednavatel | G65: Uchazeč
D76: Datum a podpis: | F76: Razítko | G76: Datum a podpis: | J76: Razítko
C82: REKAPITULACE ČLENĚNÍ SOUPISU PRACÍ
C84: Stavba:
E85: =E7 -> Bytový soubor Libuše
C86: Objekt:
E87: 01 - Bytové domy A, B, C, D vč. podzemního podlaží
C88: Soupis:
E89: =E11 -> D1.420 - ZTI - Vodovod
C91: Místo: | F91: =F14 -> Praha | I91: Datum: | J91: =IF(J14="","",J14) -> 45000
C93: Zadavatel: | F93: =E17 -> VELTON REAL ESTATE | I93: Projektant: | J93: =E23 -> ABMV World s.r.o
C94: Uchazeč: | F94: =IF(E20="","",E20) -> DMG Stav a.s. | I94: Zpracovatel: | J94: =E26 -> QSB s.r.o.
C96: Kód dílu - Popis | J96: Cena celkem [CZK]
C98: Náklady ze soupisu prací | J98: =J124 -> 6593470 | AU98: -1
D99: 04 - ZDRAVOTECHNIKA | J99: =J125 -> 6593470
D100: D1 - Zařizovací předměty | J100: =J126 -> 2753200
D101: D3 - HWAT systém | J101: =J146 -> 670000
D102: D2 - Vodovod | J102: =J157 -> 3170270
C109: SOUPIS PRACÍ
C111: Stavba:
E112: =E7 -> Bytový soubor Libuše
C113: Objekt:
E114: 01 - Bytové domy A, B, C, D vč. podzemního podlaží
C115: Soupis:
E116: =E11 -> D1.420 - ZTI - Vodovod
C118: Místo: | F118: =F14 -> Praha | I118: Datum: | J118: =IF(J14="","",J14) -> 45000
C120: Zadavatel: | F120: =E17 -> VELTON REAL ESTATE | I120: Projektant: | J120: =E23 -> ABMV World s.r.o
C121: Uchazeč: | F121: =IF(E20="","",E20) -> DMG Stav a.s. | I121: Zpracovatel: | J121: =E26 -> QSB s.r.o.
C123: PČ | D123: Typ | E123: Kód | F123: Popis | G123: MJ | H123: Množství | I123: J.cena [CZK] | J123: Cena celkem [CZK] | K123: Cenová soustava | N123: DPH | O123: J. Nh [h] | P123: Nh celkem [h] | Q123: J. hmotnost [t] | R123: Hmotnost celkem [t] | S123: J. suť [t] | T123: Suť Celkem [t]
C124: Náklady soupisu celkem | J124: =BK124 -> 6593470 | P124: =P125 -> 0 | R124: =R125 -> 0 | T124: =T125 -> 0 | AT124: D | AU124: -1 | BK124: =BK125 -> 6593470
D125: D | E125: 04 | F125: ZDRAVOTECHNIKA | J125: =BK125 -> 6593470 | P125: =P126+P146+P157 -> 0 | R125: =R126+R146+R157 -> 0 | T125: =T126+T146+T157 -> 0 | AR125: 1 | AT125: D | AU125: 0 | AY125: ROZPOCET | BK125: =BK126+BK146+BK157 -> 6593470
D126: D | E126: D1 | F126: Zařizovací předměty | J126: =BK126 -> 2753200 | P126: =SUM(P127:P145) -> 0 | R126: =SUM(R127:R145) -> 0 | T126: =SUM(T127:T145) -> 0 | AR126: 1 | AT126: D | AU126: 1 | AY126: ROZPOCET | BK126: =SUM(BK127:BK145) -> 2753200
C127: 1 | D127: K | E127: Pol001 | F127: D-dřez kuchyňský,nerezový +baterie dřezová,stojánková + sifon + příslušenství | G127: kpl | H127: 36 | I127: 7500 | J127: =ROUND(I127*H127,2) -> 270000 | N127: základní | P127: =O127*H127 -> 0 | Q127: 0 | R127: =Q127*H127 -> 0 | S127: 0 | T127: =S127*H127 -> 0 | AR127: 16 | AT127: K | AU127: 2 | AY127: ROZPOCET | BE127: =IF(N127="základní",J127,0) -> 270000 | BF127: =IF(N127="snížená",J127,0) -> 0 | BG127: =IF(N127="zákl. přenesená",J127,0) -> 0 | BH127: =IF(N127="sníž. přenesená",J127,0) -> 0 | BI127: =IF(N127="nulová",J127,0) -> 0 | BJ127: 1 | BK127: =ROUND(I127*H127,2) -> 270000 | BL127: 16 | BM127: -1370942193
C128: 2 | D128: K | E128: Pol119 | F128: U-umyvadlo keramické, Laufen Pro S+ baterie stojánková+ sifon, Laufen+umyvadlová výpusť + příslušenství | G128: kpl | H128: 39 | I128: 10500 | J128: =ROUND(I128*H128,2) -> 409500 | N128: základní | P128: =O128*H128 -> 0 | Q128: 0 | R128: =Q128*H128 -> 0 | S128: 0 | T128: =S128*H128 -> 0 | AR128: 16 | AT128: K | AU128: 2 | AY128: ROZPOCET | BE128: =IF(N128="základní",J128,0) -> 409500 | BF128: =IF(N128="snížená",J128,0) -> 0 | BG128: =IF(N128="zákl. přenesená",J128,0) -> 0 | BH128: =IF(N128="sníž. přenesená",J128,0) -> 0 | BI128: =IF(N128="nulová",J128,0) -> 0 | BJ128: 1 | BK128: =ROUND(I128*H128,2) -> 409500 | BL128: 16 | BM128: -1319263712
C129: 3 | D129: K | E129: Pol120 | F129: Um-umývátko keramické, Laufen Pro S+ baterie stojánková+ sifon, Laufen+umyvadlová výpusť + příslušenství | G129: kpl | H129: 21 | I129: 8500 | J129: =ROUND(I129*H129,2) -> 178500 | N129: základní | P129: =O129*H129 -> 0 | Q129: 0 | R129: =Q129*H129 -> 0 | S129: 0 | T129: =S129*H129 -> 0 | AR129: 16 | AT129: K | AU129: 2 | AY129: ROZPOCET | BE129: =IF(N129="základní",J129,0) -> 178500 | BF129: =IF(N129="snížená",J129,0) -> 0 | BG129: =IF(N129="zákl. přenesená",J129,0) -> 0 | BH129: =IF(N129="sníž. přenesená",J129,0) -> 0 | BI129: =IF(N129="nulová",J129,0) -> 0 | BJ129: 1 | BK129: =ROUND(I129*H129,2) -> 178500 | BL129: 16 | BM129: 1711368415
C130: 4 | D130: K | E130: Pol121 | F130: WC-závěsný keramický záchod, Laufen Pro S, montážní prvek geberit (geberit zahrnut viz kanalizace D1.410) se splachovací nádržkou, ovládací tlačítko, sedátko s poklopem + příslušenství | G130: kpl | H130: 58 | I130: 7900 | J130: =ROUND(I130*H130,2) -> 458200 | N130: základní | P130: =O130*H130 -> 0 | Q130: 0 | R130: =Q130*H130 -> 0 | S130: 0 | T130: =S130*H130 -> 0 | AR130: 16 | AT130: K | AU130: 2 | AY130: ROZPOCET | BE130: =IF(N130="základní",J130,0) -> 458200 | BF130: =IF(N130="snížená",J130,0) -> 0 | BG130: =IF(N130="zákl. přenesená",J130,0) -> 0 | BH130: =IF(N130="sníž. přenesená",J130,0) -> 0 | BI130: =IF(N130="nulová",J130,0) -> 0 | BJ130: 1 | BK130: =ROUND(I130*H130,2) -> 458200 | BL130: 16 | BM130: 213545594
C131: 5 | D131: K | E131: Pol122 | F131: V-vana 800x1700 mm, Laufen Pro, nástěnná páková baterie pro vany - Hansgrohe Talis E, sifon - Laufen, vypoustěcí a přepadová souprava, kontrolní dvířka + příslušenství | G131: kpl | H131: 32 | I131: 24500 | J131: =ROUND(I131*H131,2) -> 784000 | N131: základní | P131: =O131*H131 -> 0 | Q131: 0 | R131: =Q131*H131 -> 0 | S131: 0 | T131: =S131*H131 -> 0 | AR131: 16 | AT131: K | AU131: 2 | AY131: ROZPOCET | BE131: =IF(N131="základní",J131,0) -> 784000 | BF131: =IF(N131="snížená",J131,0) -> 0 | BG131: =IF(N131="zákl. přenesená",J131,0) -> 0 | BH131: =IF(N131="sníž. přenesená",J131,0) -> 0 | BI131: =IF(N131="nulová",J131,0) -> 0 | BJ131: 1 | BK131: =ROUND(I131*H131,2) -> 784000 | BL131: 16 | BM131: -1021090024
C132: 6 | D132: K | E132: Pol123 | F132: V2-vana 700/1600 mm, Laufen Pro, nástěnná páková baterie pro vany- Hansgrohe Talis E, sifon - Laufen, vypoustěcí a přepadová souprava, kontrolní dvířka + příslušenství | G132: kpl | H132: 1 | I132: 24500 | J132: =ROUND(I132*H132,2) -> 24500 | N132: základní | P132: =O132*H132 -> 0 | Q132: 0 | R132: =Q132*H132 -> 0 | S132: 0 | T132: =S132*H132 -> 0 | AR132: 16 | AT132: K | AU132: 2 | AY132: ROZPOCET | BE132: =IF(N132="základní",J132,0) -> 24500 | BF132: =IF(N132="snížená",J132,0) -> 0 | BG132: =IF(N132="zákl. přenesená",J132,0) -> 0 | BH132: =IF(N132="sníž. přenesená",J132,0) -> 0 | BI132: =IF(N132="nulová",J132,0) -> 0 | BJ132: 1 | BK132: =ROUND(I132*H132,2) -> 24500 | BL132: 16 | BM132: -1498617978
C133: 7 | D133: K | E133: Pol124 | F133: V3-800x1700 mm, Laufen Pro, nástěnná páková baterie pro vany- Hansgrohe Talis E, sifon - Laufen, vypoustěcí a přepadová souprava, kontrolní dvířka + příslušenství | G133: kpl | H133: 1 | I133: 24500 | J133: =ROUND(I133*H133,2) -> 24500 | N133: základní | P133: =O133*H133 -> 0 | Q133: 0 | R133: =Q133*H133 -> 0 | S133: 0 | T133: =S133*H133 -> 0 | AR133: 16 | AT133: K | AU133: 2 | AY133: ROZPOCET | BE133: =IF(N133="základní",J133,0) -> 24500 | BF133: =IF(N133="snížená",J133,0) -> 0 | BG133: =IF(N133="zákl. přenesená",J133,0) -> 0 | BH133: =IF(N133="sníž. přenesená",J133,0) -> 0 | BI133: =IF(N133="nulová",J133,0) -> 0 | BJ133: 1 | BK133: =ROUND(I133*H133,2) -> 24500 | BL133: 16 | BM133: 2109571990
C134: 8 | D134: K | E134: Pol125 | F134: S1-sprchová vanička 800x1350mm, Laufen Pro, nástěnná páková baterie pro sprchy s ruční sprchou- Hansgrohe Talis E+ příslušenství,sprchová stěna, odpadová souprava se sifónem, Laufen + příslušenství | G134: kpl | H134: 1 | I134: 37000 | J134: =ROUND(I134*H134,2) -> 37000 | N134: základní | P134: =O134*H134 -> 0 | Q134: 0 | R134: =Q134*H134 -> 0 | S134: 0 | T134: =S134*H134 -> 0 | AR134: 16 | AT134: K | AU134: 2 | AY134: ROZPOCET | BE134: =IF(N134="základní",J134,0) -> 37000 | BF134: =IF(N134="snížená",J134,0) -> 0 | BG134: =IF(N134="zákl. přenesená",J134,0) -> 0 | BH134: =IF(N134="sníž. přenesená",J134,0) -> 0 | BI134: =IF(N134="nulová",J134,0) -> 0 | BJ134: 1 | BK134: =ROUND(I134*H134,2) -> 37000 | BL134: 16 | BM134: -2129417127
C135: 9 | D135: K | E135: Pol126 | F135: S2- sprchová vanička 800x960 mm, Laufen Pro, nástěnná páková baterie pro sprchy s ruční sprchou- Hansgrohe Talis E+ příslušenství,sprchová stěna, odpadová souprava se sifónem, Laufen + příslušenství | G135: kpl | H135: 5 | I135: 37000 | J135: =ROUND(I135*H135,2) -> 185000 | N135: základní | P135: =O135*H135 -> 0 | Q135: 0 | R135: =Q135*H135 -> 0 | S135: 0 | T135: =S135*H135 -> 0 | AR135: 16 | AT135: K | AU135: 2 | AY135: ROZPOCET | BE135: =IF(N135="základní",J135,0) -> 185000 | BF135: =IF(N135="snížená",J135,0) -> 0 | BG135: =IF(N135="zákl. přenesená",J135,0) -> 0 | BH135: =IF(N135="sníž. přenesená",J135,0) -> 0 | BI135: =IF(N135="nulová",J135,0) -> 0 | BJ135: 1 | BK135: =ROUND(I135*H135,2) -> 185000 | BL135: 16 | BM135: 2090897690
C136: 10 | D136: K | E136: Pol127 | F136: S3-sprchová vanička 800x1000 mm, Laufen Pro, nástěnná páková baterie pro sprchy s ruční sprchou- Hansgrohe Talis E+ příslušenství,sprchová stěna, odpadová souprava se sifónem, Laufen + příslušenství | G136: kpl | H136: 3 | I136: 37000 | J136: =ROUND(I136*H136,2) -> 111000 | N136: základní | P136: =O136*H136 -> 0 | Q136: 0 | R136: =Q136*H136 -> 0 | S136: 0 | T136: =S136*H136 -> 0 | AR136: 16 | AT136: K | AU136: 2 | AY136: ROZPOCET | BE136: =IF(N136="základní",J136,0) -> 111000 | BF136: =IF(N136="snížená",J136,0) -> 0 | BG136: =IF(N136="zákl. přenesená",J136,0) -> 0 | BH136: =IF(N136="sníž. přenesená",J136,0) -> 0 | BI136: =IF(N136="nulová",J136,0) -> 0 | BJ136: 1 | BK136: =ROUND(I136*H136,2) -> 111000 | BL136: 16 | BM136: 1594243802
C137: 11 | D137: K | E137: Pol128 | F137: S4-sprchová vanička 900x900 mm, Laufen Pro, nástěnná páková baterie pro sprchy s ruční sprchou- Hansgrohe Talis E+ příslušenství,sprchová stěna, odpadová souprava se sifónem, Laufen + příslušenství | G137: kpl | H137: 1 | I137: 37000 | J137: =ROUND(I137*H137,2) -> 37000 | N137: základní | P137: =O137*H137 -> 0 | Q137: 0 | R137: =Q137*H137 -> 0 | S137: 0 | T137: =S137*H137 -> 0 | AR137: 16 | AT137: K | AU137: 2 | AY137: ROZPOCET | BE137: =IF(N137="základní",J137,0) -> 37000 | BF137: =IF(N137="snížená",J137,0) -> 0 | BG137: =IF(N137="zákl. přenesená",J137,0) -> 0 | BH137: =IF(N137="sníž. přenesená",J137,0) -> 0 | BI137: =IF(N137="nulová",J137,0) -> 0 | BJ137: 1 | BK137: =ROUND(I137*H137,2) -> 37000 | BL137: 16 | BM137: 500577966
C138: 12 | D138: K | E138: Pol129 | F138: S5-sprchová vanička 800x900 mm, Laufen Pro, nástěnná páková baterie pro sprchy s ruční sprchou- Hansgrohe Talis E+ příslušenství,sprchová stěna, odpadová souprava se sifónem, Laufen + příslušenství | G138: kpl | H138: 1 | I138: 37000 | J138: =ROUND(I138*H138,2) -> 37000 | N138: základní | P138: =O138*H138 -> 0 | Q138: 0 | R138: =Q138*H138 -> 0 | S138: 0 | T138: =S138*H138 -> 0 | AR138: 16 | AT138: K | AU138: 2 | AY138: ROZPOCET | BE138: =IF(N138="základní",J138,0) -> 37000 | BF138: =IF(N138="snížená",J138,0) -> 0 | BG138: =IF(N138="zákl. přenesená",J138,0) -> 0 | BH138: =IF(N138="sníž. přenesená",J138,0) -> 0 | BI138: =IF(N138="nulová",J138,0) -> 0 | BJ138: 1 | BK138: =ROUND(I138*H138,2) -> 37000 | BL138: 16 | BM138: 841353628
... C145: 19 | D145: K | E145: Pol136 | F145: ZV- zahradní ventil (*zahrnuto ve VV vodovod) | G145: kpl | H145: 10 | I145: 0 | J145: =ROUND(I145*H145,2) -> 0 | N145: základní | P145: =O145*H145 -> 0 | Q145: 0 | R145: =Q145*H145 -> 0 | S145: 0 | T145: =S145*H145 -> 0 | AR145: 16 | AT145: K | AU145: 2 | AY145: ROZPOCET | BE145: =IF(N145="základní",J145,0) -> 0 | BF145: =IF(N145="snížená",J145,0) -> 0 | BG145: =IF(N145="zákl. přenesená",J145,0) -> 0 | BH145: =IF(N145="sníž. přenesená",J145,0) -> 0 | BI145: =IF(N145="nulová",J145,0) -> 0 | BJ145: 1 | BK145: =ROUND(I145*H145,2) -> 0 | BL145: 16 | BM145: 1611328577
D146: D | E146: D3 | F146: HWAT systém | J146: =BK146 -> 670000 | P146: =SUM(P147:P156) -> 0 | R146: =SUM(R147:R156) -> 0 | T146: =SUM(T147:T156) -> 0 | AR146: 1 | AT146: D | AU146: 1 | AY146: ROZPOCET | BK146: =SUM(BK147:BK156) -> 670000
C147: 20 | D147: K | E147: Pol137 | F147: Hlavní páteřní rozvod + stoupací potrubí na objektu A | G147: kpl | H147: 1 | I147: 140000 | J147: =ROUND(I147*H147,2) -> 140000 | N147: základní | P147: =O147*H147 -> 0 | Q147: 0 | R147: =Q147*H147 -> 0 | S147: 0 | T147: =S147*H147 -> 0 | AR147: 16 | AT147: K | AU147: 2 | AY147: ROZPOCET | BE147: =IF(N147="základní",J147,0) -> 140000 | BF147: =IF(N147="snížená",J147,0) -> 0 | BG147: =IF(N147="zákl. přenesená",J147,0) -> 0 | BH147: =IF(N147="sníž. přenesená",J147,0) -> 0 | BI147: =IF(N147="nulová",J147,0) -> 0 | BJ147: 1 | BK147: =ROUND(I147*H147,2) -> 140000 | BL147: 16 | BM147: 1202765390
D148: P | F148: Poznámka k položce:_x000D_ Samoregulační topný kabel HWAT R (12W/m při 70°C)_x000D_ Napojovací a zakončovací sada CE25-01 (kabel / krabice)_x000D_ Svorkovnicová instalační krabice JB16-02_x000D_ Instalační konzole JB-SB-08_x000D_ Hliníková samolepící páska ATE-180 bal.55m_x000D_ Fixační sklotextilní páska GT-66 bal. 20m_x000D_ Kompletní rozvaděč SBS-R-HWAT-3X20A pro max. 3 okruhy vč. řídící jednotky_x000D_ Výstražné štítky ETL-CZ | AT148: P | AU148: 2
C149: 21 | D149: K | E149: Pol138 | F149: Hlavní páteřní rozvod + stoupací potrubí na objektu B | G149: kpl | H149: 1 | I149: 140000 | J149: =ROUND(I149*H149,2) -> 140000 | N149: základní | P149: =O149*H149 -> 0 | Q149: 0 | R149: =Q149*H149 -> 0 | S149: 0 | T149: =S149*H149 -> 0 | AR149: 16 | AT149: K | AU149: 2 | AY149: ROZPOCET | BE149: =IF(N149="základní",J149,0) -> 140000 | BF149: =IF(N149="snížená",J149,0) -> 0 | BG149: =IF(N149="zákl. přenesená",J149,0) -> 0 | BH149: =IF(N149="sníž. přenesená",J149,0) -> 0 | BI149: =IF(N149="nulová",J149,0) -> 0 | BJ149: 1 | BK149: =ROUND(I149*H149,2) -> 140000 | BL149: 16 | BM149: 1076618242
D150: P | F150: Poznámka k položce:_x000D_ Samoregulační topný kabel HWAT R (12W/m při 70°C)_x000D_ Napojovací a zakončovací sada CE25-01 (kabel / krabice)_x000D_ Svorkovnicová instalační krabice JB16-02_x000D_ Instalační konzole JB-SB-08_x000D_ Hliníková samolepící páska ATE-180 bal.55m_x000D_ Fixační sklotextilní páska GT-66 bal. 20m_x000D_ Kompletní rozvaděč SBS-R-HWAT-3X20A pro max. 3 okruhy vč. řídící jednotky_x000D_ Výstražné štítky ETL-CZ | AT150: P | AU150: 2
C151: 22 | D151: K | E151: Pol139 | F151: Hlavní páteřní rozvod + stoupací potrubí na objektu C | G151: kpl | H151: 1 | I151: 140000 | J151: =ROUND(I151*H151,2) -> 140000 | N151: základní | P151: =O151*H151 -> 0 | Q151: 0 | R151: =Q151*H151 -> 0 | S151: 0 | T151: =S151*H151 -> 0 | AR151: 16 | AT151: K | AU151: 2 | AY151: ROZPOCET | BE151: =IF(N151="základní",J151,0) -> 140000 | BF151: =IF(N151="snížená",J151,0) -> 0 | BG151: =IF(N151="zákl. přenesená",J151,0) -> 0 | BH151: =IF(N151="sníž. přenesená",J151,0) -> 0 | BI151: =IF(N151="nulová",J151,0) -> 0 | BJ151: 1 | BK151: =ROUND(I151*H151,2) -> 140000 | BL151: 16 | BM151: -161299670
D152: P | F152: Poznámka k položce:_x000D_ Samoregulační topný kabel HWAT R (12W/m při 70°C)_x000D_ Napojovací a zakončovací sada CE25-01 (kabel / krabice)_x000D_ Rozbočovací souprava RAYCLIC-T-02_x000D_ Svorkovnicová instalační krabice JB16-02_x000D_ Instalační konzole JB-SB-08_x000D_ Hliníková samolepící páska ATE-180 bal.55m_x000D_ Fixační sklotextilní páska GT-66 bal. 20m_x000D_ Kompletní rozvaděč SBS-R-HWAT-3X16A pro max. 3 okruhy vč. řídící jednotky_x000D_ Výstražné štítky ETL-CZ | AT152: P | AU152: 2
C153: 23 | D153: K | E153: Pol140 | F153: Hlavní páteřní rozvod + stoupací potrubí na objektu D | G153: kpl | H153: 1 | I153: 150000 | J153: =ROUND(I153*H153,2) -> 150000 | N153: základní | P153: =O153*H153 -> 0 | Q153: 0 | R153: =Q153*H153 -> 0 | S153: 0 | T153: =S153*H153 -> 0 | AR153: 16 | AT153: K | AU153: 2 | AY153: ROZPOCET | BE153: =IF(N153="základní",J153,0) -> 150000 | BF153: =IF(N153="snížená",J153,0) -> 0 | BG153: =IF(N153="zákl. přenesená",J153,0) -> 0 | BH153: =IF(N153="sníž. přenesená",J153,0) -> 0 | BI153: =IF(N153="nulová",J153,0) -> 0 | BJ153: 1 | BK153: =ROUND(I153*H153,2) -> 150000 | BL153: 16 | BM153: -1057917277
D154: P | F154: Poznámka k položce:_x000D_ Samoregulační topný kabel HWAT R (12W/m při 70°C)_x000D_ Napojovací a zakončovací sada CE25-01 (kabel / krabice)_x000D_ Rozbočovací souprava RAYCLIC-T-02_x000D_ Svorkovnicová instalační krabice JB16-02_x000D_ Instalační konzole JB-SB-08_x000D_ Hliníková samolepící páska ATE-180 bal.55m_x000D_ Fixační sklotextilní páska GT-66 bal. 20m_x000D_ Kompletní rozvaděč SBS-R-HWAT-3X20A pro max. 3 okruhy vč. řídící jednotky_x000D_ Výstražné štítky ETL-CZ | AT154: P | AU154: 2
C155: 24 | D155: K | E155: Pol141 | F155: Ostatní | G155: kpl | H155: 1 | I155: 100000 | J155: =ROUND(I155*H155,2) -> 100000 | N155: základní | P155: =O155*H155 -> 0 | Q155: 0 | R155: =Q155*H155 -> 0 | S155: 0 | T155: =S155*H155 -> 0 | AR155: 16 | AT155: K | AU155: 2 | AY155: ROZPOCET | BE155: =IF(N155="základní",J155,0) -> 100000 | BF155: =IF(N155="snížená",J155,0) -> 0 | BG155: =IF(N155="zákl. přenesená",J155,0) -> 0 | BH155: =IF(N155="sníž. přenesená",J155,0) -> 0 | BI155: =IF(N155="nulová",J155,0) -> 0 | BJ155: 1 | BK155: =ROUND(I155*H155,2) -> 100000 | BL155: 16 | BM155: -420449981
D156: P | F156: Poznámka k položce:_x000D_ Montáž topného systému, instalace kabelů, osazení rozvaděčů Raychem, zprovoznění a zaškolení_x000D_ Technická dokumentace_x000D_ Ostatní pomocný materiál_x000D_ Doprava | AT156: P | AU156: 2
D157: D | E157: D2 | F157: Vodovod | J157: =BK157 -> 3170270 | P157: =SUM(P158:P220) -> 0 | R157: =SUM(R158:R220) -> 0 | T157: =SUM(T158:T220) -> 0 | AR157: 1 | AT157: D | AU157: 1 | AY157: ROZPOCET | BK157: =SUM(BK158:BK220) -> 3170270
C158: 25 | D158: K | E158: Pol54 | F158: Potrubí vodovodní z plastových trub - Ø20, PEX-PN10-pro pitnou vodu (včetně fitinek, úchytů, podchytávek, vodorovných a svislých závěsů, pružných pryžových objímek, kompenzátorů, protipožárních ucpávek/manžet, prostupů a drážek) | G158: m | H158: 728 | I158: 450 | J158: =ROUND(I158*H158,2) -> 327600 | N158: základní | P158: =O158*H158 -> 0 | Q158: 0 | R158: =Q158*H158 -> 0 | S158: 0 | T158: =S158*H158 -> 0 | AR158: 16 | AT158: K | AU158: 2 | AY158: ROZPOCET | BE158: =IF(N158="základní",J158,0) -> 327600 | BF158: =IF(N158="snížená",J158,0) -> 0 | BG158: =IF(N158="zákl. přenesená",J158,0) -> 0 | BH158: =IF(N158="sníž. přenesená",J158,0) -> 0 | BI158: =IF(N158="nulová",J158,0) -> 0 | BJ158: 1 | BK158: =ROUND(I158*H158,2) -> 327600 | BL158: 16 | BM158: 2
C159: 26 | D159: K | E159: Pol55 | F159: Potrubí vodovodní z plastových trub - Ø25, PEX-PN10-pro pitnou vodu (včetně fitinek, úchytů, podchytávek, vodorovných a svislých závěsů, pružných pryžových objímek, kompenzátorů, protipožárních ucpávek/manžet, prostupů a drážek) | G159: m | H159: 480 | I159: 530 | J159: =ROUND(I159*H159,2) -> 254400 | N159: základní | P159: =O159*H159 -> 0 | Q159: 0 | R159: =Q159*H159 -> 0 | S159: 0 | T159: =S159*H159 -> 0 | AR159: 16 | AT159: K | AU159: 2 | AY159: ROZPOCET | BE159: =IF(N159="základní",J159,0) -> 254400 | BF159: =IF(N159="snížená",J159,0) -> 0 | BG159: =IF(N159="zákl. přenesená",J159,0) -> 0 | BH159: =IF(N159="sníž. přenesená",J159,0) -> 0 | BI159: =IF(N159="nulová",J159,0) -> 0 | BJ159: 1 | BK159: =ROUND(I159*H159,2) -> 254400 | BL159: 16 | BM159: 4
C160: 27 | D160: K | E160: Pol56 | F160: Potrubí vodovodní z plastových trub - Ø32, PEX-PN10-pro pitnou vodu (včetně fitinek, úchytů, podchytávek, vodorovných a svislých závěsů, pružných pryžových objímek, kompenzátorů, protipožárních ucpávek/manžet, prostupů a drážek | G160: m | H160: 441 | I160: 610 | J160: =ROUND(I160*H160,2) -> 269010 | N160: základní | P160: =O160*H160 -> 0 | Q160: 0 | R160: =Q160*H160 -> 0 | S160: 0 | T160: =S160*H160 -> 0 | AR160: 16 | AT160: K | AU160: 2 | AY160: ROZPOCET | BE160: =IF(N160="základní",J160,0) -> 269010 | BF160: =IF(N160="snížená",J160,0) -> 0 | BG160: =IF(N160="zákl. přenesená",J160,0) -> 0 | BH160: =IF(N160="sníž. přenesená",J160,0) -> 0 | BI160: =IF(N160="nulová",J160,0) -> 0 | BJ160: 1 | BK160: =ROUND(I160*H160,2) -> 269010 | BL160: 16 | BM160: 6
C161: 28 | D161: K | E161: Pol57 | F161: Potrubí vodovodní z plastových trub - Ø40, PEX-PN10-pro pitnou vodu (včetně fitinek, úchytů, podchytávek, vodorovných a svislých závěsů, pružných pryžových objímek, kompenzátorů, protipožárních ucpávek/manžet, prostupů a drážek | G161: m | H161: 214 | I161: 770 | J161: =ROUND(I161*H161,2) -> 164780 | N161: základní | P161: =O161*H161 -> 0 | Q161: 0 | R161: =Q161*H161 -> 0 | S161: 0 | T161: =S161*H161 -> 0 | AR161: 16 | AT161: K | AU161: 2 | AY161: ROZPOCET | BE161: =IF(N161="základní",J161,0) -> 164780 | BF161: =IF(N161="snížená",J161,0) -> 0 | BG161: =IF(N161="zákl. přenesená",J161,0) -> 0 | BH161: =IF(N161="sníž. přenesená",J161,0) -> 0 | BI161: =IF(N161="nulová",J161,0) -> 0 | BJ161: 1 | BK161: =ROUND(I161*H161,2) -> 164780 | BL161: 16 | BM161: 8
C162: 29 | D162: K | E162: Pol58 | F162: Potrubí vodovodní z plastových trub - Ø50,PEX-PN10-pro pitnou vodu (včetně fitinek, úchytů, podchytávek, vodorovných a svislých závěsů, pružných pryžových objímek, kompenzátorů, protipožárních ucpávek/manžet, prostupů a drážek | G162: m | H162: 207 | I162: 990 | J162: =ROUND(I162*H162,2) -> 204930 | N162: základní | P162: =O162*H162 -> 0 | Q162: 0 | R162: =Q162*H162 -> 0 | S162: 0 | T162: =S162*H162 -> 0 | AR162: 16 | AT162: K | AU162: 2 | AY162: ROZPOCET | BE162: =IF(N162="základní",J162,0) -> 204930 | BF162: =IF(N162="snížená",J162,0) -> 0 | BG162: =IF(N162="zákl. přenesená",J162,0) -> 0 | BH162: =IF(N162="sníž. přenesená",J162,0) -> 0 | BI162: =IF(N162="nulová",J162,0) -> 0 | BJ162: 1 | BK162: =ROUND(I162*H162,2) -> 204930 | BL162: 16 | BM162: 10
C163: 30 | D163: K | E163: Pol59 | F163: Potrubí vodovodní z plastových trub - Ø63,PEX-PN10-pro pitnou vodu (včetně fitinek, úchytů, podchytávek, vodorovných a svislých závěsů, pružných pryžových objímek, kompenzátorů, protipožárních ucpávek/manžet, prostupů a drážek | G163: m | H163: 214 | I163: 1080 | J163: =ROUND(I163*H163,2) -> 231120 | N163: základní | P163: =O163*H163 -> 0 | Q163: 0 | R163: =Q163*H163 -> 0 | S163: 0 | T163: =S163*H163 -> 0 | AR163: 16 | AT163: K | AU163: 2 | AY163: ROZPOCET | BE163: =IF(N163="základní",J163,0) -> 231120 | BF163: =IF(N163="snížená",J163,0) -> 0 | BG163: =IF(N163="zákl. přenesená",J163,0) -> 0 | BH163: =IF(N163="sníž. přenesená",J163,0) -> 0 | BI163: =IF(N163="nulová",J163,0) -> 0 | BJ163: 1 | BK163: =ROUND(I163*H163,2) -> 231120 | BL163: 16 | BM163: 12
C164: 31 | D164: K | E164: Pol60 | F164: Ocel pozinkovaná DN25 | G164: m | H164: 38 | I164: 550 | J164: =ROUND(I164*H164,2) -> 20900 | N164: základní | P164: =O164*H164 -> 0 | Q164: 0 | R164: =Q164*H164 -> 0 | S164: 0 | T164: =S164*H164 -> 0 | AR164: 16 | AT164: K | AU164: 2 | AY164: ROZPOCET | BE164: =IF(N164="základní",J164,0) -> 20900 | BF164: =IF(N164="snížená",J164,0) -> 0 | BG164: =IF(N164="zákl. přenesená",J164,0) -> 0 | BH164: =IF(N164="sníž. přenesená",J164,0) -> 0 | BI164: =IF(N164="nulová",J164,0) -> 0 | BJ164: 1 | BK164: =ROUND(I164*H164,2) -> 20900 | BL164: 16 | BM164: 14
C165: 32 | D165: K | E165: Pol61 | F165: Ocel pozinkovaná DN32 | G165: m | H165: 52 | I165: 650 | J165: =ROUND(I165*H165,2) -> 33800 | N165: základní | P165: =O165*H165 -> 0 | Q165: 0 | R165: =Q165*H165 -> 0 | S165: 0 | T165: =S165*H165 -> 0 | AR165: 16 | AT165: K | AU165: 2 | AY165: ROZPOCET | BE165: =IF(N165="základní",J165,0) -> 33800 | BF165: =IF(N165="snížená",J165,0) -> 0 | BG165: =IF(N165="zákl. přenesená",J165,0) -> 0 | BH165: =IF(N165="sníž. přenesená",J165,0) -> 0 | BI165: =IF(N165="nulová",J165,0) -> 0 | BJ165: 1 | BK165: =ROUND(I165*H165,2) -> 33800 | BL165: 16 | BM165: 16
C166: 33 | D166: K | E166: Pol62 | F166: Ocel pozinkovaná DN40 | G166: m | H166: 107 | I166: 750 | J166: =ROUND(I166*H166,2) -> 80250 | N166: základní | P166: =O166*H166 -> 0 | Q166: 0 | R166: =Q166*H166 -> 0 | S166: 0 | T166: =S166*H166 -> 0 | AR166: 16 | AT166: K | AU166: 2 | AY166: ROZPOCET | BE166: =IF(N166="základní",J166,0) -> 80250 | BF166: =IF(N166="snížená",J166,0) -> 0 | BG166: =IF(N166="zákl. přenesená",J166,0) -> 0 | BH166: =IF(N166="sníž. přenesená",J166,0) -> 0 | BI166: =IF(N166="nulová",J166,0) -> 0 | BJ166: 1 | BK166: =ROUND(I166*H166,2) -> 80250 | BL166: 16 | BM166: 18
C167: 34 | D167: K | E167: Pol63 | F167: Ocel pozinkovaná DN50 | G167: m | H167: 61 | I167: 900 | J167: =ROUND(I167*H167,2) -> 54900 | N167: základní | P167: =O167*H167 -> 0 | Q167: 0 | R167: =Q167*H167 -> 0 | S167: 0 | T167: =S167*H167 -> 0 | AR167: 16 | AT167: K | AU167: 2 | AY167: ROZPOCET | BE167: =IF(N167="základní",J167,0) -> 54900 | BF167: =IF(N167="snížená",J167,0) -> 0 | BG167: =IF(N167="zákl. přenesená",J167,0) -> 0 | BH167: =IF(N167="sníž. přenesená",J167,0) -> 0 | BI167: =IF(N167="nulová",J167,0) -> 0 | BJ167: 1 | BK167: =ROUND(I167*H167,2) -> 54900 | BL167: 16 | BM167: 20
C168: 35 | D168: K | E168: Pol64 | F168: PEHD 10, SDR11, 63x5,8mm (včetně zemních prací a stavebních přípomocí) | G168: m | H168: 25 | I168: 1800 | J168: =ROUND(I168*H168,2) -> 45000 | N168: základní | P168: =O168*H168 -> 0 | Q168: 0 | R168: =Q168*H168 -> 0 | S168: 0 | T168: =S168*H168 -> 0 | AR168: 16 | AT168: K | AU168: 2 | AY168: ROZPOCET | BE168: =IF(N168="základní",J168,0) -> 45000 | BF168: =IF(N168="snížená",J168,0) -> 0 | BG168: =IF(N168="zákl. přenesená",J168,0) -> 0 | BH168: =IF(N168="sníž. přenesená",J168,0) -> 0 | BI168: =IF(N168="nulová",J168,0) -> 0 | BJ168: 1 | BK168: =ROUND(I168*H168,2) -> 45000 | BL168: 16 | BM168: 22
C169: 36 | D169: K | E169: Pol65 | F169: Tepelná izolace potrubí z pěnového PE tl. 9 mm Ø20 | G169: m | H169: 653 | I169: 60 | J169: =ROUND(I169*H169,2) -> 39180 | N169: základní | P169: =O169*H169 -> 0 | Q169: 0 | R169: =Q169*H169 -> 0 | S169: 0 | T169: =S169*H169 -> 0 | AR169: 16 | AT169: K | AU169: 2 | AY169: ROZPOCET | BE169: =IF(N169="základní",J169,0) -> 39180 | BF169: =IF(N169="snížená",J169,0) -> 0 | BG169: =IF(N169="zákl. přenesená",J169,0) -> 0 | BH169: =IF(N169="sníž. přenesená",J169,0) -> 0 | BI169: =IF(N169="nulová",J169,0) -> 0 | BJ169: 1 | BK169: =ROUND(I169*H169,2) -> 39180 | BL169: 16 | BM169: 24
... C220: 87 | D220: K | E220: Pol117 | F220: Tlaková zkouška, proplach a desinfekce potrubí | G220: m | H220: 2567 | I220: 70 | J220: =ROUND(I220*H220,2) -> 179690 | N220: základní | P220: =O220*H220 -> 0 | Q220: 0 | R220: =Q220*H220 -> 0 | S220: 0 | T220: =S220*H220 -> 0 | AR220: 16 | AT220: K | AU220: 2 | AY220: ROZPOCET | BE220: =IF(N220="základní",J220,0) -> 179690 | BF220: =IF(N220="snížená",J220,0) -> 0 | BG220: =IF(N220="zákl. přenesená",J220,0) -> 0 | BH220: =IF(N220="sníž. přenesená",J220,0) -> 0 | BI220: =IF(N220="nulová",J220,0) -> 0 | BJ220: 1 | BK220: =ROUND(I220*H220,2) -> 179690 | BL220: 16 | BM220: 128

Sheet D1.430 - ZTI - Plynovod
AT2: {69e6767c-f311-4783-b791-3ac752473af5}
AT3: 2
D4: KRYCÍ LIST SOUPISU PRACÍ | M4: v --- níže se nacházejí doplnkové a pomocné údaje k sestavám --- v | AT4: False
D6: Stavba:
E7: ='Rekapitulace stavby'!K6 -> Bytový soubor Libuše
D8: Objekt:
E9: 01 - Bytové domy A, B, C, D vč. podzemního podlaží
D10: Soupis:
E11: D1.430 - ZTI - Plynovod
D13: KSO: | I13: CC-CZ:
D14: Místo: | F14: Praha | I14: Datum: | J14: ='Rekapitulace stavby'!AN8 -> 45000
D16: Zadavatel: | I16: IČ:
E17: VELTON REAL ESTATE | I17: DIČ:
D19: Uchazeč: | I19: IČ: | J19: ='Rekapitulace stavby'!AN13 -> 08004013
E20: ='Rekapitulace stavby'!E14 -> DMG Stav a.s. | I20: DIČ: | J20: ='Rekapitulace stavby'!AN14 -> CZ 08004013
D22: Projektant: | I22: IČ:
E23: ABMV World s.r.o | I23: DIČ:
D25: Zpracovatel: | I25: IČ:
E26: QSB s.r.o. | I26: DIČ:
D28: Poznámka:
D32: Cena bez DPH | J32: =ROUND(J122,2) -> 78000
F34: Základ daně | I34: Sazba daně | J34: Výše daně
D35: DPH | E35: základní | F35: =ROUND((SUM(BE122:BE164)),2) -> 78000 | I35: 0.21 | J35: =ROUND(((SUM(BE122:BE164))*I35),2) -> 16380
E36: snížená | F36: =ROUND((SUM(BF122:BF164)),2) -> 0 | I36: 0.15 | J36: =ROUND(((SUM(BF122:BF164))*I36),2) -> 0
E37: zákl. přenesená | F37: =ROUND((SUM(BG122:BG164)),2) -> 0 | I37: 0.21 | J37: =0 -> 0
E38: sníž. přenesená | F38: =ROUND((SUM(BH122:BH164)),2) -> 0 | I38: 0.15 | J38: =0 -> 0
E39: nulová | F39: =ROUND((SUM(BI122:BI164)),2) -> 0 | I39: 0 | J39: =0 -> 0
D41: Cena s DPH | G41: v | H41: CZK | J41: =SUM(J32:J39) -> 94380
D50: Projektant | G50: Zpracovatel
D61: Datum a podpis: | F61: Razítko | G61: Datum a podpis: | J61: Razítko
D65: Objednavatel | G65: Uchazeč
D76: Datum a podpis: | F76: Razítko | G76: Datum a podpis: | J76: Razítko
C82: REKAPITULACE ČLENĚNÍ SOUPISU PRACÍ
C84: Stavba:
E85: =E7 -> Bytový soubor Libuše
C86: Objekt:
E87: 01 - Bytové domy A, B, C, D vč. podzemního podlaží
C88: Soupis:
E89: =E11 -> D1.430 - ZTI - Plynovod
C91: Místo: | F91: =F14 -> Praha | I91: Datum: | J91: =IF(J14="","",J14) -> 45000
C93: Zadavatel: | F93: =E17 -> VELTON REAL ESTATE | I93: Projektant: | J93: =E23 -> ABMV World s.r.o
C94: Uchazeč: | F94: =IF(E20="","",E20) -> DMG Stav a.s. | I94: Zpracovatel: | J94: =E26 -> QSB s.r.o.
C96: Kód dílu - Popis | J96: Cena celkem [CZK]
C98: Náklady ze soupisu prací | J98: =J122 -> 78000 | AU98: -1
D99: D1 - Venkovní plynovod Dodávka+montáž | J99: =J123 -> 50640
D100: D2 - Vnitřní plynovod Dodávka + montáž | J100: =J148 -> 27360
C107: SOUPIS PRACÍ
C109: Stavba:
E110: =E7 -> Bytový soubor Libuše
C111: Objekt:
E112: 01 - Bytové domy A, B, C, D vč. podzemního podlaží
C113: Soupis:
E114: =E11 -> D1.430 - ZTI - Plynovod
C116: Místo: | F116: =F14 -> Praha | I116: Datum: | J116: =IF(J14="","",J14) -> 45000
C118: Zadavatel: | F118: =E17 -> VELTON REAL ESTATE | I118: Projektant: | J118: =E23 -> ABMV World s.r.o
C119: Uchazeč: | F119: =IF(E20="","",E20) -> DMG Stav a.s. | I119: Zpracovatel: | J119: =E26 -> QSB s.r.o.
C121: PČ | D121: Typ | E121: Kód | F121: Popis | G121: MJ | H121: Množství | I121: J.cena [CZK] | J121: Cena celkem [CZK] | K121: Cenová soustava | N121: DPH | O121: J. Nh [h] | P121: Nh celkem [h] | Q121: J. hmotnost [t] | R121: Hmotnost celkem [t] | S121: J. suť [t] | T121: Suť Celkem [t]
C122: Náklady soupisu celkem | J122: =BK122 -> 78000 | P122: =P123+P148 -> 0 | R122: =R123+R148 -> 0 | T122: =T123+T148 -> 0 | AT122: D | AU122: -1 | BK122: =BK123+BK148 -> 78000
D123: D | E123: D1 | F123: Venkovní plynovod Dodávka+montáž | J123: =BK123 -> 50640 | P123: =SUM(P124:P147) -> 0 | R123: =SUM(R124:R147) -> 0 | T123: =SUM(T124:T147) -> 0 | AR123: 1 | AT123: D | AU123: 0 | AY123: ROZPOCET | BK123: =SUM(BK124:BK147) -> 50640
C124: 1 | D124: K | E124: Pol142 | F124: Potrubí PE 100RC dn 32 - SDR 11 32x3,0 mm | G124: m | H124: 24.6 | I124: 150 | J124: =ROUND(I124*H124,2) -> 3690 | N124: základní | P124: =O124*H124 -> 0 | Q124: 0 | R124: =Q124*H124 -> 0 | S124: 0 | T124: =S124*H124 -> 0 | AR124: 4 | AT124: K | AU124: 1 | AY124: ROZPOCET | BE124: =IF(N124="základní",J124,0) -> 3690 | BF124: =IF(N124="snížená",J124,0) -> 0 | BG124: =IF(N124="zákl. přenesená",J124,0) -> 0 | BH124: =IF(N124="sníž. přenesená",J124,0) -> 0 | BI124: =IF(N124="nulová",J124,0) -> 0 | BJ124: 1 | BK124: =ROUND(I124*H124,2) -> 3690 | BL124: 4 | BM124: 2
C125: 2 | D125: K | E125: Pol143 | F125: Elektroobjímka PE 32 | G125: ks | H125: 4 | I125: 150 | J125: =ROUND(I125*H125,2) -> 600 | N125: základní | P125: =O125*H125 -> 0 | Q125: 0 | R125: =Q125*H125 -> 0 | S125: 0 | T125: =S125*H125 -> 0 | AR125: 4 | AT125: K | AU125: 1 | AY125: ROZPOCET | BE125: =IF(N125="základní",J125,0) -> 600 | BF125: =IF(N125="snížená",J125,0) -> 0 | BG125: =IF(N125="zákl. přenesená",J125,0) -> 0 | BH125: =IF(N125="sníž. přenesená",J125,0) -> 0 | BI125: =IF(N125="nulová",J125,0) -> 0 | BJ125: 1 | BK125: =ROUND(I125*H125,2) -> 600 | BL125: 4 | BM125: 4
C126: 3 | D126: K | E126: Pol144 | F126: Elektrokoleno PE 32 | G126: ks | H126: 3 | I126: 350 | J126: =ROUND(I126*H126,2) -> 1050 | N126: základní | P126: =O126*H126 -> 0 | Q126: 0 | R126: =Q126*H126 -> 0 | S126: 0 | T126: =S126*H126 -> 0 | AR126: 4 | AT126: K | AU126: 1 | AY126: ROZPOCET | BE126: =IF(N126="základní",J126,0) -> 1050 | BF126: =IF(N126="snížená",J126,0) -> 0 | BG126: =IF(N126="zákl. přenesená",J126,0) -> 0 | BH126: =IF(N126="sníž. přenesená",J126,0) -> 0 | BI126: =IF(N126="nulová",J126,0) -> 0 | BJ126: 1 | BK126: =ROUND(I126*H126,2) -> 1050 | BL126: 4 | BM126: 6
C127: 4 | D127: K | E127: Pol145 | F127: Spojka IZIFLO PE32/ocel 1" | G127: ks | H127: 2 | I127: 1200 | J127: =ROUND(I127*H127,2) -> 2400 | N127: základní | P127: =O127*H127 -> 0 | Q127: 0 | R127: =Q127*H127 -> 0 | S127: 0 | T127: =S127*H127 -> 0 | AR127: 4 | AT127: K | AU127: 1 | AY127: ROZPOCET | BE127: =IF(N127="základní",J127,0) -> 2400 | BF127: =IF(N127="snížená",J127,0) -> 0 | BG127: =IF(N127="zákl. přenesená",J127,0) -> 0 | BH127: =IF(N127="sníž. přenesená",J127,0) -> 0 | BI127: =IF(N127="nulová",J127,0) -> 0 | BJ127: 1 | BK127: =ROUND(I127*H127,2) -> 2400 | BL127: 4 | BM127: 8
C128: 5 | D128: K | E128: Pol146 | F128: Přechodka PE32/ocel DN 25 | G128: ks | H128: 1 | I128: 1200 | J128: =ROUND(I128*H128,2) -> 1200 | N128: základní | P128: =O128*H128 -> 0 | Q128: 0 | R128: =Q128*H128 -> 0 | S128: 0 | T128: =S128*H128 -> 0 | AR128: 4 | AT128: K | AU128: 1 | AY128: ROZPOCET | BE128: =IF(N128="základní",J128,0) -> 1200 | BF128: =IF(N128="snížená",J128,0) -> 0 | BG128: =IF(N128="zákl. přenesená",J128,0) -> 0 | BH128: =IF(N128="sníž. přenesená",J128,0) -> 0 | BI128: =IF(N128="nulová",J128,0) -> 0 | BJ128: 1 | BK128: =ROUND(I128*H128,2) -> 1200 | BL128: 4 | BM128: 10
C129: 6 | D129: K | E129: Pol147 | F129: Trubka ocel. DN 25 i izolací PE | G129: m | H129: 1.5 | I129: 400 | J129: =ROUND(I129*H129,2) -> 600 | N129: základní | P129: =O129*H129 -> 0 | Q129: 0 | R129: =Q129*H129 -> 0 | S129: 0 | T129: =S129*H129 -> 0 | AR129: 4 | AT129: K | AU129: 1 | AY129: ROZPOCET | BE129: =IF(N129="základní",J129,0) -> 600 | BF129: =IF(N129="snížená",J129,0) -> 0 | BG129: =IF(N129="zákl. přenesená",J129,0) -> 0 | BH129: =IF(N129="sníž. přenesená",J129,0) -> 0 | BI129: =IF(N129="nulová",J129,0) -> 0 | BJ129: 1 | BK129: =ROUND(I129*H129,2) -> 600 | BL129: 4 | BM129: 12
C130: 7 | D130: K | E130: Pol148 | F130: Redukce DN 25/20 | G130: ks | H130: 1 | I130: 50 | J130: =ROUND(I130*H130,2) -> 50 | N130: základní | P130: =O130*H130 -> 0 | Q130: 0 | R130: =Q130*H130 -> 0 | S130: 0 | T130: =S130*H130 -> 0 | AR130: 4 | AT130: K | AU130: 1 | AY130: ROZPOCET | BE130: =IF(N130="základní",J130,0) -> 50 | BF130: =IF(N130="snížená",J130,0) -> 0 | BG130: =IF(N130="zákl. přenesená",J130,0) -> 0 | BH130: =IF(N130="sníž. přenesená",J130,0) -> 0 | BI130: =IF(N130="nulová",J130,0) -> 0 | BJ130: 1 | BK130: =ROUND(I130*H130,2) -> 50 | BL130: 4 | BM130: 14
C131: 8 | D131: K | E131: Pol149 | F131: Regulátor dvoustupňový B 10 | G131: ks | H131: 1 | I131: 3200 | J131: =ROUND(I131*H131,2) -> 3200 | N131: základní | P131: =O131*H131 -> 0 | Q131: 0 | R131: =Q131*H131 -> 0 | S131: 0 | T131: =S131*H131 -> 0 | AR131: 4 | AT131: K | AU131: 1 | AY131: ROZPOCET | BE131: =IF(N131="základní",J131,0) -> 3200 | BF131: =IF(N131="snížená",J131,0) -> 0 | BG131: =IF(N131="zákl. přenesená",J131,0) -> 0 | BH131: =IF(N131="sníž. přenesená",J131,0) -> 0 | BI131: =IF(N131="nulová",J131,0) -> 0 | BJ131: 1 | BK131: =ROUND(I131*H131,2) -> 3200 | BL131: 4 | BM131: 16
C132: 9 | D132: K | E132: Pol150 | F132: Kohout kulový DN 25 | G132: ks | H132: 2 | I132: 400 | J132: =ROUND(I132*H132,2) -> 800 | N132: základní | P132: =O132*H132 -> 0 | Q132: 0 | R132: =Q132*H132 -> 0 | S132: 0 | T132: =S132*H132 -> 0 | AR132: 4 | AT132: K | AU132: 1 | AY132: ROZPOCET | BE132: =IF(N132="základní",J132,0) -> 800 | BF132: =IF(N132="snížená",J132,0) -> 0 | BG132: =IF(N132="zákl. přenesená",J132,0) -> 0 | BH132: =IF(N132="sníž. přenesená",J132,0) -> 0 | BI132: =IF(N132="nulová",J132,0) -> 0 | BJ132: 1 | BK132: =ROUND(I132*H132,2) -> 800 | BL132: 4 | BM132: 18
C133: 10 | D133: K | E133: Pol151 | F133: Koleno jednoznačné DN 25 | G133: ks | H133: 5 | I133: 100 | J133: =ROUND(I133*H133,2) -> 500 | N133: základní | P133: =O133*H133 -> 0 | Q133: 0 | R133: =Q133*H133 -> 0 | S133: 0 | T133: =S133*H133 -> 0 | AR133: 4 | AT133: K | AU133: 1 | AY133: ROZPOCET | BE133: =IF(N133="základní",J133,0) -> 500 | BF133: =IF(N133="snížená",J133,0) -> 0 | BG133: =IF(N133="zákl. přenesená",J133,0) -> 0 | BH133: =IF(N133="sníž. přenesená",J133,0) -> 0 | BI133: =IF(N133="nulová",J133,0) -> 0 | BJ133: 1 | BK133: =ROUND(I133*H133,2) -> 500 | BL133: 4 | BM133: 20
C134: 11 | D134: K | E134: Pol152 | F134: Rozpěrka plynoměru | G134: ks | H134: 1 | I134: 200 | J134: =ROUND(I134*H134,2) -> 200 | N134: základní | P134: =O134*H134 -> 0 | Q134: 0 | R134: =Q134*H134 -> 0 | S134: 0 | T134: =S134*H134 -> 0 | AR134: 4 | AT134: K | AU134: 1 | AY134: ROZPOCET | BE134: =IF(N134="základní",J134,0) -> 200 | BF134: =IF(N134="snížená",J134,0) -> 0 | BG134: =IF(N134="zákl. přenesená",J134,0) -> 0 | BH134: =IF(N134="sníž. přenesená",J134,0) -> 0 | BI134: =IF(N134="nulová",J134,0) -> 0 | BJ134: 1 | BK134: =ROUND(I134*H134,2) -> 200 | BL134: 4 | BM134: 22
C135: 12 | D135: K | E135: Pol153 | F135: Instalační rám + montáž | G135: ks | H135: 1 | I135: 1500 | J135: =ROUND(I135*H135,2) -> 1500 | N135: základní | P135: =O135*H135 -> 0 | Q135: 0 | R135: =Q135*H135 -> 0 | S135: 0 | T135: =S135*H135 -> 0 | AR135: 4 | AT135: K | AU135: 1 | AY135: ROZPOCET | BE135: =IF(N135="základní",J135,0) -> 1500 | BF135: =IF(N135="snížená",J135,0) -> 0 | BG135: =IF(N135="zákl. přenesená",J135,0) -> 0 | BH135: =IF(N135="sníž. přenesená",J135,0) -> 0 | BI135: =IF(N135="nulová",J135,0) -> 0 | BJ135: 1 | BK135: =ROUND(I135*H135,2) -> 1500 | BL135: 4 | BM135: 24
... C147: 24 | D147: K | E147: Pol165 | F147: Kohout kulový HUP PE 32, vč. poklopu a zemní soupravy | G147: kpl | H147: 1 | I147: 3500 | J147: =ROUND(I147*H147,2) -> 3500 | N147: základní | P147: =O147*H147 -> 0 | Q147: 0 | R147: =Q147*H147 -> 0 | S147: 0 | T147: =S147*H147 -> 0 | AR147: 4 | AT147: K | AU147: 1 | AY147: ROZPOCET | BE147: =IF(N147="základní",J147,0) -> 3500 | BF147: =IF(N147="snížená",J147,0) -> 0 | BG147: =IF(N147="zákl. přenesená",J147,0) -> 0 | BH147: =IF(N147="sníž. přenesená",J147,0) -> 0 | BI147: =IF(N147="nulová",J147,0) -> 0 | BJ147: 1 | BK147: =ROUND(I147*H147,2) -> 3500 | BL147: 4 | BM147: 48
D148: D | E148: D2 | F148: Vnitřní plynovod Dodávka + montáž | J148: =BK148 -> 27360 | P148: =SUM(P149:P164) -> 0 | R148: =SUM(R149:R164) -> 0 | T148: =SUM(T149:T164) -> 0 | AR148: 1 | AT148: D | AU148: 0 | AY148: ROZPOCET | BK148: =SUM(BK149:BK164) -> 27360
C149: 25 | D149: K | E149: Pol167 | F149: DN 20 | G149: m | H149: 1 | I149: 300 | J149: =ROUND(I149*H149,2) -> 300 | N149: základní | P149: =O149*H149 -> 0 | Q149: 0 | R149: =Q149*H149 -> 0 | S149: 0 | T149: =S149*H149 -> 0 | AR149: 4 | AT149: K | AU149: 1 | AY149: ROZPOCET | BE149: =IF(N149="základní",J149,0) -> 300 | BF149: =IF(N149="snížená",J149,0) -> 0 | BG149: =IF(N149="zákl. přenesená",J149,0) -> 0 | BH149: =IF(N149="sníž. přenesená",J149,0) -> 0 | BI149: =IF(N149="nulová",J149,0) -> 0 | BJ149: 1 | BK149: =ROUND(I149*H149,2) -> 300 | BL149: 4 | BM149: 52
C150: 26 | D150: K | E150: Pol168 | F150: DN 25 | G150: m | H150: 4 | I150: 3150 | J150: =ROUND(I150*H150,2) -> 12600 | N150: základní | P150: =O150*H150 -> 0 | Q150: 0 | R150: =Q150*H150 -> 0 | S150: 0 | T150: =S150*H150 -> 0 | AR150: 4 | AT150: K | AU150: 1 | AY150: ROZPOCET | BE150: =IF(N150="základní",J150,0) -> 12600 | BF150: =IF(N150="snížená",J150,0) -> 0 | BG150: =IF(N150="zákl. přenesená",J150,0) -> 0 | BH150: =IF(N150="sníž. přenesená",J150,0) -> 0 | BI150: =IF(N150="nulová",J150,0) -> 0 | BJ150: 1 | BK150: =ROUND(I150*H150,2) -> 12600 | BL150: 4 | BM150: 54
C151: 27 | D151: K | E151: Pol169 | F151: Ocelové chráničky DN 40 | G151: m | H151: 0.5 | I151: 400 | J151: =ROUND(I151*H151,2) -> 200 | N151: základní | P151: =O151*H151 -> 0 | Q151: 0 | R151: =Q151*H151 -> 0 | S151: 0 | T151: =S151*H151 -> 0 | AR151: 4 | AT151: K | AU151: 1 | AY151: ROZPOCET | BE151: =IF(N151="základní",J151,0) -> 200 | BF151: =IF(N151="snížená",J151,0) -> 0 | BG151: =IF(N151="zákl. přenesená",J151,0) -> 0 | BH151: =IF(N151="sníž. přenesená",J151,0) -> 0 | BI151: =IF(N151="nulová",J151,0) -> 0 | BJ151: 1 | BK151: =ROUND(I151*H151,2) -> 200 | BL151: 4 | BM151: 56
C152: 28 | D152: K | E152: Pol170 | F152: Kulový kohout DN 20 | G152: ks | H152: 2 | I152: 230 | J152: =ROUND(I152*H152,2) -> 460 | N152: základní | P152: =O152*H152 -> 0 | Q152: 0 | R152: =Q152*H152 -> 0 | S152: 0 | T152: =S152*H152 -> 0 | AR152: 4 | AT152: K | AU152: 1 | AY152: ROZPOCET | BE152: =IF(N152="základní",J152,0) -> 460 | BF152: =IF(N152="snížená",J152,0) -> 0 | BG152: =IF(N152="zákl. přenesená",J152,0) -> 0 | BH152: =IF(N152="sníž. přenesená",J152,0) -> 0 | BI152: =IF(N152="nulová",J152,0) -> 0 | BJ152: 1 | BK152: =ROUND(I152*H152,2) -> 460 | BL152: 4 | BM152: 58
C153: 29 | D153: K | E153: Pol171 | F153: Konzole s objímkami k uchycení na stěnu | G153: cel. | H153: 1 | I153: 500 | J153: =ROUND(I153*H153,2) -> 500 | N153: základní | P153: =O153*H153 -> 0 | Q153: 0 | R153: =Q153*H153 -> 0 | S153: 0 | T153: =S153*H153 -> 0 | AR153: 4 | AT153: K | AU153: 1 | AY153: ROZPOCET | BE153: =IF(N153="základní",J153,0) -> 500 | BF153: =IF(N153="snížená",J153,0) -> 0 | BG153: =IF(N153="zákl. přenesená",J153,0) -> 0 | BH153: =IF(N153="sníž. přenesená",J153,0) -> 0 | BI153: =IF(N153="nulová",J153,0) -> 0 | BJ153: 1 | BK153: =ROUND(I153*H153,2) -> 500 | BL153: 4 | BM153: 60
C154: 30 | D154: K | E154: Pol172 | F154: Pospojování, uzemnění a ochrana proti blesku | G154: cel. | H154: 1 | I154: 300 | J154: =ROUND(I154*H154,2) -> 300 | N154: základní | P154: =O154*H154 -> 0 | Q154: 0 | R154: =Q154*H154 -> 0 | S154: 0 | T154: =S154*H154 -> 0 | AR154: 4 | AT154: K | AU154: 1 | AY154: ROZPOCET | BE154: =IF(N154="základní",J154,0) -> 300 | BF154: =IF(N154="snížená",J154,0) -> 0 | BG154: =IF(N154="zákl. přenesená",J154,0) -> 0 | BH154: =IF(N154="sníž. přenesená",J154,0) -> 0 | BI154: =IF(N154="nulová",J154,0) -> 0 | BJ154: 1 | BK154: =ROUND(I154*H154,2) -> 300 | BL154: 4 | BM154: 62
C155: 31 | D155: K | E155: Pol173 | F155: Propojení rozvodů | G155: obj. | H155: 1 | I155: 300 | J155: =ROUND(I155*H155,2) -> 300 | N155: základní | P155: =O155*H155 -> 0 | Q155: 0 | R155: =Q155*H155 -> 0 | S155: 0 | T155: =S155*H155 -> 0 | AR155: 4 | AT155: K | AU155: 1 | AY155: ROZPOCET | BE155: =IF(N155="základní",J155,0) -> 300 | BF155: =IF(N155="snížená",J155,0) -> 0 | BG155: =IF(N155="zákl. přenesená",J155,0) -> 0 | BH155: =IF(N155="sníž. přenesená",J155,0) -> 0 | BI155: =IF(N155="nulová",J155,0) -> 0 | BJ155: 1 | BK155: =ROUND(I155*H155,2) -> 300 | BL155: 4 | BM155: 64
C156: 32 | D156: K | E156: Pol174 | F156: Napuštění plynu, odvzdušnění | G156: obj. | H156: 1 | I156: 1200 | J156: =ROUND(I156*H156,2) -> 1200 | N156: základní | P156: =O156*H156 -> 0 | Q156: 0 | R156: =Q156*H156 -> 0 | S156: 0 | T156: =S156*H156 -> 0 | AR156: 4 | AT156: K | AU156: 1 | AY156: ROZPOCET | BE156: =IF(N156="základní",J156,0) -> 1200 | BF156: =IF(N156="snížená",J156,0) -> 0 | BG156: =IF(N156="zákl. přenesená",J156,0) -> 0 | BH156: =IF(N156="sníž. přenesená",J156,0) -> 0 | BI156: =IF(N156="nulová",J156,0) -> 0 | BJ156: 1 | BK156: =ROUND(I156*H156,2) -> 1200 | BL156: 4 | BM156: 66
C157: 33 | D157: K | E157: Pol175 | F157: Revize zařízení | G157: hod | H157: 6 | I157: 400 | J157: =ROUND(I157*H157,2) -> 2400 | N157: základní | P157: =O157*H157 -> 0 | Q157: 0 | R157: =Q157*H157 -> 0 | S157: 0 | T157: =S157*H157 -> 0 | AR157: 4 | AT157: K | AU157: 1 | AY157: ROZPOCET | BE157: =IF(N157="základní",J157,0) -> 2400 | BF157: =IF(N157="snížená",J157,0) -> 0 | BG157: =IF(N157="zákl. přenesená",J157,0) -> 0 | BH157: =IF(N157="sníž. přenesená",J157,0) -> 0 | BI157: =IF(N157="nulová",J157,0) -> 0 | BJ157: 1 | BK157: =ROUND(I157*H157,2) -> 2400 | BL157: 4 | BM157: 68
C158: 34 | D158: K | E158: Pol176 | F158: Náklady na rizika montážních prací | G158: cel. | H158: 1 | I158: 0 | J158: =ROUND(I158*H158,2) -> 0 | N158: základní | P158: =O158*H158 -> 0 | Q158: 0 | R158: =Q158*H158 -> 0 | S158: 0 | T158: =S158*H158 -> 0 | AR158: 4 | AT158: K | AU158: 1 | AY158: ROZPOCET | BE158: =IF(N158="základní",J158,0) -> 0 | BF158: =IF(N158="snížená",J158,0) -> 0 | BG158: =IF(N158="zákl. přenesená",J158,0) -> 0 | BH158: =IF(N158="sníž. přenesená",J158,0) -> 0 | BI158: =IF(N158="nulová",J158,0) -> 0 | BJ158: 1 | BK158: =ROUND(I158*H158,2) -> 0 | BL158: 4 | BM158: 70
C159: 35 | D159: K | E159: Pol177 | F159: Dodávka a provedení nátěrů potrubí a doplňkových konstrukcí, označení potrubí dle provozní tekutiny. Nátěry - 1x základní a 2x vrchní nátěr syntetický ocelových potrubí a doplňkových konstrukcí (žlutá, ostín 6200) | G159: kpl | H159: 1 | I159: 2000 | J159: =ROUND(I159*H159,2) -> 2000 | N159: základní | P159: =O159*H159 -> 0 | Q159: 0 | R159: =Q159*H159 -> 0 | S159: 0 | T159: =S159*H159 -> 0 | AR159: 4 | AT159: K | AU159: 1 | AY159: ROZPOCET | BE159: =IF(N159="základní",J159,0) -> 2000 | BF159: =IF(N159="snížená",J159,0) -> 0 | BG159: =IF(N159="zákl. přenesená",J159,0) -> 0 | BH159: =IF(N159="sníž. přenesená",J159,0) -> 0 | BI159: =IF(N159="nulová",J159,0) -> 0 | BJ159: 1 | BK159: =ROUND(I159*H159,2) -> 2000 | BL159: 4 | BM159: 72
C160: 36 | D160: K | E160: Pol178 | F160: Štítky a označení zhotovených potrubních rozvodů s provozní látkou – směr toku a druh media (provést po dohodě s investorem a s přihlédnutím k ČSN 13 0072-74 ) | G160: kpl | H160: 1 | I160: 400 | J160: =ROUND(I160*H160,2) -> 400 | N160: základní | P160: =O160*H160 -> 0 | Q160: 0 | R160: =Q160*H160 -> 0 | S160: 0 | T160: =S160*H160 -> 0 | AR160: 4 | AT160: K | AU160: 1 | AY160: ROZPOCET | BE160: =IF(N160="základní",J160,0) -> 400 | BF160: =IF(N160="snížená",J160,0) -> 0 | BG160: =IF(N160="zákl. přenesená",J160,0) -> 0 | BH160: =IF(N160="sníž. přenesená",J160,0) -> 0 | BI160: =IF(N160="nulová",J160,0) -> 0 | BJ160: 1 | BK160: =ROUND(I160*H160,2) -> 400 | BL160: 4 | BM160: 74
... C164: 40 | D164: K | E164: Pol182 | F164: Závěsný systém-stavebnicový systém firem Hilti, Sikla, Mupro nebo závěsný systém vlasního návrhu - návrh podpěrných doplňkových konstrukcí včetně vypracování detailních výkresů. | G164: kpl | H164: 1 | I164: 700 | J164: =ROUND(I164*H164,2) -> 700 | N164: základní | P164: =O164*H164 -> 0 | Q164: 0 | R164: =Q164*H164 -> 0 | S164: 0 | T164: =S164*H164 -> 0 | AR164: 4 | AT164: K | AU164: 1 | AY164: ROZPOCET | BE164: =IF(N164="základní",J164,0) -> 700 | BF164: =IF(N164="snížená",J164,0) -> 0 | BG164: =IF(N164="zákl. přenesená",J164,0) -> 0 | BH164: =IF(N164="sníž. přenesená",J164,0) -> 0 | BI164: =IF(N164="nulová",J164,0) -> 0 | BJ164: 1 | BK164: =ROUND(I164*H164,2) -> 700 | BL164: 4 | BM164: 82

Sheet D1.510 - Vzduchotechnika
AT2: {c9dfe3ad-13fb-40cc-bd79-bc5ce546b322}
AT3: 2
D4: KRYCÍ LIST SOUPISU PRACÍ | M4: v --- níže se nacházejí doplnkové a pomocné údaje k sestavám --- v | AT4: False
D6: Stavba:
E7: ='Rekapitulace stavby'!K6 -> Bytový soubor Libuše
D8: Objekt:
E9: 01 - Bytové domy A, B, C, D vč. podzemního podlaží
D10: Soupis:
E11: D1.510 - Vzduchotechnika
D13: KSO: | I13: CC-CZ:
D14: Místo: | F14: Praha | I14: Datum: | J14: ='Rekapitulace stavby'!AN8 -> 45000
D16: Zadavatel: | I16: IČ:
E17: VELTON REAL ESTATE | I17: DIČ:
D19: Uchazeč: | I19: IČ: | J19: ='Rekapitulace stavby'!AN13 -> 08004013
E20: ='Rekapitulace stavby'!E14 -> DMG Stav a.s. | I20: DIČ: | J20: ='Rekapitulace stavby'!AN14 -> CZ 08004013
D22: Projektant: | I22: IČ:
E23: ABMV World s.r.o | I23: DIČ:
D25: Zpracovatel: | I25: IČ:
E26: QSB s.r.o. | I26: DIČ:
D28: Poznámka:
D32: Cena bez DPH | J32: =ROUND(J150,2) -> 3746900
F34: Základ daně | I34: Sazba daně | J34: Výše daně
D35: DPH | E35: základní | F35: =ROUND((SUM(BE150:BE427)),2) -> 3746900 | I35: 0.21 | J35: =ROUND(((SUM(BE150:BE427))*I35),2) -> 786849
E36: snížená | F36: =ROUND((SUM(BF150:BF427)),2) -> 0 | I36: 0.15 | J36: =ROUND(((SUM(BF150:BF427))*I36),2) -> 0
E37: zákl. přenesená | F37: =ROUND((SUM(BG150:BG427)),2) -> 0 | I37: 0.21 | J37: =0 -> 0
E38: sníž. přenesená | F38: =ROUND((SUM(BH150:BH427)),2) -> 0 | I38: 0.15 | J38: =0 -> 0
E39: nulová | F39: =ROUND((SUM(BI150:BI427)),2) -> 0 | I39: 0 | J39: =0 -> 0
D41: Cena s DPH | G41: v | H41: CZK | J41: =SUM(J32:J39) -> 4533749
D50: Projektant | G50: Zpracovatel
D61: Datum a podpis: | F61: Razítko | G61: Datum a podpis: | J61: Razítko
D65: Objednavatel | G65: Uchazeč
D76: Datum a podpis: | F76: Razítko | G76: Datum a podpis: | J76: Razítko
C82: REKAPITULACE ČLENĚNÍ SOUPISU PRACÍ
C84: Stavba:
E85: =E7 -> Bytový soubor Libuše
C86: Objekt:
E87: 01 - Bytové domy A, B, C, D vč. podzemního podlaží
C88: Soupis:
E89: =E11 -> D1.510 - Vzduchotechnika
C91: Místo: | F91: =F14 -> Praha | I91: Datum: | J91: =IF(J14="","",J14) -> 45000
C93: Zadavatel: | F93: =E17 -> VELTON REAL ESTATE | I93: Projektant: | J93: =E23 -> ABMV World s.r.o
C94: Uchazeč: | F94: =IF(E20="","",E20) -> DMG Stav a.s. | I94: Zpracovatel: | J94: =E26 -> QSB s.r.o.
C96: Kód dílu - Popis | J96: Cena celkem [CZK]
C98: Náklady ze soupisu prací | J98: =J150 -> 3746900 | AU98: -1
D99: D1 - OBJEKT A | J99: =J151 -> 1061060
D100: D2 - AHU1 - Větrání sklepů | J100: =J152 -> 222380
D101: D3 - AHU2.1 - Větrání bytů | J101: =J176 -> 427260
D102: D4 - AHU2.2 - Větrání bytů | J102: =J189 -> 80050
D103: D5 - AHU11 - Větrání nebytového prostoru | J103: =J203 -> 110110
D104: D6 - AHU12 - Větrání nebytového prostoru | J104: =J218 -> 94210
D105: D7 - AHU13 - Větrání nebytového prostoru | J105: =J231 -> 89790
D106: D8 - EF5 - Odvětrání sociálního zařízení v 1np | J106: =J243 -> 9290
D107: D9 - EF6 - Odvětrání sociálního zařízení v 1np | J107: =J249 -> 8960
D108: D10 - EF7 - Odvětrání sociálního zařízení v 1np | J108: =J255 -> 8960
D109: D11 - Odvod vzduchu od kuchyňských digestoří | J109: =J261 -> 10050
D110: D12 - OBJEKT B | J110: =J265 -> 797000
D111: D13 - EF3 - Podzemní parkoviště v 1pp | J111: =J266 -> 118820
D112: D14 - AHU3.1 - Větrání bytů | J112: =J279 -> 142360
D113: D15 - AHU3.2 - Větrání bytů | J113: =J291 -> 435550
D114: D16 - AHU3.3 - Větrání bytů | J114: =J303 -> 85120
D115: D11 - Odvod vzduchu od kuchyňských digestoří | J115: =J315 -> 15150
D116: D17 - OBJEKT C | J116: =J320 -> 738770
D117: D18 - EF4 - Podzemní parkoviště v 1pp | J117: =J321 -> 91080
D118: D19 - AHU4.1 - Větrání bytů | J118: =J332 -> 350830
D119: D20 - AHU4.2 - Větrání bytů | J119: =J345 -> 285070
D120: D11 - Odvod vzduchu od kuchyňských digestoří | J120: =J358 -> 11790
D121: D21 - OBJEKT D | J121: =J363 -> 1085070
D122: D22 - AHU6 - Větrání sklepů | J122: =J364 -> 270240
D123: D23 - EF1 - Odvětrání kotelny v 1pp | J123: =J384 -> 24300
D124: D24 - AHU5.1 - Větrání bytů | J124: =J392 -> 420930
D125: D25 - AHU5.2 - Větrání bytů | J125: =J406 -> 354040
D126: D11 - Odvod vzduchu od kuchyňských digestoří | J126: =J419 -> 15560
D127: D26 - SPOLEČNÉ | J127: =J423 -> 65000
D128: D27 - Ostatní | J128: =J424 -> 65000
C135: SOUPIS PRACÍ
C137: Stavba:
E138: =E7 -> Bytový soubor Libuše
C139: Objekt:
E140: 01 - Bytové domy A, B, C, D vč. podzemního podlaží
C141: Soupis:
E142: =E11 -> D1.510 - Vzduchotechnika
C144: Místo: | F144: =F14 -> Praha | I144: Datum: | J144: =IF(J14="","",J14) -> 45000
C146: Zadavatel: | F146: =E17 -> VELTON REAL ESTATE | I146: Projektant: | J146: =E23 -> ABMV World s.r.o
C147: Uchazeč: | F147: =IF(E20="","",E20) -> DMG Stav a.s. | I147: Zpracovatel: | J147: =E26 -> QSB s.r.o.
C149: PČ | D149: Typ | E149: Kód | F149: Popis | G149: MJ | H149: Množství | I149: J.cena [CZK] | J149: Cena celkem [CZK] | K149: Cenová soustava | N149: DPH | O149: J. Nh [h] | P149: Nh celkem [h] | Q149: J. hmotnost [t] | R149: Hmotnost celkem [t] | S149: J. suť [t] | T149: Suť Celkem [t]
C150: Náklady soupisu celkem | J150: =BK150 -> 3746900 | P150: =P151+P265+P320+P363+P423 -> 0 | R150: =R151+R265+R320+R363+R423 -> 0 | T150: =T151+T265+T320+T363+T423 -> 0 | AT150: D | AU150: -1 | BK150: =BK151+BK265+BK320+BK363+BK423 -> 3746900
D151: D | E151: D1 | F151: OBJEKT A | J151: =BK151 -> 1061060 | P151: =P152+P176+P189+P203+P218+P231+P243+P249+P255+P261 -> 0 | R151: =R152+R176+R189+R203+R218+R231+R243+R249+R255+R261 -> 0 | T151: =T152+T176+T189+T203+T218+T231+T243+T249+T255+T261 -> 0 | AR151: 1 | AT151: D | AU151: 0 | AY151: ROZPOCET | BK151: =BK152+BK176+BK189+BK203+BK218+BK231+BK243+BK249+BK255+BK261 -> 1061060
D152: D | E152: D2 | F152: AHU1 - Větrání sklepů | J152: =BK152 -> 222380 | P152: =SUM(P153:P175) -> 0 | R152: =SUM(R153:R175) -> 0 | T152: =SUM(T153:T175) -> 0 | AR152: 1 | AT152: D | AU152: 1 | AY152: ROZPOCET | BK152: =SUM(BK153:BK175) -> 222380
C153: 1 | D153: K | E153: AHU1 | F153: Vzduchotechnická jednotka DUPLEX 650 Flexi RD5 | G153: ks | H153: 1 | I153: 112000 | J153: =ROUND(I153*H153,2) -> 112000 | N153: základní | P153: =O153*H153 -> 0 | Q153: 0 | R153: =Q153*H153 -> 0 | S153: 0 | T153: =S153*H153 -> 0 | AR153: 4 | AT153: K | AU153: 2 | AY153: ROZPOCET | BE153: =IF(N153="základní",J153,0) -> 112000 | BF153: =IF(N153="snížená",J153,0) -> 0 | BG153: =IF(N153="zákl. přenesená",J153,0) -> 0 | BH153: =IF(N153="sníž. přenesená",J153,0) -> 0 | BI153: =IF(N153="nulová",J153,0) -> 0 | BJ153: 1 | BK153: =ROUND(I153*H153,2) -> 112000 | BL153: 4 | BM153: 2
D154: P | F154: Poznámka k položce:_x000D_ Složení: klapka, filtr EU7, rekuperační výměník, ventilátor s Ecmotorem_x000D_ Odvod: klapka, filtr EU5, ventilátor s ECmotorem_x000D_ Vp = 610m3/h / Pext = 220 Pa_x000D_ Vo = 610m3/h / Pext = 220 Pa_x000D_ jednotka vč.: _x000D_ pružných vložek na sání a výtlaku z jednotky, MaR | AT154: P | AU154: 2
C155: 2 | D155: K | E155: Pol183 | F155: Tlumič hluku do kruhového potrubí MAA200/600 | G155: ks | H155: 6 | I155: 2200 | J155: =ROUND(I155*H155,2) -> 13200 | N155: základní | P155: =O155*H155 -> 0 | Q155: 0 | R155: =Q155*H155 -> 0 | S155: 0 | T155: =S155*H155 -> 0 | AR155: 4 | AT155: K | AU155: 2 | AY155: ROZPOCET | BE155: =IF(N155="základní",J155,0) -> 13200 | BF155: =IF(N155="snížená",J155,0) -> 0 | BG155: =IF(N155="zákl. přenesená",J155,0) -> 0 | BH155: =IF(N155="sníž. přenesená",J155,0) -> 0 | BI155: =IF(N155="nulová",J155,0) -> 0 | BJ155: 1 | BK155: =ROUND(I155*H155,2) -> 13200 | BL155: 4 | BM155: 4
C156: 3 | D156: K | E156: Pol184 | F156: Tlumič hluku do kruhového potrubí MAA200/900 | G156: ks | H156: 1 | I156: 2700 | J156: =ROUND(I156*H156,2) -> 2700 | N156: základní | P156: =O156*H156 -> 0 | Q156: 0 | R156: =Q156*H156 -> 0 | S156: 0 | T156: =S156*H156 -> 0 | AR156: 4 | AT156: K | AU156: 2 | AY156: ROZPOCET | BE156: =IF(N156="základní",J156,0) -> 2700 | BF156: =IF(N156="snížená",J156,0) -> 0 | BG156: =IF(N156="zákl. přenesená",J156,0) -> 0 | BH156: =IF(N156="sníž. přenesená",J156,0) -> 0 | BI156: =IF(N156="nulová",J156,0) -> 0 | BJ156: 1 | BK156: =ROUND(I156*H156,2) -> 2700 | BL156: 4 | BM156: 6
C157: 4 | D157: K | E157: Pol185 | F157: Odvodní talířový ventil D80 | G157: ks | H157: 13 | I157: 120 | J157: =ROUND(I157*H157,2) -> 1560 | N157: základní | P157: =O157*H157 -> 0 | Q157: 0 | R157: =Q157*H157 -> 0 | S157: 0 | T157: =S157*H157 -> 0 | AR157: 4 | AT157: K | AU157: 2 | AY157: ROZPOCET | BE157: =IF(N157="základní",J157,0) -> 1560 | BF157: =IF(N157="snížená",J157,0) -> 0 | BG157: =IF(N157="zákl. přenesená",J157,0) -> 0 | BH157: =IF(N157="sníž. přenesená",J157,0) -> 0 | BI157: =IF(N157="nulová",J157,0) -> 0 | BJ157: 1 | BK157: =ROUND(I157*H157,2) -> 1560 | BL157: 4 | BM157: 8
C158: 5 | D158: K | E158: Pol186 | F158: Odvodní talířový ventil D100 | G158: ks | H158: 3 | I158: 180 | J158: =ROUND(I158*H158,2) -> 540 | N158: základní | P158: =O158*H158 -> 0 | Q158: 0 | R158: =Q158*H158 -> 0 | S158: 0 | T158: =S158*H158 -> 0 | AR158: 4 | AT158: K | AU158: 2 | AY158: ROZPOCET | BE158: =IF(N158="základní",J158,0) -> 540 | BF158: =IF(N158="snížená",J158,0) -> 0 | BG158: =IF(N158="zákl. přenesená",J158,0) -> 0 | BH158: =IF(N158="sníž. přenesená",J158,0) -> 0 | BI158: =IF(N158="nulová",J158,0) -> 0 | BJ158: 1 | BK158: =ROUND(I158*H158,2) -> 540 | BL158: 4 | BM158: 10
C159: 6 | D159: K | E159: Pol187 | F159: Odvodní talířový ventil D125 | G159: ks | H159: 1 | I159: 180 | J159: =ROUND(I159*H159,2) -> 180 | N159: základní | P159: =O159*H159 -> 0 | Q159: 0 | R159: =Q159*H159 -> 0 | S159: 0 | T159: =S159*H159 -> 0 | AR159: 4 | AT159: K | AU159: 2 | AY159: ROZPOCET | BE159: =IF(N159="základní",J159,0) -> 180 | BF159: =IF(N159="snížená",J159,0) -> 0 | BG159: =IF(N159="zákl. přenesená",J159,0) -> 0 | BH159: =IF(N159="sníž. přenesená",J159,0) -> 0 | BI159: =IF(N159="nulová",J159,0) -> 0 | BJ159: 1 | BK159: =ROUND(I159*H159,2) -> 180 | BL159: 4 | BM159: 12
C160: 7 | D160: K | E160: Pol188 | F160: Odvodní talířový ventil D160 | G160: ks | H160: 1 | I160: 220 | J160: =ROUND(I160*H160,2) -> 220 | N160: základní | P160: =O160*H160 -> 0 | Q160: 0 | R160: =Q160*H160 -> 0 | S160: 0 | T160: =S160*H160 -> 0 | AR160: 4 | AT160: K | AU160: 2 | AY160: ROZPOCET | BE160: =IF(N160="základní",J160,0) -> 220 | BF160: =IF(N160="snížená",J160,0) -> 0 | BG160: =IF(N160="zákl. přenesená",J160,0) -> 0 | BH160: =IF(N160="sníž. přenesená",J160,0) -> 0 | BI160: =IF(N160="nulová",J160,0) -> 0 | BJ160: 1 | BK160: =ROUND(I160*H160,2) -> 220 | BL160: 4 | BM160: 14
C161: 8 | D161: K | E161: Pol189 | F161: Přívodní talířový ventil D100 | G161: ks | H161: 2 | I161: 120 | J161: =ROUND(I161*H161,2) -> 240 | N161: základní | P161: =O161*H161 -> 0 | Q161: 0 | R161: =Q161*H161 -> 0 | S161: 0 | T161: =S161*H161 -> 0 | AR161: 4 | AT161: K | AU161: 2 | AY161: ROZPOCET | BE161: =IF(N161="základní",J161,0) -> 240 | BF161: =IF(N161="snížená",J161,0) -> 0 | BG161: =IF(N161="zákl. přenesená",J161,0) -> 0 | BH161: =IF(N161="sníž. přenesená",J161,0) -> 0 | BI161: =IF(N161="nulová",J161,0) -> 0 | BJ161: 1 | BK161: =ROUND(I161*H161,2) -> 240 | BL161: 4 | BM161: 16
C162: 9 | D162: K | E162: Pol190 | F162: Přívodní talířový ventil D125 | G162: ks | H162: 9 | I162: 120 | J162: =ROUND(I162*H162,2) -> 1080 | N162: základní | P162: =O162*H162 -> 0 | Q162: 0 | R162: =Q162*H162 -> 0 | S162: 0 | T162: =S162*H162 -> 0 | AR162: 4 | AT162: K | AU162: 2 | AY162: ROZPOCET | BE162: =IF(N162="základní",J162,0) -> 1080 | BF162: =IF(N162="snížená",J162,0) -> 0 | BG162: =IF(N162="zákl. přenesená",J162,0) -> 0 | BH162: =IF(N162="sníž. přenesená",J162,0) -> 0 | BI162: =IF(N162="nulová",J162,0) -> 0 | BJ162: 1 | BK162: =ROUND(I162*H162,2) -> 1080 | BL162: 4 | BM162: 18
C163: 10 | D163: K | E163: Pol191 | F163: Regulátor průtoku vzduchu D100 | G163: ks | H163: 2 | I163: 2500 | J163: =ROUND(I163*H163,2) -> 5000 | N163: základní | P163: =O163*H163 -> 0 | Q163: 0 | R163: =Q163*H163 -> 0 | S163: 0 | T163: =S163*H163 -> 0 | AR163: 4 | AT163: K | AU163: 2 | AY163: ROZPOCET | BE163: =IF(N163="základní",J163,0) -> 5000 | BF163: =IF(N163="snížená",J163,0) -> 0 | BG163: =IF(N163="zákl. přenesená",J163,0) -> 0 | BH163: =IF(N163="sníž. přenesená",J163,0) -> 0 | BI163: =IF(N163="nulová",J163,0) -> 0 | BJ163: 1 | BK163: =ROUND(I163*H163,2) -> 5000 | BL163: 4 | BM163: 20
C164: 11 | D164: K | E164: Pol192 | F164: Regulátor průtoku vzduchu D125 | G164: ks | H164: 3 | I164: 2700 | J164: =ROUND(I164*H164,2) -> 8100 | N164: základní | P164: =O164*H164 -> 0 | Q164: 0 | R164: =Q164*H164 -> 0 | S164: 0 | T164: =S164*H164 -> 0 | AR164: 4 | AT164: K | AU164: 2 | AY164: ROZPOCET | BE164: =IF(N164="základní",J164,0) -> 8100 | BF164: =IF(N164="snížená",J164,0) -> 0 | BG164: =IF(N164="zákl. přenesená",J164,0) -> 0 | BH164: =IF(N164="sníž. přenesená",J164,0) -> 0 | BI164: =IF(N164="nulová",J164,0) -> 0 | BJ164: 1 | BK164: =ROUND(I164*H164,2) -> 8100 | BL164: 4 | BM164: 22
...

Sheet D1.520 - Rozvody chladu
AT2: {8e6ed8be-8277-45a1-8ce1-1a62c411eb53}
AT3: 2
D4: KRYCÍ LIST SOUPISU PRACÍ | M4: v --- níže se nacházejí doplnkové a pomocné údaje k sestavám --- v | AT4: False
D6: Stavba:
E7: ='Rekapitulace stavby'!K6 -> Bytový soubor Libuše
D8: Objekt:
E9: 01 - Bytové domy A, B, C, D vč. podzemního podlaží
D10: Soupis:
E11: D1.520 - Rozvody chladu
D13: KSO: | I13: CC-CZ:
D14: Místo: | F14: Praha | I14: Datum: | J14: ='Rekapitulace stavby'!AN8 -> 45000
D16: Zadavatel: | I16: IČ:
E17: VELTON REAL ESTATE | I17: DIČ:
D19: Uchazeč: | I19: IČ: | J19: ='Rekapitulace stavby'!AN13 -> 08004013
E20: ='Rekapitulace stavby'!E14 -> DMG Stav a.s. | I20: DIČ: | J20: ='Rekapitulace stavby'!AN14 -> CZ 08004013
D22: Projektant: | I22: IČ:
E23: ABMV World s.r.o | I23: DIČ:
D25: Zpracovatel: | I25: IČ:
E26: QSB s.r.o. | I26: DIČ:
D28: Poznámka:
D32: Cena bez DPH | J32: =ROUND(J144,2) -> 5661300
F34: Základ daně | I34: Sazba daně | J34: Výše daně
D35: DPH | E35: základní | F35: =ROUND((SUM(BE144:BE330)),2) -> 5661300 | I35: 0.21 | J35: =ROUND(((SUM(BE144:BE330))*I35),2) -> 1188873
E36: snížená | F36: =ROUND((SUM(BF144:BF330)),2) -> 0 | I36: 0.15 | J36: =ROUND(((SUM(BF144:BF330))*I36),2) -> 0
E37: zákl. přenesená | F37: =ROUND((SUM(BG144:BG330)),2) -> 0 | I37: 0.21 | J37: =0 -> 0
E38: sníž. přenesená | F38: =ROUND((SUM(BH144:BH330)),2) -> 0 | I38: 0.15 | J38: =0 -> 0
E39: nulová | F39: =ROUND((SUM(BI144:BI330)),2) -> 0 | I39: 0 | J39: =0 -> 0
D41: Cena s DPH | G41: v | H41: CZK | J41: =SUM(J32:J39) -> 6850173
D50: Projektant | G50: Zpracovatel
D61: Datum a podpis: | F61: Razítko | G61: Datum a podpis: | J61: Razítko
D65: Objednavatel | G65: Uchazeč
D76: Datum a podpis: | F76: Razítko | G76: Datum a podpis: | J76: Razítko
C82: REKAPITULACE ČLENĚNÍ SOUPISU PRACÍ
C84: Stavba:
E85: =E7 -> Bytový soubor Libuše
C86: Objekt:
E87: 01 - Bytové domy A, B, C, D vč. podzemního podlaží
C88: Soupis:
E89: =E11 -> D1.520 - Rozvody chladu
C91: Místo: | F91: =F14 -> Praha | I91: Datum: | J91: =IF(J14="","",J14) -> 45000
C93: Zadavatel: | F93: =E17 -> VELTON REAL ESTATE | I93: Projektant: | J93: =E23 -> ABMV World s.r.o
C94: Uchazeč: | F94: =IF(E20="","",E20) -> DMG Stav a.s. | I94: Zpracovatel: | J94: =E26 -> QSB s.r.o.
C96: Kód dílu - Popis | J96: Cena celkem [CZK]
C98: Náklady ze soupisu prací | J98: =J144 -> 5661300 | AU98: -1
D99: D1 - OBJEKT A | J99: =J145 -> 1200425
D100: 1. - Venkovní jednotky chlazení, příslušenství - DAIKIN | J100: =J146 -> 525000
D101: 2. - Vnitřní jednotky chlazení, příslušenství - DAIKIN | J101: =J149 -> 428500
D102: D2 - Potrubí pro chladivo včetně izolaci tepelná vodivost max 0,038W/mK R410A | J102: =J170 -> 146175
D103: 3. - Pomocný a montážní materiál | J103: =J187 -> 65750
D104: 4. - Práce nutné pro kompletaci díla | J104: =J192 -> 35000
D105: D3 - OBJEKT B | J105: =J197 -> 1558180
D106: 1. - Venkovní jednotky chlazení, příslušenství - DAIKIN | J106: =J198 -> 655000
D107: 2. - Vnitřní jednotky chlazení, příslušenství - DAIKIN | J107: =J201 -> 596600
D108: D2 - Potrubí pro chladivo včetně izolaci tepelná vodivost max 0,038W/mK R410A | J108: =J216 -> 196380
D109: 3. - Pomocný a montážní materiál | J109: =J233 -> 75200
D110: 4. - Práce nutné pro kompletaci díla | J110: =J238 -> 35000
D111: D4 - OBJEKT C | J111: =J243 -> 1305245
D112: 1. - Venkovní jednotky chlazení, příslušenství - DAIKIN | J112: =J244 -> 525000
D113: 2. - Vnitřní jednotky chlazení, příslušenství - DAIKIN | J113: =J247 -> 518700
D114: D2 - Potrubí pro chladivo včetně izolaci tepelná vodivost max 0,038W/mK R410A | J114: =J260 -> 156920
D115: 3. - Pomocný a montážní materiál | J115: =J273 -> 59625
D116: 4. - Práce nutné pro kompletaci díla | J116: =J278 -> 45000
D117: D5 - OBJEKT D | J117: =J284 -> 1597450
D118: 1. - Venkovní jednotky chlazení, příslušenství - DAIKIN | J118: =J285 -> 655000
D119: 2. - Vnitřní jednotky chlazení, příslušenství - DAIKIN | J119: =J288 -> 629700
D120: D2 - Potrubí pro chladivo včetně izolaci tepelná vodivost max 0,038W/mK R410A | J120: =J303 -> 192550
D121: 3. - Pomocný a montážní materiál | J121: =J320 -> 75200
D122: 4. - Práce nutné pro kompletaci díla | J122: =J325 -> 45000
C129: SOUPIS PRACÍ
C131: Stavba:
E132: =E7 -> Bytový soubor Libuše
C133: Objekt:
E134: 01 - Bytové domy A, B, C, D vč. podzemního podlaží
C135: Soupis:
E136: =E11 -> D1.520 - Rozvody chladu
C138: Místo: | F138: =F14 -> Praha | I138: Datum: | J138: =IF(J14="","",J14) -> 45000
C140: Zadavatel: | F140: =E17 -> VELTON REAL ESTATE | I140: Projektant: | J140: =E23 -> ABMV World s.r.o
C141: Uchazeč: | F141: =IF(E20="","",E20) -> DMG Stav a.s. | I141: Zpracovatel: | J141: =E26 -> QSB s.r.o.
C143: PČ | D143: Typ | E143: Kód | F143: Popis | G143: MJ | H143: Množství | I143: J.cena [CZK] | J143: Cena celkem [CZK] | K143: Cenová soustava | N143: DPH | O143: J. Nh [h] | P143: Nh celkem [h] | Q143: J. hmotnost [t] | R143: Hmotnost celkem [t] | S143: J. suť [t] | T143: Suť Celkem [t]
C144: Náklady soupisu celkem | J144: =BK144 -> 5661300 | P144: =P145+P197+P243+P284 -> 0 | R144: =R145+R197+R243+R284 -> 0 | T144: =T145+T197+T243+T284 -> 0 | AT144: D | AU144: -1 | BK144: =BK145+BK197+BK243+BK284 -> 5661300
D145: D | E145: D1 | F145: OBJEKT A | J145: =BK145 -> 1200425 | P145: =P146+P149+P170+P187+P192 -> 0 | R145: =R146+R149+R170+R187+R192 -> 0 | T145: =T146+T149+T170+T187+T192 -> 0 | AR145: 1 | AT145: D | AU145: 0 | AY145: ROZPOCET | BK145: =BK146+BK149+BK170+BK187+BK192 -> 1200425
D146: D | E146: 1. | F146: Venkovní jednotky chlazení, příslušenství - DAIKIN | J146: =BK146 -> 525000 | P146: =SUM(P147:P148) -> 0 | R146: =SUM(R147:R148) -> 0 | T146: =SUM(T147:T148) -> 0 | AR146: 1 | AT146: D | AU146: 1 | AY146: ROZPOCET | BK146: =SUM(BK147:BK148) -> 525000
C147: 1 | D147: M | E147: 1.1 | F147: Dodávka - Venkovní kondenzační jednotka DAIKIN RXYQ16U; chladící/topný výkon 38,3/36,6 kW | G147: ks | H147: 1 | I147: 515000 | J147: =ROUND(I147*H147,2) -> 515000 | N147: základní | P147: =O147*H147 -> 0 | Q147: 0 | R147: =Q147*H147 -> 0 | S147: 0 | T147: =S147*H147 -> 0 | AR147: 8 | AT147: M | AU147: 2 | AY147: ROZPOCET | BE147: =IF(N147="základní",J147,0) -> 515000 | BF147: =IF(N147="snížená",J147,0) -> 0 | BG147: =IF(N147="zákl. přenesená",J147,0) -> 0 | BH147: =IF(N147="sníž. přenesená",J147,0) -> 0 | BI147: =IF(N147="nulová",J147,0) -> 0 | BJ147: 1 | BK147: =ROUND(I147*H147,2) -> 515000 | BL147: 4 | BM147: 2
C148: 2 | D148: K | E148: 1.1.1 | F148: Montáž poz.1.1 | G148: ks | H148: 1 | I148: 10000 | J148: =ROUND(I148*H148,2) -> 10000 | N148: základní | P148: =O148*H148 -> 0 | Q148: 0 | R148: =Q148*H148 -> 0 | S148: 0 | T148: =S148*H148 -> 0 | AR148: 4 | AT148: K | AU148: 2 | AY148: ROZPOCET | BE148: =IF(N148="základní",J148,0) -> 10000 | BF148: =IF(N148="snížená",J148,0) -> 0 | BG148: =IF(N148="zákl. přenesená",J148,0) -> 0 | BH148: =IF(N148="sníž. přenesená",J148,0) -> 0 | BI148: =IF(N148="nulová",J148,0) -> 0 | BJ148: 1 | BK148: =ROUND(I148*H148,2) -> 10000 | BL148: 4 | BM148: 4
D149: D | E149: 2. | F149: Vnitřní jednotky chlazení, příslušenství - DAIKIN | J149: =BK149 -> 428500 | P149: =SUM(P150:P169) -> 0 | R149: =SUM(R150:R169) -> 0 | T149: =SUM(T150:T169) -> 0 | AR149: 1 | AT149: D | AU149: 1 | AY149: ROZPOCET | BK149: =SUM(BK150:BK169) -> 428500
C150: 3 | D150: M | E150: 2.1 | F150: Dodávka - Nástěnná jednotka DAIKIN PERFERA, Qchl=2,5kW, Qtop=2,8kW, Daikin FTXM25R | G150: ks | H150: 7 | I150: 12300 | J150: =ROUND(I150*H150,2) -> 86100 | N150: základní | P150: =O150*H150 -> 0 | Q150: 0 | R150: =Q150*H150 -> 0 | S150: 0 | T150: =S150*H150 -> 0 | AR150: 8 | AT150: M | AU150: 2 | AY150: ROZPOCET | BE150: =IF(N150="základní",J150,0) -> 86100 | BF150: =IF(N150="snížená",J150,0) -> 0 | BG150: =IF(N150="zákl. přenesená",J150,0) -> 0 | BH150: =IF(N150="sníž. přenesená",J150,0) -> 0 | BI150: =IF(N150="nulová",J150,0) -> 0 | BJ150: 1 | BK150: =ROUND(I150*H150,2) -> 86100 | BL150: 4 | BM150: 6
C151: 4 | D151: K | E151: 2.1.1 | F151: Montáž poz.2.1 | G151: ks | H151: 7 | I151: 3000 | J151: =ROUND(I151*H151,2) -> 21000 | N151: základní | P151: =O151*H151 -> 0 | Q151: 0 | R151: =Q151*H151 -> 0 | S151: 0 | T151: =S151*H151 -> 0 | AR151: 4 | AT151: K | AU151: 2 | AY151: ROZPOCET | BE151: =IF(N151="základní",J151,0) -> 21000 | BF151: =IF(N151="snížená",J151,0) -> 0 | BG151: =IF(N151="zákl. přenesená",J151,0) -> 0 | BH151: =IF(N151="sníž. přenesená",J151,0) -> 0 | BI151: =IF(N151="nulová",J151,0) -> 0 | BJ151: 1 | BK151: =ROUND(I151*H151,2) -> 21000 | BL151: 4 | BM151: 8
C152: 5 | D152: M | E152: 2.2 | F152: Dodávka - Nástěnná jednotka DAIKIN PERFERA, Qchl=2,0kW, Qtop=2,5kW, Daikin FTXM20R | G152: ks | H152: 7 | I152: 11900 | J152: =ROUND(I152*H152,2) -> 83300 | N152: základní | P152: =O152*H152 -> 0 | Q152: 0 | R152: =Q152*H152 -> 0 | S152: 0 | T152: =S152*H152 -> 0 | AR152: 8 | AT152: M | AU152: 2 | AY152: ROZPOCET | BE152: =IF(N152="základní",J152,0) -> 83300 | BF152: =IF(N152="snížená",J152,0) -> 0 | BG152: =IF(N152="zákl. přenesená",J152,0) -> 0 | BH152: =IF(N152="sníž. přenesená",J152,0) -> 0 | BI152: =IF(N152="nulová",J152,0) -> 0 | BJ152: 1 | BK152: =ROUND(I152*H152,2) -> 83300 | BL152: 4 | BM152: 10
C153: 6 | D153: K | E153: 2.2.1 | F153: Montáž poz.2.2 | G153: ks | H153: 7 | I153: 3000 | J153: =ROUND(I153*H153,2) -> 21000 | N153: základní | P153: =O153*H153 -> 0 | Q153: 0 | R153: =Q153*H153 -> 0 | S153: 0 | T153: =S153*H153 -> 0 | AR153: 4 | AT153: K | AU153: 2 | AY153: ROZPOCET | BE153: =IF(N153="základní",J153,0) -> 21000 | BF153: =IF(N153="snížená",J153,0) -> 0 | BG153: =IF(N153="zákl. přenesená",J153,0) -> 0 | BH153: =IF(N153="sníž. přenesená",J153,0) -> 0 | BI153: =IF(N153="nulová",J153,0) -> 0 | BJ153: 1 | BK153: =ROUND(I153*H153,2) -> 21000 | BL153: 4 | BM153: 12
C154: 7 | D154: M | E154: 2.3 | F154: Dodávka - VRV Nástěnná jednotka DAIKIN, Qchl=3,6kW, Qtop=4,0kW, Daikin FXAQ32A | G154: ks | H154: 2 | I154: 17400 | J154: =ROUND(I154*H154,2) -> 34800 | N154: základní | P154: =O154*H154 -> 0 | Q154: 0 | R154: =Q154*H154 -> 0 | S154: 0 | T154: =S154*H154 -> 0 | AR154: 8 | AT154: M | AU154: 2 | AY154: ROZPOCET | BE154: =IF(N154="základní",J154,0) -> 34800 | BF154: =IF(N154="snížená",J154,0) -> 0 | BG154: =IF(N154="zákl. přenesená",J154,0) -> 0 | BH154: =IF(N154="sníž. přenesená",J154,0) -> 0 | BI154: =IF(N154="nulová",J154,0) -> 0 | BJ154: 1 | BK154: =ROUND(I154*H154,2) -> 34800 | BL154: 4 | BM154: 14
C155: 8 | D155: K | E155: 2.3.1 | F155: Montáž poz.2.3 | G155: ks | H155: 2 | I155: 3000 | J155: =ROUND(I155*H155,2) -> 6000 | N155: základní | P155: =O155*H155 -> 0 | Q155: 0 | R155: =Q155*H155 -> 0 | S155: 0 | T155: =S155*H155 -> 0 | AR155: 4 | AT155: K | AU155: 2 | AY155: ROZPOCET | BE155: =IF(N155="základní",J155,0) -> 6000 | BF155: =IF(N155="snížená",J155,0) -> 0 | BG155: =IF(N155="zákl. přenesená",J155,0) -> 0 | BH155: =IF(N155="sníž. přenesená",J155,0) -> 0 | BI155: =IF(N155="nulová",J155,0) -> 0 | BJ155: 1 | BK155: =ROUND(I155*H155,2) -> 6000 | BL155: 4 | BM155: 16
C156: 9 | D156: M | E156: 2.4 | F156: Dodávka - VRV Nástěnná jednotka DAIKIN, Qchl=7,1kW, Qtop=8,0kW, Daikin FXAQ63A | G156: ks | H156: 1 | I156: 21000 | J156: =ROUND(I156*H156,2) -> 21000 | N156: základní | P156: =O156*H156 -> 0 | Q156: 0 | R156: =Q156*H156 -> 0 | S156: 0 | T156: =S156*H156 -> 0 | AR156: 8 | AT156: M | AU156: 2 | AY156: ROZPOCET | BE156: =IF(N156="základní",J156,0) -> 21000 | BF156: =IF(N156="snížená",J156,0) -> 0 | BG156: =IF(N156="zákl. přenesená",J156,0) -> 0 | BH156: =IF(N156="sníž. přenesená",J156,0) -> 0 | BI156: =IF(N156="nulová",J156,0) -> 0 | BJ156: 1 | BK156: =ROUND(I156*H156,2) -> 21000 | BL156: 4 | BM156: 18
C157: 10 | D157: K | E157: 2.4.1 | F157: Montáž poz.2.4 | G157: ks | H157: 1 | I157: 3000 | J157: =ROUND(I157*H157,2) -> 3000 | N157: základní | P157: =O157*H157 -> 0 | Q157: 0 | R157: =Q157*H157 -> 0 | S157: 0 | T157: =S157*H157 -> 0 | AR157: 4 | AT157: K | AU157: 2 | AY157: ROZPOCET | BE157: =IF(N157="základní",J157,0) -> 3000 | BF157: =IF(N157="snížená",J157,0) -> 0 | BG157: =IF(N157="zákl. přenesená",J157,0) -> 0 | BH157: =IF(N157="sníž. přenesená",J157,0) -> 0 | BI157: =IF(N157="nulová",J157,0) -> 0 | BJ157: 1 | BK157: =ROUND(I157*H157,2) -> 3000 | BL157: 4 | BM157: 20
C158: 11 | D158: M | E158: 2.5 | F158: Dodávka - Nástěnný ovladač pro vnitřní jednotky, včetně kabeláže - koordinováno s profesí MaR Daikin BRC1H52W | G158: ks | H158: 3 | I158: 2500 | J158: =ROUND(I158*H158,2) -> 7500 | N158: základní | P158: =O158*H158 -> 0 | Q158: 0 | R158: =Q158*H158 -> 0 | S158: 0 | T158: =S158*H158 -> 0 | AR158: 8 | AT158: M | AU158: 2 | AY158: ROZPOCET | BE158: =IF(N158="základní",J158,0) -> 7500 | BF158: =IF(N158="snížená",J158,0) -> 0 | BG158: =IF(N158="zákl. přenesená",J158,0) -> 0 | BH158: =IF(N158="sníž. přenesená",J158,0) -> 0 | BI158: =IF(N158="nulová",J158,0) -> 0 | BJ158: 1 | BK158: =ROUND(I158*H158,2) -> 7500 | BL158: 4 | BM158: 22
C159: 12 | D159: K | E159: 2.5.1 | F159: Montáž poz.2.5 | G159: ks | H159: 3 | I159: 400 | J159: =ROUND(I159*H159,2) -> 1200 | N159: základní | P159: =O159*H159 -> 0 | Q159: 0 | R159: =Q159*H159 -> 0 | S159: 0 | T159: =S159*H159 -> 0 | AR159: 4 | AT159: K | AU159: 2 | AY159: ROZPOCET | BE159: =IF(N159="základní",J159,0) -> 1200 | BF159: =IF(N159="snížená",J159,0) -> 0 | BG159: =IF(N159="zákl. přenesená",J159,0) -> 0 | BH159: =IF(N159="sníž. přenesená",J159,0) -> 0 | BI159: =IF(N159="nulová",J159,0) -> 0 | BJ159: 1 | BK159: =ROUND(I159*H159,2) -> 1200 | BL159: 4 | BM159: 24
C160: 13 | D160: M | E160: 2.6 | F160: Dodávka - Třiportový BS box pro VRV IV DAIKIN BPMKS967A3 | G160: ks | H160: 1 | I160: 16000 | J160: =ROUND(I160*H160,2) -> 16000 | N160: základní | P160: =O160*H160 -> 0 | Q160: 0 | R160: =Q160*H160 -> 0 | S160: 0 | T160: =S160*H160 -> 0 | AR160: 8 | AT160: M | AU160: 2 | AY160: ROZPOCET | BE160: =IF(N160="základní",J160,0) -> 16000 | BF160: =IF(N160="snížená",J160,0) -> 0 | BG160: =IF(N160="zákl. přenesená",J160,0) -> 0 | BH160: =IF(N160="sníž. přenesená",J160,0) -> 0 | BI160: =IF(N160="nulová",J160,0) -> 0 | BJ160: 1 | BK160: =ROUND(I160*H160,2) -> 16000 | BL160: 4 | BM160: 26
C161: 14 | D161: K | E161: 2.6.1 | F161: Montáž poz.2.6 | G161: ks | H161: 1 | I161: 3000 | J161: =ROUND(I161*H161,2) -> 3000 | N161: základní | P161: =O161*H161 -> 0 | Q161: 0 | R161: =Q161*H161 -> 0 | S161: 0 | T161: =S161*H161 -> 0 | AR161: 4 | AT161: K | AU161: 2 | AY161: ROZPOCET | BE161: =IF(N161="základní",J161,0) -> 3000 | BF161: =IF(N161="snížená",J161,0) -> 0 | BG161: =IF(N161="zákl. přenesená",J161,0) -> 0 | BH161: =IF(N161="sníž. přenesená",J161,0) -> 0 | BI161: =IF(N161="nulová",J161,0) -> 0 | BJ161: 1 | BK161: =ROUND(I161*H161,2) -> 3000 | BL161: 4 | BM161: 28
... C169: 22 | D169: K | E169: 3.0.1 | F169: Montáž poz.3.0 | G169: ks | H169: 1 | I169: 400 | J169: =ROUND(I169*H169,2) -> 400 | N169: základní | P169: =O169*H169 -> 0 | Q169: 0 | R169: =Q169*H169 -> 0 | S169: 0 | T169: =S169*H169 -> 0 | AR169: 4 | AT169: K | AU169: 2 | AY169: ROZPOCET | BE169: =IF(N169="základní",J169,0) -> 400 | BF169: =IF(N169="snížená",J169,0) -> 0 | BG169: =IF(N169="zákl. přenesená",J169,0) -> 0 | BH169: =IF(N169="sníž. přenesená",J169,0) -> 0 | BI169: =IF(N169="nulová",J169,0) -> 0 | BJ169: 1 | BK169: =ROUND(I169*H169,2) -> 400 | BL169: 4 | BM169: 44
D170: D | E170: D2 | F170: Potrubí pro chladivo včetně izolaci tepelná vodivost max 0,038W/mK R410A | J170: =BK170 -> 146175 | P170: =SUM(P171:P186) -> 0 | R170: =SUM(R171:R186) -> 0 | T170: =SUM(T171:T186) -> 0 | AR170: 1 | AT170: D | AU170: 1 | AY170: ROZPOCET | BK170: =SUM(BK171:BK186) -> 146175
C171: 23 | D171: M | E171: 2.1.1 | F171: Dodávka - Cu potrubí Ø6,4mm | G171: m | H171: 105 | I171: 140 | J171: =ROUND(I171*H171,2) -> 14700 | N171: základní | P171: =O171*H171 -> 0 | Q171: 0 | R171: =Q171*H171 -> 0 | S171: 0 | T171: =S171*H171 -> 0 | AR171: 8 | AT171: M | AU171: 2 | AY171: ROZPOCET | BE171: =IF(N171="základní",J171,0) -> 14700 | BF171: =IF(N171="snížená",J171,0) -> 0 | BG171: =IF(N171="zákl. přenesená",J171,0) -> 0 | BH171: =IF(N171="sníž. přenesená",J171,0) -> 0 | BI171: =IF(N171="nulová",J171,0) -> 0 | BJ171: 1 | BK171: =ROUND(I171*H171,2) -> 14700 | BL171: 4 | BM171: 46
...

Sheet D1.530 - ÚT - Rozvody tepla
AT2: {8d236109-306f-48c2-9595-75be6e0d0de9}
AT3: 2
D4: KRYCÍ LIST SOUPISU PRACÍ | M4: v --- níže se nacházejí doplnkové a pomocné údaje k sestavám --- v | AT4: False
D6: Stavba:
E7: ='Rekapitulace stavby'!K6 -> Bytový soubor Libuše
D8: Objekt:
E9: 01 - Bytové domy A, B, C, D vč. podzemního podlaží
D10: Soupis:
E11: D1.530 - ÚT - Rozvody tepla
D13: KSO: | I13: CC-CZ:
D14: Místo: | F14: Praha | I14: Datum: | J14: ='Rekapitulace stavby'!AN8 -> 45000
D16: Zadavatel: | I16: IČ:
E17: VELTON REAL ESTATE | I17: DIČ:
D19: Uchazeč: | I19: IČ: | J19: ='Rekapitulace stavby'!AN13 -> 08004013
E20: ='Rekapitulace stavby'!E14 -> DMG Stav a.s. | I20: DIČ: | J20: ='Rekapitulace stavby'!AN14 -> CZ 08004013
D22: Projektant: | I22: IČ:
E23: ABMV World s.r.o | I23: DIČ:
D25: Zpracovatel: | I25: IČ:
E26: QSB s.r.o. | I26: DIČ:
D28: Poznámka:
D32: Cena bez DPH | J32: =ROUND(J150,2) -> 3569260
F34: Základ daně | I34: Sazba daně | J34: Výše daně
D35: DPH | E35: základní | F35: =ROUND((SUM(BE150:BE309)),2) -> 3569260 | I35: 0.21 | J35: =ROUND(((SUM(BE150:BE309))*I35),2) -> 749544.6
E36: snížená | F36: =ROUND((SUM(BF150:BF309)),2) -> 0 | I36: 0.15 | J36: =ROUND(((SUM(BF150:BF309))*I36),2) -> 0
E37: zákl. přenesená | F37: =ROUND((SUM(BG150:BG309)),2) -> 0 | I37: 0.21 | J37: =0 -> 0
E38: sníž. přenesená | F38: =ROUND((SUM(BH150:BH309)),2) -> 0 | I38: 0.15 | J38: =0 -> 0
E39: nulová | F39: =ROUND((SUM(BI150:BI309)),2) -> 0 | I39: 0 | J39: =0 -> 0
D41: Cena s DPH | G41: v | H41: CZK | J41: =SUM(J32:J39) -> 4318804.6
D50: Projektant | G50: Zpracovatel
D61: Datum a podpis: | F61: Razítko | G61: Datum a podpis: | J61: Razítko
D65: Objednavatel | G65: Uchazeč
D76: Datum a podpis: | F76: Razítko | G76: Datum a podpis: | J76: Razítko
C82: REKAPITULACE ČLENĚNÍ SOUPISU PRACÍ
C84: Stavba:
E85: =E7 -> Bytový soubor Libuše
C86: Objekt:
E87: 01 - Bytové domy A, B, C, D vč. podzemního podlaží
C88: Soupis:
E89: =E11 -> D1.530 - ÚT - Rozvody tepla
C91: Místo: | F91: =F14 -> Praha | I91: Datum: | J91: =IF(J14="","",J14) -> 45000
C93: Zadavatel: | F93: =E17 -> VELTON REAL ESTATE | I93: Projektant: | J93: =E23 -> ABMV World s.r.o
C94: Uchazeč: | F94: =IF(E20="","",E20) -> DMG Stav a.s. | I94: Zpracovatel: | J94: =E26 -> QSB s.r.o.
C96: Kód dílu - Popis | J96: Cena celkem [CZK]
C98: Náklady ze soupisu prací | J98: =J150 -> 3569260 | AU98: -1
D99: D530 - DODÁVKY A MONTÁŽE ZAŘÍZENÍ ÚT | J99: =J151 -> 711340
D100: D1 - 1. Zdroj tepla (ZT) | J100: =J152 -> 259000
D101: D2 - Příslušenství: | J101: =J155 -> 172000
D102: D3 - 2. Strojní zařízení | J102: =J167 -> 222500
D103: D4 - 3. Oběhová čerpadla samoregulační, nátrubková, mokroběžná | J103: =J173 -> 31000
D104: D5 - 4. El. regul. armatury | J104: =J176 -> 3000
D105: D6 - 5. Armatury závitové - kotelna | J105: =J178 -> 16960
D106: D7 - 6. Armatury závitové - patrní rozvody | J106: =J192 -> 6880
D107: D8 - 7. Patrové rozdělovače / Sestava MEIBES LOGOfloor - typ 2 | J107: =J196 -> 630000
D108: D9 - Patrový rozdělovač - připojení na levé straně R+S | J108: =J197 -> 104000
D109: D10 - Patrový rozdělovač - připojení na pravé straně R+S | J109: =J204 -> 526000
D110: D110 - ARMATURY A OTOPNÁ TĚLESA | J110: =J211 -> 1540800
D111: D11 - Armatury závitové na vstupu a výstupu patrového rozdělovače: | J111: =J212 -> 38400
D112: D12 - 8. Armatury měřicí | J112: =J217 -> 3500
D113: D13 - 9. Otopná tělesa ocelová desková - RADIK KLASIK, vč. připevňovacích prvků | J113: =J220 -> 34000
D114: D14 - 10. Otopná tělesa ocelová desková - RADIK VENTIL KOMPAKT (pravé spodní připojení), vč. připevňovací | J114: =J223 -> 436900
D115: D15 - 11. Podlahový konvektor - KORADO KORAFLEX Basic FKB provedení Economic, vč. krycí mřížky | J115: =J239 -> 376000
D116: D16 - 12. Otopná tělesa trubková KORALUX LINEAR CLASSIC - M, vč. připevňovacích prvků | J116: =J248 -> 137000
D117: D17 - 13. Regulační armatury OT (včetně svěrného šroubení na plast. trubku 16x2 mm) | J117: =J251 -> 313600
D118: D18 - Armatury pro připojení podlahových konvektorů (PK): | J118: =J261 -> 74400
D119: D19 - Termostatická hlavice Heimeier F s dálkovým ovládáním (HDO) - včetně kapiláry a chráničky (husího k | J119: =J265 -> 127000
D120: D200 - POTRUBÍ, IZOLACE, NÁTĚRY, OSTATNÍ | J120: =J269 -> 687120
D121: D20 - 14. Potrubí ÚT - ocelové trubky závitové, běžné, bezešvé, jakost 11353.0 | J121: =J270 -> 278000
D122: D21 - 15. Plastové potrubí typu AlPex (Henco) | J122: =J277 -> 141900
D123: D22 - 16. Potrubí SV z plastových trubek (PPR) - EKOPLASTIK PN 16, PN 20 | J123: =J283 -> 1120
D124: D23 - 17. Tepelná izolace potrubí ÚT - hadicová Tubolit DG (tloušťky dle vyhl. č. 193/2007 Sb. MPO) | J124: =J286 -> 133500
D125: D24 - 18. Tepelná izolace potrubí ÚT z minerální vaty Al. folií | J125: =J295 -> 89600
D126: D25 - 19. Nátěry | J126: =J301 -> 20000
D127: D26 - 20. Doplňkový materiál | J127: =J304 -> 20000
D128: D27 - 21. Značení potrubí + zřízení ÚT | J128: =J307 -> 3000
C135: SOUPIS PRACÍ
C137: Stavba:
E138: =E7 -> Bytový soubor Libuše
C139: Objekt:
E140: 01 - Bytové domy A, B, C, D vč. podzemního podlaží
C141: Soupis:
E142: =E11 -> D1.530 - ÚT - Rozvody tepla
C144: Místo: | F144: =F14 -> Praha | I144: Datum: | J144: =IF(J14="","",J14) -> 45000
C146: Zadavatel: | F146: =E17 -> VELTON REAL ESTATE | I146: Projektant: | J146: =E23 -> ABMV World s.r.o
C147: Uchazeč: | F147: =IF(E20="","",E20) -> DMG Stav a.s. | I147: Zpracovatel: | J147: =E26 -> QSB s.r.o.
C149: PČ | D149: Typ | E149: Kód | F149: Popis | G149: MJ | H149: Množství | I149: J.cena [CZK] | J149: Cena celkem [CZK] | K149: Cenová soustava | N149: DPH | O149: J. Nh [h] | P149: Nh celkem [h] | Q149: J. hmotnost [t] | R149: Hmotnost celkem [t] | S149: J. suť [t] | T149: Suť Celkem [t]
C150: Náklady soupisu celkem | J150: =BK150 -> 3569260 | P150: =P151+P196+P211+P269 -> 0 | R150: =R151+R196+R211+R269 -> 0 | T150: =T151+T196+T211+T269 -> 0 | AT150: D | AU150: -1 | BK150: =BK151+BK196+BK211+BK269 -> 3569260
D151: D | E151: D530 | F151: DODÁVKY A MONTÁŽE ZAŘÍZENÍ ÚT | J151: =BK151 -> 711340 | P151: =P152+P155+P167+P173+P176+P178+P192 -> 0 | R151: =R152+R155+R167+R173+R176+R178+R192 -> 0 | T151: =T152+T155+T167+T173+T176+T178+T192 -> 0 | AR151: 1 | AT151: D | AU151: 0 | AY151: ROZPOCET | BK151: =BK152+BK155+BK167+BK173+BK176+BK178+BK192 -> 711340
D152: D | E152: D1 | F152: 1. Zdroj tepla (ZT) | J152: =BK152 -> 259000 | P152: =SUM(P153:P154) -> 0 | R152: =SUM(R153:R154) -> 0 | T152: =SUM(T153:T154) -> 0 | AR152: 1 | AT152: D | AU152: 1 | AY152: ROZPOCET | BK152: =SUM(BK153:BK154) -> 259000
C153: 1 | D153: K | E153: Pol250 | F153: VIESSMANN VITODENS 200-W, P=12-98 kW (80/60°C), verze se 2 kotly | G153: kpl | H153: 1 | I153: 259000 | J153: =ROUND(I153*H153,2) -> 259000 | N153: základní | P153: =O153*H153 -> 0 | Q153: 0 | R153: =Q153*H153 -> 0 | S153: 0 | T153: =S153*H153 -> 0 | AR153: 4 | AT153: K | AU153: 2 | AY153: ROZPOCET | BE153: =IF(N153="základní",J153,0) -> 259000 | BF153: =IF(N153="snížená",J153,0) -> 0 | BG153: =IF(N153="zákl. přenesená",J153,0) -> 0 | BH153: =IF(N153="sníž. přenesená",J153,0) -> 0 | BI153: =IF(N153="nulová",J153,0) -> 0 | BJ153: 1 | BK153: =ROUND(I153*H153,2) -> 259000 | BL153: 4 | BM153: 2
D154: P | F154: Poznámka k položce:_x000D_ Plynový závěsný kondenzační kotel VITODENS 200-W, P=10,9-45 kW (80/60°C), PN 4 bary, 1,2-4,8 m3 ZP/h, 230 V, 62 W_x000D_ Vitotronic 100 HC1B obslužná jednotka_x000D_ Vitotronic 300-K MW2B_x000D_ Kaskádovy modul_x000D_ Připojovací sada topného okruhu vč. oběhového čerpadla 230 V, 8-140 W; bočného krytu pro připojovací sadu_x000D_ Plynový uzavírací kohout 3/4 s TAE_x000D_ Držák na stěnu 2-kotl. zař.; stěn. konzole pro Vitotronic | AT154: P | AU154: 2
D155: D | E155: D2 | F155: Příslušenství: | J155: =BK155 -> 172000 | P155: =SUM(P156:P166) -> 0 | R155: =SUM(R156:R166) -> 0 | T155: =SUM(T156:T166) -> 0 | AR155: 1 | AT155: D | AU155: 1 | AY155: ROZPOCET | BK155: =SUM(BK156:BK166) -> 172000
C156: 2 | D156: K | E156: Pol251 | F156: Hydraulická výhybka DN 80, PN 6, dod. Viessmann | G156: ks | H156: 1 | I156: 25000 | J156: =ROUND(I156*H156,2) -> 25000 | N156: základní | P156: =O156*H156 -> 0 | Q156: 0 | R156: =Q156*H156 -> 0 | S156: 0 | T156: =S156*H156 -> 0 | AR156: 4 | AT156: K | AU156: 2 | AY156: ROZPOCET | BE156: =IF(N156="základní",J156,0) -> 25000 | BF156: =IF(N156="snížená",J156,0) -> 0 | BG156: =IF(N156="zákl. přenesená",J156,0) -> 0 | BH156: =IF(N156="sníž. přenesená",J156,0) -> 0 | BI156: =IF(N156="nulová",J156,0) -> 0 | BJ156: 1 | BK156: =ROUND(I156*H156,2) -> 25000 | BL156: 4 | BM156: 4
C157: 3 | D157: K | E157: Pol252 | F157: Plynový filtr Rp 3/4 | G157: ks | H157: 2 | I157: 2500 | J157: =ROUND(I157*H157,2) -> 5000 | N157: základní | P157: =O157*H157 -> 0 | Q157: 0 | R157: =Q157*H157 -> 0 | S157: 0 | T157: =S157*H157 -> 0 | AR157: 4 | AT157: K | AU157: 2 | AY157: ROZPOCET | BE157: =IF(N157="základní",J157,0) -> 5000 | BF157: =IF(N157="snížená",J157,0) -> 0 | BG157: =IF(N157="zákl. přenesená",J157,0) -> 0 | BH157: =IF(N157="sníž. přenesená",J157,0) -> 0 | BI157: =IF(N157="nulová",J157,0) -> 0 | BJ157: 1 | BK157: =ROUND(I157*H157,2) -> 5000 | BL157: 4 | BM157: 6
C158: 4 | D158: K | E158: Pol253 | F158: Rozšíření pro 2.+3. TO MW2B | G158: ks | H158: 1 | I158: 8000 | J158: =ROUND(I158*H158,2) -> 8000 | N158: základní | P158: =O158*H158 -> 0 | Q158: 0 | R158: =Q158*H158 -> 0 | S158: 0 | T158: =S158*H158 -> 0 | AR158: 4 | AT158: K | AU158: 2 | AY158: ROZPOCET | BE158: =IF(N158="základní",J158,0) -> 8000 | BF158: =IF(N158="snížená",J158,0) -> 0 | BG158: =IF(N158="zákl. přenesená",J158,0) -> 0 | BH158: =IF(N158="sníž. přenesená",J158,0) -> 0 | BI158: =IF(N158="nulová",J158,0) -> 0 | BJ158: 1 | BK158: =ROUND(I158*H158,2) -> 8000 | BL158: 4 | BM158: 8
C159: 5 | D159: K | E159: Pol254 | F159: Čidlo výstupní teploty NTC Nr.2 l=5800 | G159: ks | H159: 1 | I159: 2000 | J159: =ROUND(I159*H159,2) -> 2000 | N159: základní | P159: =O159*H159 -> 0 | Q159: 0 | R159: =Q159*H159 -> 0 | S159: 0 | T159: =S159*H159 -> 0 | AR159: 4 | AT159: K | AU159: 2 | AY159: ROZPOCET | BE159: =IF(N159="základní",J159,0) -> 2000 | BF159: =IF(N159="snížená",J159,0) -> 0 | BG159: =IF(N159="zákl. přenesená",J159,0) -> 0 | BH159: =IF(N159="sníž. přenesená",J159,0) -> 0 | BI159: =IF(N159="nulová",J159,0) -> 0 | BJ159: 1 | BK159: =ROUND(I159*H159,2) -> 2000 | BL159: 4 | BM159: 10
C160: 6 | D160: K | E160: Pol255 | F160: Vitodens 200-W spal. kaskáda 2x49/60 kW | G160: ks | H160: 1 | I160: 12000 | J160: =ROUND(I160*H160,2) -> 12000 | N160: základní | P160: =O160*H160 -> 0 | Q160: 0 | R160: =Q160*H160 -> 0 | S160: 0 | T160: =S160*H160 -> 0 | AR160: 4 | AT160: K | AU160: 2 | AY160: ROZPOCET | BE160: =IF(N160="základní",J160,0) -> 12000 | BF160: =IF(N160="snížená",J160,0) -> 0 | BG160: =IF(N160="zákl. přenesená",J160,0) -> 0 | BH160: =IF(N160="sníž. přenesená",J160,0) -> 0 | BI160: =IF(N160="nulová",J160,0) -> 0 | BJ160: 1 | BK160: =ROUND(I160*H160,2) -> 12000 | BL160: 4 | BM160: 12
C161: 7 | D161: K | E161: Pol256 | F161: Pojistná skupina podle ČSN 73 66 60 | G161: ks | H161: 2 | I161: 5000 | J161: =ROUND(I161*H161,2) -> 10000 | N161: základní | P161: =O161*H161 -> 0 | Q161: 0 | R161: =Q161*H161 -> 0 | S161: 0 | T161: =S161*H161 -> 0 | AR161: 4 | AT161: K | AU161: 2 | AY161: ROZPOCET | BE161: =IF(N161="základní",J161,0) -> 10000 | BF161: =IF(N161="snížená",J161,0) -> 0 | BG161: =IF(N161="zákl. přenesená",J161,0) -> 0 | BH161: =IF(N161="sníž. přenesená",J161,0) -> 0 | BI161: =IF(N161="nulová",J161,0) -> 0 | BJ161: 1 | BK161: =ROUND(I161*H161,2) -> 10000 | BL161: 4 | BM161: 14
C162: 8 | D162: K | E162: Pol257 | F162: Vitotronic 200-H, HK1B | G162: ks | H162: 1 | I162: 18000 | J162: =ROUND(I162*H162,2) -> 18000 | N162: základní | P162: =O162*H162 -> 0 | Q162: 0 | R162: =Q162*H162 -> 0 | S162: 0 | T162: =S162*H162 -> 0 | AR162: 4 | AT162: K | AU162: 2 | AY162: ROZPOCET | BE162: =IF(N162="základní",J162,0) -> 18000 | BF162: =IF(N162="snížená",J162,0) -> 0 | BG162: =IF(N162="zákl. přenesená",J162,0) -> 0 | BH162: =IF(N162="sníž. přenesená",J162,0) -> 0 | BI162: =IF(N162="nulová",J162,0) -> 0 | BJ162: 1 | BK162: =ROUND(I162*H162,2) -> 18000 | BL162: 4 | BM162: 16
C163: 9 | D163: K | E163: Pol258 | F163: 2x komunikační modul LON, vč. spoj. kabel, zakončovací odpor (2ks), konektor č. "20" a "52" (3ks) | G163: kpl | H163: 1 | I163: 12000 | J163: =ROUND(I163*H163,2) -> 12000 | N163: základní | P163: =O163*H163 -> 0 | Q163: 0 | R163: =Q163*H163 -> 0 | S163: 0 | T163: =S163*H163 -> 0 | AR163: 4 | AT163: K | AU163: 2 | AY163: ROZPOCET | BE163: =IF(N163="základní",J163,0) -> 12000 | BF163: =IF(N163="snížená",J163,0) -> 0 | BG163: =IF(N163="zákl. přenesená",J163,0) -> 0 | BH163: =IF(N163="sníž. přenesená",J163,0) -> 0 | BI163: =IF(N163="nulová",J163,0) -> 0 | BJ163: 1 | BK163: =ROUND(I163*H163,2) -> 12000 | BL163: 4 | BM163: 18
D164: P | F164: Poznámka k položce:_x000D_ Poznámka: Viz nabídka firmy Viessmann č. 9720116052 z 8.10.2021 | AT164: P | AU164: 2
...

Sheet D1.610 - Uzemnění a hromo...
AT2: {d671aba4-2fad-4021-b32b-2947f8570988}
AT3: 1
D4: KRYCÍ LIST SOUPISU PRACÍ | M4: v --- níže se nacházejí doplnkové a pomocné údaje k sestavám --- v | AT4: False
D6: Stavba:
E7: ='Rekapitulace stavby'!K6 -> Bytový soubor Libuše
D8: Objekt:
E9: 01 - Bytové domy A, B, C, D vč. podzemního podlaží
D10: Soupis:
E11: D1.610 - Uzemnění a hromosvod
D13: KSO: | I13: CC-CZ:
D14: Místo: | F14: Praha | I14: Datum: | J14: ='Rekapitulace stavby'!AN8 -> 45000
D16: Zadavatel: | I16: IČ:
E17: VELTON REAL ESTATE | I17: DIČ:
D19: Uchazeč: | I19: IČ: | J19: ='Rekapitulace stavby'!AN13 -> 08004013
E20: ='Rekapitulace stavby'!E14 -> DMG Stav a.s. | I20: DIČ: | J20: ='Rekapitulace stavby'!AN14 -> CZ 08004013
D22: Projektant: | I22: IČ:
E23: ABMV World s.r.o | I23: DIČ:
D25: Zpracovatel: | I25: IČ:
E26: QSB s.r.o. | I26: DIČ:
D28: Poznámka:
D32: Cena bez DPH | J32: =ROUND(J122,2) -> 472890
F34: Základ daně | I34: Sazba daně | J34: Výše daně
D35: DPH | E35: základní | F35: =ROUND((SUM(BE122:BE146)),2) -> 0 | I35: 0.21 | J35: =ROUND(((SUM(BE122:BE146))*I35),2) -> 0
E36: snížená | F36: =ROUND((SUM(BF122:BF146)),2) -> 472890 | I36: 0.15 | J36: =ROUND(((SUM(BF122:BF146))*I36),2) -> 70933.5
E37: zákl. přenesená | F37: =ROUND((SUM(BG122:BG146)),2) -> 0 | I37: 0.21 | J37: =0 -> 0
E38: sníž. přenesená | F38: =ROUND((SUM(BH122:BH146)),2) -> 0 | I38: 0.15 | J38: =0 -> 0
E39: nulová | F39: =ROUND((SUM(BI122:BI146)),2) -> 0 | I39: 0 | J39: =0 -> 0
D41: Cena s DPH | G41: v | H41: CZK | J41: =SUM(J32:J39) -> 543823.5
D50: Projektant | G50: Zpracovatel
D61: Datum a podpis: | F61: Razítko | G61: Datum a podpis: | J61: Razítko
D65: Objednavatel | G65: Uchazeč
D76: Datum a podpis: | F76: Razítko | G76: Datum a podpis: | J76: Razítko
C82: REKAPITULACE ČLENĚNÍ SOUPISU PRACÍ
C84: Stavba:
E85: =E7 -> Bytový soubor Libuše
C86: Objekt:
E87: 01 - Bytové domy A, B, C, D vč. podzemního podlaží
C88: Soupis:
E89: =E11 -> D1.610 - Uzemnění a hromosvod
C91: Místo: | F91: =F14 -> Praha | I91: Datum: | J91: =IF(J14="","",J14) -> 45000
C93: Zadavatel: | F93: =E17 -> VELTON REAL ESTATE | I93: Projektant: | J93: =E23 -> ABMV World s.r.o
C94: Uchazeč: | F94: =IF(E20="","",E20) -> DMG Stav a.s. | I94: Zpracovatel: | J94: =E26 -> QSB s.r.o.
C96: Kód dílu - Popis | J96: Cena celkem [CZK]
C98: Náklady ze soupisu prací | J98: =J122 -> 472890 | AU98: -1
D99: PSV - Práce a dodávky PSV | J99: =J123 -> 472890
D100: 741 - Elektroinstalace - silnoproud | J100: =J124 -> 472890
C107: SOUPIS PRACÍ
C109: Stavba:
E110: =E7 -> Bytový soubor Libuše
C111: Objekt:
E112: 01 - Bytové domy A, B, C, D vč. podzemního podlaží
C113: Soupis:
E114: =E11 -> D1.610 - Uzemnění a hromosvod
C116: Místo: | F116: =F14 -> Praha | I116: Datum: | J116: =IF(J14="","",J14) -> 45000
C118: Zadavatel: | F118: =E17 -> VELTON REAL ESTATE | I118: Projektant: | J118: =E23 -> ABMV World s.r.o
C119: Uchazeč: | F119: =IF(E20="","",E20) -> DMG Stav a.s. | I119: Zpracovatel: | J119: =E26 -> QSB s.r.o.
C121: PČ | D121: Typ | E121: Kód | F121: Popis | G121: MJ | H121: Množství | I121: J.cena [CZK] | J121: Cena celkem [CZK] | K121: Cenová soustava | N121: DPH | O121: J. Nh [h] | P121: Nh celkem [h] | Q121: J. hmotnost [t] | R121: Hmotnost celkem [t] | S121: J. suť [t] | T121: Suť Celkem [t]
C122: Náklady soupisu celkem | J122: =BK122 -> 472890 | P122: =P123 -> 0 | R122: =R123 -> 2.60921 | T122: =T123 -> 0 | AT122: D | AU122: -1 | BK122: =BK123 -> 472890
D123: D | E123: PSV | F123: Práce a dodávky PSV | J123: =BK123 -> 472890 | P123: =P124 -> 0 | R123: =R124 -> 2.60921 | T123: =T124 -> 0 | AR123: 2 | AT123: D | AU123: 0 | AY123: ROZPOCET | BK123: =BK124 -> 472890
D124: D | E124: 741 | F124: Elektroinstalace - silnoproud | J124: =BK124 -> 472890 | P124: =SUM(P125:P146) -> 0 | R124: =SUM(R125:R146) -> 2.60921 | T124: =SUM(T125:T146) -> 0 | AR124: 2 | AT124: D | AU124: 1 | AY124: ROZPOCET | BK124: =SUM(BK125:BK146) -> 472890
C125: 1 | D125: K | E125: 741410021 | F125: Montáž vodič uzemňovací pásek průřezu do 120 mm2 v městské zástavbě v zemi | G125: m | H125: 700 | I125: 45 | J125: =ROUND(I125*H125,2) -> 31500 | N125: snížená | P125: =O125*H125 -> 0 | Q125: 0 | R125: =Q125*H125 -> 0 | S125: 0 | T125: =S125*H125 -> 0 | AR125: 16 | AT125: K | AU125: 2 | AY125: ROZPOCET | BE125: =IF(N125="základní",J125,0) -> 0 | BF125: =IF(N125="snížená",J125,0) -> 31500 | BG125: =IF(N125="zákl. přenesená",J125,0) -> 0 | BH125: =IF(N125="sníž. přenesená",J125,0) -> 0 | BI125: =IF(N125="nulová",J125,0) -> 0 | BJ125: 2 | BK125: =ROUND(I125*H125,2) -> 31500 | BL125: 16 | BM125: 224001051
C126: 2 | D126: M | E126: 35442062 | F126: pás zemnící 30x4mm FeZn | G126: kg | H126: 700 | I126: 30 | J126: =ROUND(I126*H126,2) -> 21000 | N126: snížená | P126: =O126*H126 -> 0 | Q126: 0.001 | R126: =Q126*H126 -> 0.7 | S126: 0 | T126: =S126*H126 -> 0 | AR126: 32 | AT126: M | AU126: 2 | AY126: ROZPOCET | BE126: =IF(N126="základní",J126,0) -> 0 | BF126: =IF(N126="snížená",J126,0) -> 21000 | BG126: =IF(N126="zákl. přenesená",J126,0) -> 0 | BH126: =IF(N126="sníž. přenesená",J126,0) -> 0 | BI126: =IF(N126="nulová",J126,0) -> 0 | BJ126: 2 | BK126: =ROUND(I126*H126,2) -> 21000 | BL126: 16 | BM126: 1371262932
C127: 3 | D127: M | E127: 35441986 | F127: svorka odbočovací a spojovací pro pásek 30x4 mm, FeZn | G127: kus | H127: 200 | I127: 20 | J127: =ROUND(I127*H127,2) -> 4000 | N127: snížená | P127: =O127*H127 -> 0 | Q127: 0.00026 | R127: =Q127*H127 -> 0.052 | S127: 0 | T127: =S127*H127 -> 0 | AR127: 32 | AT127: M | AU127: 2 | AY127: ROZPOCET | BE127: =IF(N127="základní",J127,0) -> 0 | BF127: =IF(N127="snížená",J127,0) -> 4000 | BG127: =IF(N127="zákl. přenesená",J127,0) -> 0 | BH127: =IF(N127="sníž. přenesená",J127,0) -> 0 | BI127: =IF(N127="nulová",J127,0) -> 0 | BJ127: 2 | BK127: =ROUND(I127*H127,2) -> 4000 | BL127: 16 | BM127: 1397821039
C128: 4 | D128: K | E128: 741420001 | F128: Montáž drát nebo lano hromosvodné svodové D do 10 mm s podpěrou | G128: m | H128: 850 | I128: 150 | J128: =ROUND(I128*H128,2) -> 127500 | N128: snížená | P128: =O128*H128 -> 0 | Q128: 0 | R128: =Q128*H128 -> 0 | S128: 0 | T128: =S128*H128 -> 0 | AR128: 16 | AT128: K | AU128: 2 | AY128: ROZPOCET | BE128: =IF(N128="základní",J128,0) -> 0 | BF128: =IF(N128="snížená",J128,0) -> 127500 | BG128: =IF(N128="zákl. přenesená",J128,0) -> 0 | BH128: =IF(N128="sníž. přenesená",J128,0) -> 0 | BI128: =IF(N128="nulová",J128,0) -> 0 | BJ128: 2 | BK128: =ROUND(I128*H128,2) -> 127500 | BL128: 16 | BM128: 1745619476
C129: 5 | D129: M | E129: 35441077 | F129: drát D 8mm AlMgSi | G129: kg | H129: 850 | I129: 100 | J129: =ROUND(I129*H129,2) -> 85000 | N129: snížená | P129: =O129*H129 -> 0 | Q129: 0.001 | R129: =Q129*H129 -> 0.85 | S129: 0 | T129: =S129*H129 -> 0 | AR129: 32 | AT129: M | AU129: 2 | AY129: ROZPOCET | BE129: =IF(N129="základní",J129,0) -> 0 | BF129: =IF(N129="snížená",J129,0) -> 85000 | BG129: =IF(N129="zákl. přenesená",J129,0) -> 0 | BH129: =IF(N129="sníž. přenesená",J129,0) -> 0 | BI129: =IF(N129="nulová",J129,0) -> 0 | BJ129: 2 | BK129: =ROUND(I129*H129,2) -> 85000 | BL129: 16 | BM129: 1485447266
C130: 6 | D130: M | E130: 35441470 | F130: podpěra vedení FeZn pod taškovou krytinu 100mm | G130: kus | H130: 850 | I130: 30 | J130: =ROUND(I130*H130,2) -> 25500 | N130: snížená | P130: =O130*H130 -> 0 | Q130: 0.00055 | R130: =Q130*H130 -> 0.4675 | S130: 0 | T130: =S130*H130 -> 0 | AR130: 32 | AT130: M | AU130: 2 | AY130: ROZPOCET | BE130: =IF(N130="základní",J130,0) -> 0 | BF130: =IF(N130="snížená",J130,0) -> 25500 | BG130: =IF(N130="zákl. přenesená",J130,0) -> 0 | BH130: =IF(N130="sníž. přenesená",J130,0) -> 0 | BI130: =IF(N130="nulová",J130,0) -> 0 | BJ130: 2 | BK130: =ROUND(I130*H130,2) -> 25500 | BL130: 16 | BM130: 1656433384
C131: 7 | D131: M | E131: 35441490 | F131: podpěra vedení FeZn na hřebenáče a prejzovou krytinu 120mm | G131: kus | H131: 200 | I131: 20 | J131: =ROUND(I131*H131,2) -> 4000 | N131: snížená | P131: =O131*H131 -> 0 | Q131: 0.00025 | R131: =Q131*H131 -> 0.05 | S131: 0 | T131: =S131*H131 -> 0 | AR131: 32 | AT131: M | AU131: 2 | AY131: ROZPOCET | BE131: =IF(N131="základní",J131,0) -> 0 | BF131: =IF(N131="snížená",J131,0) -> 4000 | BG131: =IF(N131="zákl. přenesená",J131,0) -> 0 | BH131: =IF(N131="sníž. přenesená",J131,0) -> 0 | BI131: =IF(N131="nulová",J131,0) -> 0 | BJ131: 2 | BK131: =ROUND(I131*H131,2) -> 4000 | BL131: 16 | BM131: 365179609
C132: 8 | D132: M | E132: 35441860 | F132: svorka FeZn k jímací tyči - 4 šrouby | G132: kus | H132: 12 | I132: 25 | J132: =ROUND(I132*H132,2) -> 300 | N132: snížená | P132: =O132*H132 -> 0 | Q132: 0.00043 | R132: =Q132*H132 -> 0.00516 | S132: 0 | T132: =S132*H132 -> 0 | AR132: 32 | AT132: M | AU132: 2 | AY132: ROZPOCET | BE132: =IF(N132="základní",J132,0) -> 0 | BF132: =IF(N132="snížená",J132,0) -> 300 | BG132: =IF(N132="zákl. přenesená",J132,0) -> 0 | BH132: =IF(N132="sníž. přenesená",J132,0) -> 0 | BI132: =IF(N132="nulová",J132,0) -> 0 | BJ132: 2 | BK132: =ROUND(I132*H132,2) -> 300 | BL132: 16 | BM132: 1292302196
C133: 9 | D133: M | E133: 35441875 | F133: svorka křížová pro vodič D 6-10mm | G133: kus | H133: 67 | I133: 20 | J133: =ROUND(I133*H133,2) -> 1340 | N133: snížená | P133: =O133*H133 -> 0 | Q133: 0.00016 | R133: =Q133*H133 -> 0.01072 | S133: 0 | T133: =S133*H133 -> 0 | AR133: 32 | AT133: M | AU133: 2 | AY133: ROZPOCET | BE133: =IF(N133="základní",J133,0) -> 0 | BF133: =IF(N133="snížená",J133,0) -> 1340 | BG133: =IF(N133="zákl. přenesená",J133,0) -> 0 | BH133: =IF(N133="sníž. přenesená",J133,0) -> 0 | BI133: =IF(N133="nulová",J133,0) -> 0 | BJ133: 2 | BK133: =ROUND(I133*H133,2) -> 1340 | BL133: 16 | BM133: -728059161
C134: 10 | D134: M | E134: 35441996 | F134: svorka odbočovací a spojovací pro spojování kruhových a páskových vodičů, FeZn | G134: kus | H134: 72 | I134: 25 | J134: =ROUND(I134*H134,2) -> 1800 | N134: snížená | P134: =O134*H134 -> 0 | Q134: 0.0007 | R134: =Q134*H134 -> 0.0504 | S134: 0 | T134: =S134*H134 -> 0 | AR134: 32 | AT134: M | AU134: 2 | AY134: ROZPOCET | BE134: =IF(N134="základní",J134,0) -> 0 | BF134: =IF(N134="snížená",J134,0) -> 1800 | BG134: =IF(N134="zákl. přenesená",J134,0) -> 0 | BH134: =IF(N134="sníž. přenesená",J134,0) -> 0 | BI134: =IF(N134="nulová",J134,0) -> 0 | BJ134: 2 | BK134: =ROUND(I134*H134,2) -> 1800 | BL134: 16 | BM134: 1682514583
C135: 11 | D135: M | E135: 35441925 | F135: svorka zkušební pro lano D 6-12mm, FeZn | G135: kus | H135: 24 | I135: 20 | J135: =ROUND(I135*H135,2) -> 480 | N135: snížená | P135: =O135*H135 -> 0 | Q135: 0.0002 | R135: =Q135*H135 -> 0.0048 | S135: 0 | T135: =S135*H135 -> 0 | AR135: 32 | AT135: M | AU135: 2 | AY135: ROZPOCET | BE135: =IF(N135="základní",J135,0) -> 0 | BF135: =IF(N135="snížená",J135,0) -> 480 | BG135: =IF(N135="zákl. přenesená",J135,0) -> 0 | BH135: =IF(N135="sníž. přenesená",J135,0) -> 0 | BI135: =IF(N135="nulová",J135,0) -> 0 | BJ135: 2 | BK135: =ROUND(I135*H135,2) -> 480 | BL135: 16 | BM135: 2033031603
C136: 12 | D136: K | E136: 741420001 | F136: Montáž drát nebo lano hromosvodné svodové D do 10 mm s podpěrou | G136: m | H136: 250 | I136: 150 | J136: =ROUND(I136*H136,2) -> 37500 | N136: snížená | P136: =O136*H136 -> 0 | Q136: 0 | R136: =Q136*H136 -> 0 | S136: 0 | T136: =S136*H136 -> 0 | AR136: 16 | AT136: K | AU136: 2 | AY136: ROZPOCET | BE136: =IF(N136="základní",J136,0) -> 0 | BF136: =IF(N136="snížená",J136,0) -> 37500 | BG136: =IF(N136="zákl. přenesená",J136,0) -> 0 | BH136: =IF(N136="sníž. přenesená",J136,0) -> 0 | BI136: =IF(N136="nulová",J136,0) -> 0 | BJ136: 2 | BK136: =ROUND(I136*H136,2) -> 37500 | BL136: 16 | BM136: -2076274011
... C146: 22 | D146: K | E146: 741810001 | F146: Celková prohlídka elektrického rozvodu a zařízení do 100 000,- Kč | G146: kus | H146: 6 | I146: 5000 | J146: =ROUND(I146*H146,2) -> 30000 | N146: snížená | P146: =O146*H146 -> 0 | Q146: 0 | R146: =Q146*H146 -> 0 | S146: 0 | T146: =S146*H146 -> 0 | AR146: 512 | AT146: K | AU146: 2 | AY146: ROZPOCET | BE146: =IF(N146="základní",J146,0) -> 0 | BF146: =IF(N146="snížená",J146,0) -> 30000 | BG146: =IF(N146="zákl. přenesená",J146,0) -> 0 | BH146: =IF(N146="sníž. přenesená",J146,0) -> 0 | BI146: =IF(N146="nulová",J146,0) -> 0 | BJ146: 2 | BK146: =ROUND(I146*H146,2) -> 30000 | BL146: 512 | BM146: 1388118293

Sheet D1.620 - Silnoproudá elek...
AT2: {0ca3e164-1671-4e26-bdbc-699a382a27b7}
AT3: 1
D4: KRYCÍ LIST SOUPISU PRACÍ | M4: v --- níže se nacházejí doplnkové a pomocné údaje k sestavám --- v | AT4: False
D6: Stavba:
E7: ='Rekapitulace stavby'!K6 -> Bytový soubor Libuše
D8: Objekt:
E9: 01 - Bytové domy A, B, C, D vč. podzemního podlaží
D10: Soupis:
E11: D1.620 - Silnoproudá elektroinstalace
D13: KSO: | I13: CC-CZ:
D14: Místo: | F14: Praha | I14: Datum: | J14: ='Rekapitulace stavby'!AN8 -> 45000
D16: Zadavatel: | I16: IČ:
E17: VELTON REAL ESTATE | I17: DIČ:
D19: Uchazeč: | I19: IČ: | J19: ='Rekapitulace stavby'!AN13 -> 08004013
E20: ='Rekapitulace stavby'!E14 -> DMG Stav a.s. | I20: DIČ: | J20: ='Rekapitulace stavby'!AN14 -> CZ 08004013
D22: Projektant: | I22: IČ:
E23: ABMV World s.r.o | I23: DIČ:
D25: Zpracovatel: | I25: IČ:
E26: QSB s.r.o. | I26: DIČ:
D28: Poznámka:
D32: Cena bez DPH | J32: =ROUND(J127,2) -> 12086552
F34: Základ daně | I34: Sazba daně | J34: Výše daně
D35: DPH | E35: základní | F35: =ROUND((SUM(BE127:BE275)),2) -> 0 | I35: 0.21 | J35: =ROUND(((SUM(BE127:BE275))*I35),2) -> 0
E36: snížená | F36: =ROUND((SUM(BF127:BF275)),2) -> 12086552 | I36: 0.15 | J36: =ROUND(((SUM(BF127:BF275))*I36),2) -> 1812982.8
E37: zákl. přenesená | F37: =ROUND((SUM(BG127:BG275)),2) -> 0 | I37: 0.21 | J37: =0 -> 0
E38: sníž. přenesená | F38: =ROUND((SUM(BH127:BH275)),2) -> 0 | I38: 0.15 | J38: =0 -> 0
E39: nulová | F39: =ROUND((SUM(BI127:BI275)),2) -> 0 | I39: 0 | J39: =0 -> 0
D41: Cena s DPH | G41: v | H41: CZK | J41: =SUM(J32:J39) -> 13899535
D50: Projektant | G50: Zpracovatel
D61: Datum a podpis: | F61: Razítko | G61: Datum a podpis: | J61: Razítko
D65: Objednavatel | G65: Uchazeč
D76: Datum a podpis: | F76: Razítko | G76: Datum a podpis: | J76: Razítko
C82: REKAPITULACE ČLENĚNÍ SOUPISU PRACÍ
C84: Stavba:
E85: =E7 -> Bytový soubor Libuše
C86: Objekt:
E87: 01 - Bytové domy A, B, C, D vč. podzemního podlaží
C88: Soupis:
E89: =E11 -> D1.620 - Silnoproudá elektroinstalace
C91: Místo: | F91: =F14 -> Praha | I91: Datum: | J91: =IF(J14="","",J14) -> 45000
C93: Zadavatel: | F93: =E17 -> VELTON REAL ESTATE | I93: Projektant: | J93: =E23 -> ABMV World s.r.o
C94: Uchazeč: | F94: =IF(E20="","",E20) -> DMG Stav a.s. | I94: Zpracovatel: | J94: =E26 -> QSB s.r.o.
C96: Kód dílu - Popis | J96: Cena celkem [CZK]
C98: Náklady ze soupisu prací | J98: =J127 -> 12086552 | AU98: -1
D99: HSV - HSV | J99: =J128 -> 12086552
D100: OSV - Osvětlení | J100: =J129 -> 2911100
D101: Přístroje - | J101: =J159 -> 921760
D102: Rozváděče - | J102: =J185 -> 2435000
D103: Kabely - | J103: =J207 -> 4559192
D104: Ulož - Úložný systém | J104: =J255 -> 785000
D105: OST - Ostatní | J105: =J265 -> 474500
C112: SOUPIS PRACÍ
C114: Stavba:
E115: =E7 -> Bytový soubor Libuše
C116: Objekt:
E117: 01 - Bytové domy A, B, C, D vč. podzemního podlaží
C118: Soupis:
E119: =E11 -> D1.620 - Silnoproudá elektroinstalace
C121: Místo: | F121: =F14 -> Praha | I121: Datum: | J121: =IF(J14="","",J14) -> 45000
C123: Zadavatel: | F123: =E17 -> VELTON REAL ESTATE | I123: Projektant: | J123: =E23 -> ABMV World s.r.o
C124: Uchazeč: | F124: =IF(E20="","",E20) -> DMG Stav a.s. | I124: Zpracovatel: | J124: =E26 -> QSB s.r.o.
C126: PČ | D126: Typ | E126: Kód | F126: Popis | G126: MJ | H126: Množství | I126: J.cena [CZK] | J126: Cena celkem [CZK] | K126: Cenová soustava | N126: DPH | O126: J. Nh [h] | P126: Nh celkem [h] | Q126: J. hmotnost [t] | R126: Hmotnost celkem [t] | S126: J. suť [t] | T126: Suť Celkem [t]
C127: Náklady soupisu celkem | J127: =BK127 -> 12086552 | P127: =P128 -> 0 | R127: =R128 -> 16.57569 | T127: =T128 -> 0 | AT127: D | AU127: -1 | BK127: =BK128 -> 12086552
D128: D | E128: HSV | F128: HSV | J128: =BK128 -> 12086552 | P128: =P129+P159+P185+P207+P255+P265 -> 0 | R128: =R129+R159+R185+R207+R255+R265 -> 16.57569 | T128: =T129+T159+T185+T207+T255+T265 -> 0 | AR128: 1 | AT128: D | AU128: 0 | AY128: ROZPOCET | BK128: =BK129+BK159+BK185+BK207+BK255+BK265 -> 12086552
D129: D | E129: OSV | F129: Osvětlení | J129: =BK129 -> 2911100 | P129: =SUM(P130:P158) -> 0 | R129: =SUM(R130:R158) -> 0 | T129: =SUM(T130:T158) -> 0 | AR129: 1 | AT129: D | AU129: 1 | AY129: ROZPOCET | BK129: =SUM(BK130:BK158) -> 2911100
C130: 1 | D130: M | E130: A1 | F130: Vestavné interiérové svítidlo LED do SDK | G130: ks | H130: 14 | I130: 6000 | J130: =ROUND(I130*H130,2) -> 84000 | N130: snížená | P130: =O130*H130 -> 0 | Q130: 0 | R130: =Q130*H130 -> 0 | S130: 0 | T130: =S130*H130 -> 0 | AR130: 8 | AT130: M | AU130: 2 | AY130: ROZPOCET | BE130: =IF(N130="základní",J130,0) -> 0 | BF130: =IF(N130="snížená",J130,0) -> 84000 | BG130: =IF(N130="zákl. přenesená",J130,0) -> 0 | BH130: =IF(N130="sníž. přenesená",J130,0) -> 0 | BI130: =IF(N130="nulová",J130,0) -> 0 | BJ130: 2 | BK130: =ROUND(I130*H130,2) -> 84000 | BL130: 4 | BM130: 216833203
C131: 2 | D131: M | E131: A2 | F131: Vestavné interiérové svítidlo LED do SDK | G131: ks | H131: 30 | I131: 5000 | J131: =ROUND(I131*H131,2) -> 150000 | N131: snížená | P131: =O131*H131 -> 0 | Q131: 0 | R131: =Q131*H131 -> 0 | S131: 0 | T131: =S131*H131 -> 0 | AR131: 8 | AT131: M | AU131: 2 | AY131: ROZPOCET | BE131: =IF(N131="základní",J131,0) -> 0 | BF131: =IF(N131="snížená",J131,0) -> 150000 | BG131: =IF(N131="zákl. přenesená",J131,0) -> 0 | BH131: =IF(N131="sníž. přenesená",J131,0) -> 0 | BI131: =IF(N131="nulová",J131,0) -> 0 | BJ131: 2 | BK131: =ROUND(I131*H131,2) -> 150000 | BL131: 4 | BM131: -1245745957
C132: 3 | D132: M | E132: B1 | F132: Přisazené interiérové svítidlo LED | G132: ks | H132: 18 | I132: 5500 | J132: =ROUND(I132*H132,2) -> 99000 | N132: snížená | P132: =O132*H132 -> 0 | Q132: 0 | R132: =Q132*H132 -> 0 | S132: 0 | T132: =S132*H132 -> 0 | AR132: 8 | AT132: M | AU132: 2 | AY132: ROZPOCET | BE132: =IF(N132="základní",J132,0) -> 0 | BF132: =IF(N132="snížená",J132,0) -> 99000 | BG132: =IF(N132="zákl. přenesená",J132,0) -> 0 | BH132: =IF(N132="sníž. přenesená",J132,0) -> 0 | BI132: =IF(N132="nulová",J132,0) -> 0 | BJ132: 2 | BK132: =ROUND(I132*H132,2) -> 99000 | BL132: 4 | BM132: -131966082
C133: 4 | D133: M | E133: B1.1 | F133: Vodič 3x0,75 2000mm | G133: ks | H133: 18 | I133: 200 | J133: =ROUND(I133*H133,2) -> 3600 | N133: snížená | P133: =O133*H133 -> 0 | Q133: 0 | R133: =Q133*H133 -> 0 | S133: 0 | T133: =S133*H133 -> 0 | AR133: 8 | AT133: M | AU133: 2 | AY133: ROZPOCET | BE133: =IF(N133="základní",J133,0) -> 0 | BF133: =IF(N133="snížená",J133,0) -> 3600 | BG133: =IF(N133="zákl. přenesená",J133,0) -> 0 | BH133: =IF(N133="sníž. přenesená",J133,0) -> 0 | BI133: =IF(N133="nulová",J133,0) -> 0 | BJ133: 2 | BK133: =ROUND(I133*H133,2) -> 3600 | BL133: 4 | BM133: 1509878746
C134: 5 | D134: M | E134: B1.2 | F134: Lankový závěs 2000mm | G134: ks | H134: 36 | I134: 200 | J134: =ROUND(I134*H134,2) -> 7200 | N134: snížená | P134: =O134*H134 -> 0 | Q134: 0 | R134: =Q134*H134 -> 0 | S134: 0 | T134: =S134*H134 -> 0 | AR134: 8 | AT134: M | AU134: 2 | AY134: ROZPOCET | BE134: =IF(N134="základní",J134,0) -> 0 | BF134: =IF(N134="snížená",J134,0) -> 7200 | BG134: =IF(N134="zákl. přenesená",J134,0) -> 0 | BH134: =IF(N134="sníž. přenesená",J134,0) -> 0 | BI134: =IF(N134="nulová",J134,0) -> 0 | BJ134: 2 | BK134: =ROUND(I134*H134,2) -> 7200 | BL134: 4 | BM134: -644142144
D135: VV | F135: 18*2 'Přepočtené koeficientem množství | H135: 36 | AT135: VV | AU135: 2 | AV135: 2 | AW135: False | AX135: 1 | AY135: ROZPOCET
C136: 6 | D136: M | E136: B1.3 | F136: Kalíšek stropní 80x80x32mm | G136: ks | H136: 18 | I136: 200 | J136: =ROUND(I136*H136,2) -> 3600 | N136: snížená | P136: =O136*H136 -> 0 | Q136: 0 | R136: =Q136*H136 -> 0 | S136: 0 | T136: =S136*H136 -> 0 | AR136: 8 | AT136: M | AU136: 2 | AY136: ROZPOCET | BE136: =IF(N136="základní",J136,0) -> 0 | BF136: =IF(N136="snížená",J136,0) -> 3600 | BG136: =IF(N136="zákl. přenesená",J136,0) -> 0 | BH136: =IF(N136="sníž. přenesená",J136,0) -> 0 | BI136: =IF(N136="nulová",J136,0) -> 0 | BJ136: 2 | BK136: =ROUND(I136*H136,2) -> 3600 | BL136: 4 | BM136: -298402589
C137: 7 | D137: M | E137: P1 | F137: LINEA 2.4ft 6400/840,svítidlo interiérové přisazené s modulem LED 2x3200 lm, spektrum 840 | G137: ks | H137: 97 | I137: 1500 | J137: =ROUND(I137*H137,2) -> 145500 | N137: snížená | P137: =O137*H137 -> 0 | Q137: 0 | R137: =Q137*H137 -> 0 | S137: 0 | T137: =S137*H137 -> 0 | AR137: 8 | AT137: M | AU137: 2 | AY137: ROZPOCET | BE137: =IF(N137="základní",J137,0) -> 0 | BF137: =IF(N137="snížená",J137,0) -> 145500 | BG137: =IF(N137="zákl. přenesená",J137,0) -> 0 | BH137: =IF(N137="sníž. přenesená",J137,0) -> 0 | BI137: =IF(N137="nulová",J137,0) -> 0 | BJ137: 2 | BK137: =ROUND(I137*H137,2) -> 145500 | BL137: 4 | BM137: -1952443949
C138: 8 | D138: M | E138: P2 | F138: LINEA 2.4ft 8800/840,svítidlo interiérové přisazené s modulem LED 2x4400 lm, spektrum 840 | G138: ks | H138: 10 | I138: 1600 | J138: =ROUND(I138*H138,2) -> 16000 | N138: snížená | P138: =O138*H138 -> 0 | Q138: 0 | R138: =Q138*H138 -> 0 | S138: 0 | T138: =S138*H138 -> 0 | AR138: 8 | AT138: M | AU138: 2 | AY138: ROZPOCET | BE138: =IF(N138="základní",J138,0) -> 0 | BF138: =IF(N138="snížená",J138,0) -> 16000 | BG138: =IF(N138="zákl. přenesená",J138,0) -> 0 | BH138: =IF(N138="sníž. přenesená",J138,0) -> 0 | BI138: =IF(N138="nulová",J138,0) -> 0 | BJ138: 2 | BK138: =ROUND(I138*H138,2) -> 16000 | BL138: 4 | BM138: 1424241205
C139: 9 | D139: M | E139: P3 | F139: LINEA ROUND 3600/840,svítidlo interiérové přisazené s modulem LED 3600 lm, spektrum 840 | G139: ks | H139: 43 | I139: 1200 | J139: =ROUND(I139*H139,2) -> 51600 | N139: snížená | P139: =O139*H139 -> 0 | Q139: 0 | R139: =Q139*H139 -> 0 | S139: 0 | T139: =S139*H139 -> 0 | AR139: 8 | AT139: M | AU139: 2 | AY139: ROZPOCET | BE139: =IF(N139="základní",J139,0) -> 0 | BF139: =IF(N139="snížená",J139,0) -> 51600 | BG139: =IF(N139="zákl. přenesená",J139,0) -> 0 | BH139: =IF(N139="sníž. přenesená",J139,0) -> 0 | BI139: =IF(N139="nulová",J139,0) -> 0 | BJ139: 2 | BK139: =ROUND(I139*H139,2) -> 51600 | BL139: 4 | BM139: 95381676
C140: 10 | D140: M | E140: N1 | F140: Nouzové svítidlo LED piktogram, vlastní baterie 1H doba nouzového svícení,autotest | G140: ks | H140: 42 | I140: 1500 | J140: =ROUND(I140*H140,2) -> 63000 | N140: snížená | P140: =O140*H140 -> 0 | Q140: 0 | R140: =Q140*H140 -> 0 | S140: 0 | T140: =S140*H140 -> 0 | AR140: 8 | AT140: M | AU140: 2 | AY140: ROZPOCET | BE140: =IF(N140="základní",J140,0) -> 0 | BF140: =IF(N140="snížená",J140,0) -> 63000 | BG140: =IF(N140="zákl. přenesená",J140,0) -> 0 | BH140: =IF(N140="sníž. přenesená",J140,0) -> 0 | BI140: =IF(N140="nulová",J140,0) -> 0 | BJ140: 2 | BK140: =ROUND(I140*H140,2) -> 63000 | BL140: 4 | BM140: -774967714
C141: 11 | D141: M | E141: N2 | F141: Vestavné nouzové svítidlo, optika Area, Autotest, 1H | G141: ks | H141: 21 | I141: 1600 | J141: =ROUND(I141*H141,2) -> 33600 | N141: snížená | P141: =O141*H141 -> 0 | Q141: 0 | R141: =Q141*H141 -> 0 | S141: 0 | T141: =S141*H141 -> 0 | AR141: 8 | AT141: M | AU141: 2 | AY141: ROZPOCET | BE141: =IF(N141="základní",J141,0) -> 0 | BF141: =IF(N141="snížená",J141,0) -> 33600 | BG141: =IF(N141="zákl. přenesená",J141,0) -> 0 | BH141: =IF(N141="sníž. přenesená",J141,0) -> 0 | BI141: =IF(N141="nulová",J141,0) -> 0 | BJ141: 2 | BK141: =ROUND(I141*H141,2) -> 33600 | BL141: 4 | BM141: -963696626
C142: 12 | D142: M | E142: N3 | F142: Vestavné nouzové svítidlo optika route 7W LED, 260lm,autotest | G142: ks | H142: 6 | I142: 2000 | J142: =ROUND(I142*H142,2) -> 12000 | N142: snížená | P142: =O142*H142 -> 0 | Q142: 0 | R142: =Q142*H142 -> 0 | S142: 0 | T142: =S142*H142 -> 0 | AR142: 8 | AT142: M | AU142: 2 | AY142: ROZPOCET | BE142: =IF(N142="základní",J142,0) -> 0 | BF142: =IF(N142="snížená",J142,0) -> 12000 | BG142: =IF(N142="zákl. přenesená",J142,0) -> 0 | BH142: =IF(N142="sníž. přenesená",J142,0) -> 0 | BI142: =IF(N142="nulová",J142,0) -> 0 | BJ142: 2 | BK142: =ROUND(I142*H142,2) -> 12000 | BL142: 4 | BM142: -1783479926
C143: 13 | D143: M | E143: N4 | F143: Přisazené svítidlo NO, area, barva černá, autotest | G143: ks | H143: 28 | I143: 1600 | J143: =ROUND(I143*H143,2) -> 44800 | N143: snížená | P143: =O143*H143 -> 0 | Q143: 0 | R143: =Q143*H143 -> 0 | S143: 0 | T143: =S143*H143 -> 0 | AR143: 8 | AT143: M | AU143: 2 | AY143: ROZPOCET | BE143: =IF(N143="základní",J143,0) -> 0 | BF143: =IF(N143="snížená",J143,0) -> 44800 | BG143: =IF(N143="zákl. přenesená",J143,0) -> 0 | BH143: =IF(N143="sníž. přenesená",J143,0) -> 0 | BI143: =IF(N143="nulová",J143,0) -> 0 | BJ143: 2 | BK143: =ROUND(I143*H143,2) -> 44800 | BL143: 4 | BM143: -1230490306
C144: 14 | D144: M | E144: N5 | F144: Přisazené/nástěnné nouzové svítidlo-Piktogram | G144: ks | H144: 22 | I144: 1000 | J144: =ROUND(I144*H144,2) -> 22000 | N144: snížená | P144: =O144*H144 -> 0 | Q144: 0 | R144: =Q144*H144 -> 0 | S144: 0 | T144: =S144*H144 -> 0 | AR144: 8 | AT144: M | AU144: 2 | AY144: ROZPOCET | BE144: =IF(N144="základní",J144,0) -> 0 | BF144: =IF(N144="snížená",J144,0) -> 22000 | BG144: =IF(N144="zákl. přenesená",J144,0) -> 0 | BH144: =IF(N144="sníž. přenesená",J144,0) -> 0 | BI144: =IF(N144="nulová",J144,0) -> 0 | BJ144: 2 | BK144: =ROUND(I144*H144,2) -> 22000 | BL144: 4 | BM144: -1555867527
C145: 15 | D145: M | E145: N6 | F145: Přisazené nouzové svítidlo-optika route | G145: ks | H145: 19 | I145: 1700 | J145: =ROUND(I145*H145,2) -> 32300 | N145: snížená | P145: =O145*H145 -> 0 | Q145: 0 | R145: =Q145*H145 -> 0 | S145: 0 | T145: =S145*H145 -> 0 | AR145: 8 | AT145: M | AU145: 2 | AY145: ROZPOCET | BE145: =IF(N145="základní",J145,0) -> 0 | BF145: =IF(N145="snížená",J145,0) -> 32300 | BG145: =IF(N145="zákl. přenesená",J145,0) -> 0 | BH145: =IF(N145="sníž. přenesená",J145,0) -> 0 | BI145: =IF(N145="nulová",J145,0) -> 0 | BJ145: 2 | BK145: =ROUND(I145*H145,2) -> 32300 | BL145: 4 | BM145: -878627709
C146: 16 | D146: M | E146: N7 | F146: Přisazené nouzové svítidlo-Piktogram | G146: ks | H146: 4 | I146: 1300 | J146: =ROUND(I146*H146,2) -> 5200 | N146: snížená | P146: =O146*H146 -> 0 | Q146: 0 | R146: =Q146*H146 -> 0 | S146: 0 | T146: =S146*H146 -> 0 | AR146: 8 | AT146: M | AU146: 2 | AY146: ROZPOCET | BE146: =IF(N146="základní",J146,0) -> 0 | BF146: =IF(N146="snížená",J146,0) -> 5200 | BG146: =IF(N146="zákl. přenesená",J146,0) -> 0 | BH146: =IF(N146="sníž. přenesená",J146,0) -> 0 | BI146: =IF(N146="nulová",J146,0) -> 0 | BJ146: 2 | BK146: =ROUND(I146*H146,2) -> 5200 | BL146: 4 | BM146: -1508902055
C147: 17 | D147: M | E147: N7.1 | F147: Components Flag for doublesided version (for Ontec S) | G147: ks | H147: 4 | I147: 200 | J147: =ROUND(I147*H147,2) -> 800 | N147: snížená | P147: =O147*H147 -> 0 | Q147: 0 | R147: =Q147*H147 -> 0 | S147: 0 | T147: =S147*H147 -> 0 | AR147: 8 | AT147: M | AU147: 2 | AY147: ROZPOCET | BE147: =IF(N147="základní",J147,0) -> 0 | BF147: =IF(N147="snížená",J147,0) -> 800 | BG147: =IF(N147="zákl. přenesená",J147,0) -> 0 | BH147: =IF(N147="sníž. přenesená",J147,0) -> 0 | BI147: =IF(N147="nulová",J147,0) -> 0 | BJ147: 2 | BK147: =ROUND(I147*H147,2) -> 800 | BL147: 4 | BM147: -853581245
... C158: 28 | D158: K | E158: OSV | F158: Montáž svítidel | G158: ks | H158: 814 | I158: 300 | J158: =ROUND(I158*H158,2) -> 244200 | N158: snížená | P158: =O158*H158 -> 0 | Q158: 0 | R158: =Q158*H158 -> 0 | S158: 0 | T158: =S158*H158 -> 0 | AR158: 4 | AT158: K | AU158: 2 | AY158: ROZPOCET | BE158: =IF(N158="základní",J158,0) -> 0 | BF158: =IF(N158="snížená",J158,0) -> 244200 | BG158: =IF(N158="zákl. přenesená",J158,0) -> 0 | BH158: =IF(N158="sníž. přenesená",J158,0) -> 0 | BI158: =IF(N158="nulová",J158,0) -> 0 | BJ158: 2 | BK158: =ROUND(I158*H158,2) -> 244200 | BL158: 4 | BM158: -535002737
D159: D | E159: Přístroje | J159: =BK159 -> 921760 | P159: =SUM(P160:P184) -> 0 | R159: =SUM(R160:R184) -> 0.18404 | T159: =SUM(T160:T184) -> 0 | AR159: 1 | AT159: D | AU159: 1 | AY159: ROZPOCET | BK159: =SUM(BK160:BK184) -> 921760
C160: 29 | D160: K | E160: 741112061 | F160: Montáž krabice přístrojová zapuštěná plastová kruhová | G160: kus | H160: 1500 | I160: 30 | J160: =ROUND(I160*H160,2) -> 45000 | N160: snížená | P160: =O160*H160 -> 0 | Q160: 0 | R160: =Q160*H160 -> 0 | S160: 0 | T160: =S160*H160 -> 0 | AR160: 16 | AT160: K | AU160: 2 | AY160: ROZPOCET | BE160: =IF(N160="základní",J160,0) -> 0 | BF160: =IF(N160="snížená",J160,0) -> 45000 | BG160: =IF(N160="zákl. přenesená",J160,0) -> 0 | BH160: =IF(N160="sníž. přenesená",J160,0) -> 0 | BI160: =IF(N160="nulová",J160,0) -> 0 | BJ160: 2 | BK160: =ROUND(I160*H160,2) -> 45000 | BL160: 16 | BM160: -958234922
C161: 30 | D161: M | E161: 34571511 | F161: krabice přístrojová instalační 500V, D 69mmx30mm | G161: kus | H161: 1500 | I161: 7 | J161: =ROUND(I161*H161,2) -> 10500 | N161: snížená | P161: =O161*H161 -> 0 | Q161: 3e-05 | R161: =Q161*H161 -> 0.045 | S161: 0 | T161: =S161*H161 -> 0 | AR161: 32 | AT161: M | AU161: 2 | AY161: ROZPOCET | BE161: =IF(N161="základní",J161,0) -> 0 | BF161: =IF(N161="snížená",J161,0) -> 10500 | BG161: =IF(N161="zákl. přenesená",J161,0) -> 0 | BH161: =IF(N161="sníž. přenesená",J161,0) -> 0 | BI161: =IF(N161="nulová",J161,0) -> 0 | BJ161: 2 | BK161: =ROUND(I161*H161,2) -> 10500 | BL161: 16 | BM161: -1167873591
C162: 31 | D162: K | E162: 741112101 | F162: Montáž rozvodka zapuštěná plastová kruhová | G162: kus | H162: 1500 | I162: 130 | J162: =ROUND(I162*H162,2) -> 195000 | N162: snížená | P162: =O162*H162 -> 0 | Q162: 0 | R162: =Q162*H162 -> 0 | S162: 0 | T162: =S162*H162 -> 0 | AR162: 16 | AT162: K | AU162: 2 | AY162: ROZPOCET | BE162: =IF(N162="základní",J162,0) -> 0 | BF162: =IF(N162="snížená",J162,0) -> 195000 | BG162: =IF(N162="zákl. přenesená",J162,0) -> 0 | BH162: =IF(N162="sníž. přenesená",J162,0) -> 0 | BI162: =IF(N162="nulová",J162,0) -> 0 | BJ162: 2 | BK162: =ROUND(I162*H162,2) -> 195000 | BL162: 16 | BM162: -1969159906
C163: 32 | D163: M | E163: 34571519 | F163: krabice univerzální odbočná z PH s víčkem, D 73,5mmx43mm | G163: kus | H163: 1500 | I163: 14 | J163: =ROUND(I163*H163,2) -> 21000 | N163: snížená | P163: =O163*H163 -> 0 | Q163: 5e-05 | R163: =Q163*H163 -> 0.075 | S163: 0 | T163: =S163*H163 -> 0 | AR163: 32 | AT163: M | AU163: 2 | AY163: ROZPOCET | BE163: =IF(N163="základní",J163,0) -> 0 | BF163: =IF(N163="snížená",J163,0) -> 21000 | BG163: =IF(N163="zákl. přenesená",J163,0) -> 0 | BH163: =IF(N163="sníž. přenesená",J163,0) -> 0 | BI163: =IF(N163="nulová",J163,0) -> 0 | BJ163: 2 | BK163: =ROUND(I163*H163,2) -> 21000 | BL163: 16 | BM163: 481574893
