Workbook

Sheet Rekapitulace stavby
A1: Export Komplet | BA1: 2.0 | BT1: False | BU1: False | BV1: {c5aee045-5a0a-4692-81b8-0acee831865f}
AR2: >> skryté sloupce << | BS2: 0,01 | BT2: 21
BS3: 0,01 | BT3: 15
D4: REKAPITULACE STAVBY | AS4: v --- níže se nacházejí doplnkové a pomocné údaje k sestavám --- v | BS4: 0,001
D5: Kód: | K5: 011-26 | BS5: 0,01
D6: Stavba: | K6: I/26 Kyšice - Plzeň, Hřbitovní | BS6: 0,1
D7: KSO: | AK7: CC-CZ: | BS7: 1
D8: Místo: | AK8: Datum: | AN8: 20. 1. 2026 | BS8: 10
BS9: 100
D10: Zadavatel: | AK10: IČ: | AN10: 65993390 | BS10: 0,1
E11: Ředitelství silnic a dálnic s.p. | AK11: DIČ: | AN11: CZ65993390 | BS11: 0,1
BS12: 0,1
D13: Zhotovitel: | AK13: IČ: | BS13: 0,1
AK14: DIČ: | BS14: 0,1
BS15: False
D16: Projektant: | AK16: IČ: | AN16: 29159342 | BS16: False
E17: Woring s.r.o. | AK17: DIČ: | AN17: CZ29159342 | BS17: False
BS18: 0,01
D19: Zpracovatel: | AK19: IČ: | BS19: 0,01
E20: Pavel Vachtl | AK20: DIČ: | BS20: True
D22: Poznámka:
D26: Cena bez DPH | AK26: =ROUND(AG94,2) -> #REF!
L28: Sazba daně | W28: Základ daně | AK28: Výše daně
D29: DPH | F29: základní | L29: 0.21 | W29: =ROUND(AZ94, 2) -> #REF! | AK29: =ROUND(AV94, 2) -> #REF!
F30: snížená | L30: 0.15 | W30: =ROUND(BA94, 2) -> #REF! | AK30: =ROUND(AW94, 2) -> #REF!
F31: zákl. přenesená | L31: 0.21 | W31: =ROUND(BB94, 2) -> #REF! | AK31: 0
F32: sníž. přenesená | L32: 0.15 | W32: =ROUND(BC94, 2) -> #REF! | AK32: 0
F33: nulová | L33: 0 | W33: =ROUND(BD94, 2) -> #REF! | AK33: 0
D35: Cena s DPH | T35: v | X35: CZK | AK35: =SUM(AK26:AK33) -> #REF!
D49: Projektant | AH49: Zpracovatel
D60: Datum a podpis: | V60: Razítko | AH60: Datum a podpis: | AM60: Razítko
D64: Objednavatel | AH64: Zhotovitel
D75: Datum a podpis: | V75: Razítko | AH75: Datum a podpis: | AM75: Razítko
C82: REKAPITULACE OBJEKTŮ STAVBY A SOUPISŮ PRACÍ
C84: Kód: | L84: =K5 -> 011-26
C85: Stavba: | L85: =K6 -> I/26 Kyšice - Plzeň, Hřbitovní
C87: Místo: | L87: =IF(K8="","",K8) | AI87: Datum: | AM87: =IF(AN8= "","",AN8) -> 20. 1. 2026
C89: Zadavatel: | L89: =IF(E11= "","",E11) -> Ředitelství silnic a dálnic s.p. | AI89: Projektant: | AM89: =IF(E17="","",E17) -> Woring s.r.o. | AS89: Informatívní údaje z listů zakázek
C90: Zhotovitel: | L90: =IF(E14="","",E14) | AI90: Zpracovatel: | AM90: =IF(E20="","",E20) -> Pavel Vachtl
C92: Kód | I92: Popis | AG92: Cena bez DPH [CZK] | AN92: Cena s DPH [CZK] | AQ92: Typ | AS92: z toho Ostat._x000D_ náklady [CZK] | AT92: DPH [CZK] | AU92: Normohodiny [h] | AV92: DPH základní [CZK] | AW92: DPH snížená [CZK] | AX92: DPH základní přenesená_x000D_ [CZK] | AY92: DPH snížená přenesená_x000D_ [CZK] | AZ92: Základna_x000D_ DPH základní | BA92: Základna_x000D_ DPH snížená | BB92: Základna_x000D_ DPH zákl. přenesená | BC92: Základna_x000D_ DPH sníž. přenesená | BD92: Základna_x000D_ DPH nulová
C94: Náklady z rozpočtů | AG94: =ROUND(SUM(AG95:AG102),2) -> #REF! | AN94: =SUM(AG94,AT94) -> #REF! | AS94: =ROUND(SUM(AS95:AS102),2) -> 0 | AT94: =ROUND(SUM(AV94:AW94),2) -> #REF! | AU94: =ROUND(SUM(AU95:AU102),5) -> #REF! | AV94: =ROUND(AZ94*L29,2) -> #REF! | AW94: =ROUND(BA94*L30,2) -> #REF! | AX94: =ROUND(BB94*L29,2) -> #REF! | AY94: =ROUND(BC94*L30,2) -> #REF! | AZ94: =ROUND(SUM(AZ95:AZ102),2) -> #REF! | BA94: =ROUND(SUM(BA95:BA102),2) -> #REF! | BB94: =ROUND(SUM(BB95:BB102),2) -> #REF! | BC94: =ROUND(SUM(BC95:BC102),2) -> #REF! | BD94: =ROUND(SUM(BD95:BD102),2) -> #REF! | BS94: D | BT94: 0 | BU94: ###NOIMPORT### | BV94: IMPORT | BW94: {c5aee045-5a0a-4692-81b8-0acee831865f} | BX94: {00000000-0000-0000-0000-000000000000}
A95: / | D95: 001 | J95: Vedlejsi a ostatni naklady | AG95: ='001 - Vedlejsi a ostatni ...'!J30 -> 0 | AN95: =SUM(AG95,AT95) -> 0 | AQ95: STA | AS95: 0 | AT95: =ROUND(SUM(AV95:AW95),2) -> 0 | AU95: ='001 - Vedlejsi a ostatni ...'!P118 -> 0 | AV95: ='001 - Vedlejsi a ostatni ...'!J33 -> 0 | AW95: ='001 - Vedlejsi a ostatni ...'!J34 -> 0 | AX95: ='001 - Vedlejsi a ostatni ...'!J35 -> 0 | AY95: ='001 - Vedlejsi a ostatni ...'!J36 -> 0 | AZ95: ='001 - Vedlejsi a ostatni ...'!F33 -> 0 | BA95: ='001 - Vedlejsi a ostatni ...'!F34 -> 0 | BB95: ='001 - Vedlejsi a ostatni ...'!F35 -> 0 | BC95: ='001 - Vedlejsi a ostatni ...'!F36 -> 0 | BD95: ='001 - Vedlejsi a ostatni ...'!F37 -> 0 | BT95: 1 | BV95: IMPORT | BW95: {f576d6a3-f2c1-4b6e-abea-65d22b6c471f} | BX95: {c5aee045-5a0a-4692-81b8-0acee831865f} | CM95: -1
A96: / | D96: 101 | J96: Oprava vozovky (km 2,74-4,84) | AG96: ='101 - Oprava vozovky (km ...'!J30 -> 0 | AN96: =SUM(AG96,AT96) -> 0 | AQ96: STA | AS96: 0 | AT96: =ROUND(SUM(AV96:AW96),2) -> 0 | AU96: ='101 - Oprava vozovky (km ...'!P125 -> 0 | AV96: ='101 - Oprava vozovky (km ...'!J33 -> 0 | AW96: ='101 - Oprava vozovky (km ...'!J34 -> 0 | AX96: ='101 - Oprava vozovky (km ...'!J35 -> 0 | AY96: ='101 - Oprava vozovky (km ...'!J36 -> 0 | AZ96: ='101 - Oprava vozovky (km ...'!F33 -> 0 | BA96: ='101 - Oprava vozovky (km ...'!F34 -> 0 | BB96: ='101 - Oprava vozovky (km ...'!F35 -> 0 | BC96: ='101 - Oprava vozovky (km ...'!F36 -> 0 | BD96: ='101 - Oprava vozovky (km ...'!F37 -> 0 | BT96: 1 | BV96: IMPORT | BW96: {9084f3c3-92e0-4a23-83ee-f324d78c3d21} | BX96: {c5aee045-5a0a-4692-81b8-0acee831865f} | CM96: -1
A97: / | D97: 102 | J97: Oprava vozovky (km 4,84-5,94) | AG97: ='102 - Oprava vozovky (km ...'!J30 -> 0 | AN97: =SUM(AG97,AT97) -> 0 | AQ97: STA | AS97: 0 | AT97: =ROUND(SUM(AV97:AW97),2) -> 0 | AU97: ='102 - Oprava vozovky (km ...'!P124 -> 0 | AV97: ='102 - Oprava vozovky (km ...'!J33 -> 0 | AW97: ='102 - Oprava vozovky (km ...'!J34 -> 0 | AX97: ='102 - Oprava vozovky (km ...'!J35 -> 0 | AY97: ='102 - Oprava vozovky (km ...'!J36 -> 0 | AZ97: ='102 - Oprava vozovky (km ...'!F33 -> 0 | BA97: ='102 - Oprava vozovky (km ...'!F34 -> 0 | BB97: ='102 - Oprava vozovky (km ...'!F35 -> 0 | BC97: ='102 - Oprava vozovky (km ...'!F36 -> 0 | BD97: ='102 - Oprava vozovky (km ...'!F37 -> 0 | BT97: 1 | BV97: IMPORT | BW97: {3820f1c8-1ee3-4534-9d18-efb7bbe42a5e} | BX97: {c5aee045-5a0a-4692-81b8-0acee831865f} | CM97: -1
A98: / | D98: 181 | J98: Přechodné dopravní značení | AG98: ='181 - Přechodné dopravní ...'!J30 -> 0 | AN98: =SUM(AG98,AT98) -> 0 | AQ98: STA | AS98: 0 | AT98: =ROUND(SUM(AV98:AW98),2) -> 0 | AU98: ='181 - Přechodné dopravní ...'!P119 -> 0 | AV98: ='181 - Přechodné dopravní ...'!J33 -> 0 | AW98: ='181 - Přechodné dopravní ...'!J34 -> 0 | AX98: ='181 - Přechodné dopravní ...'!J35 -> 0 | AY98: ='181 - Přechodné dopravní ...'!J36 -> 0 | AZ98: ='181 - Přechodné dopravní ...'!F33 -> 0 | BA98: ='181 - Přechodné dopravní ...'!F34 -> 0 | BB98: ='181 - Přechodné dopravní ...'!F35 -> 0 | BC98: ='181 - Přechodné dopravní ...'!F36 -> 0 | BD98: ='181 - Přechodné dopravní ...'!F37 -> 0 | BT98: 1 | BV98: IMPORT | BW98: {2726717c-df5d-4807-80e7-684f156e0da1} | BX98: {c5aee045-5a0a-4692-81b8-0acee831865f} | CM98: -1
A99: / | D99: 191 | J99: Dopravní značení | AG99: ='191 - Dopravní značení'!J30 -> 0 | AN99: =SUM(AG99,AT99) -> 0 | AQ99: STA | AS99: 0 | AT99: =ROUND(SUM(AV99:AW99),2) -> 0 | AU99: ='191 - Dopravní značení'!P119 -> 0 | AV99: ='191 - Dopravní značení'!J33 -> 0 | AW99: ='191 - Dopravní značení'!J34 -> 0 | AX99: ='191 - Dopravní značení'!J35 -> 0 | AY99: ='191 - Dopravní značení'!J36 -> 0 | AZ99: ='191 - Dopravní značení'!F33 -> 0 | BA99: ='191 - Dopravní značení'!F34 -> 0 | BB99: ='191 - Dopravní značení'!F35 -> 0 | BC99: ='191 - Dopravní značení'!F36 -> 0 | BD99: ='191 - Dopravní značení'!F37 -> 0 | BT99: 1 | BV99: IMPORT | BW99: {1396f380-28f3-4aa4-918d-c18ca3b9bba9} | BX99: {c5aee045-5a0a-4692-81b8-0acee831865f} | CM99: -1
A100: / | D100: 201-003 | J100: Most ev.č. 206-003 | AG100: ='201-003 - Most ev.č. 206-003'!#REF! -> #REF! | AN100: =SUM(AG100,AT100) -> #REF! | AQ100: STA | AS100: 0 | AT100: =ROUND(SUM(AV100:AW100),2) -> #REF! | AU100: ='201-003 - Most ev.č. 206-003'!P17 -> #REF! | AV100: ='201-003 - Most ev.č. 206-003'!#REF! -> #REF! | AW100: ='201-003 - Most ev.č. 206-003'!#REF! -> #REF! | AX100: ='201-003 - Most ev.č. 206-003'!#REF! -> #REF! | AY100: ='201-003 - Most ev.č. 206-003'!#REF! -> #REF! | AZ100: ='201-003 - Most ev.č. 206-003'!#REF! -> #REF! | BA100: ='201-003 - Most ev.č. 206-003'!#REF! -> #REF! | BB100: ='201-003 - Most ev.č. 206-003'!#REF! -> #REF! | BC100: ='201-003 - Most ev.č. 206-003'!#REF! -> #REF! | BD100: ='201-003 - Most ev.č. 206-003'!#REF! -> #REF! | BT100: 1 | BV100: IMPORT | BW100: {078d9bf8-c743-411e-bbd2-7be7a6ce9519} | BX100: {c5aee045-5a0a-4692-81b8-0acee831865f} | CM100: -1
A101: / | D101: 201-004 | J101: Mosty ev. č. 26-004..1 a 26-004..2 | AG101: ='201-004 - Mosty ev. č. 26...'!#REF! -> #REF! | AN101: =SUM(AG101,AT101) -> #REF! | AQ101: STA | AS101: 0 | AT101: =ROUND(SUM(AV101:AW101),2) -> #REF! | AU101: ='201-004 - Mosty ev. č. 26...'!P17 -> #REF! | AV101: ='201-004 - Mosty ev. č. 26...'!#REF! -> #REF! | AW101: ='201-004 - Mosty ev. č. 26...'!#REF! -> #REF! | AX101: ='201-004 - Mosty ev. č. 26...'!#REF! -> #REF! | AY101: ='201-004 - Mosty ev. č. 26...'!#REF! -> #REF! | AZ101: ='201-004 - Mosty ev. č. 26...'!#REF! -> #REF! | BA101: ='201-004 - Mosty ev. č. 26...'!#REF! -> #REF! | BB101: ='201-004 - Mosty ev. č. 26...'!#REF! -> #REF! | BC101: ='201-004 - Mosty ev. č. 26...'!#REF! -> #REF! | BD101: ='201-004 - Mosty ev. č. 26...'!#REF! -> #REF! | BT101: 1 | BV101: IMPORT | BW101: {d6941441-b79e-4e2a-9419-3377a66a0a85} | BX101: {c5aee045-5a0a-4692-81b8-0acee831865f} | CM101: -1
A102: / | D102: 441 | J102: Přeložka a ochrana vedení VO | AG102: ='441 - Přeložka a ochrana ...'!J30 -> 0 | AN102: =SUM(AG102,AT102) -> 0 | AQ102: STA | AS102: 0 | AT102: =ROUND(SUM(AV102:AW102),2) -> 0 | AU102: ='441 - Přeložka a ochrana ...'!P117 -> 0 | AV102: ='441 - Přeložka a ochrana ...'!J33 -> 0 | AW102: ='441 - Přeložka a ochrana ...'!J34 -> 0 | AX102: ='441 - Přeložka a ochrana ...'!J35 -> 0 | AY102: ='441 - Přeložka a ochrana ...'!J36 -> 0 | AZ102: ='441 - Přeložka a ochrana ...'!F33 -> 0 | BA102: ='441 - Přeložka a ochrana ...'!F34 -> 0 | BB102: ='441 - Přeložka a ochrana ...'!F35 -> 0 | BC102: ='441 - Přeložka a ochrana ...'!F36 -> 0 | BD102: ='441 - Přeložka a ochrana ...'!F37 -> 0 | BT102: 1 | BV102: IMPORT | BW102: {714a2bd5-f1ca-44ad-8658-2384fadf25ce} | BX102: {c5aee045-5a0a-4692-81b8-0acee831865f} | CM102: -1

Sheet 001 - Vedlejsi a ostatni ...
L2: >> skryté sloupce << | AT2: {f576d6a3-f2c1-4b6e-abea-65d22b6c471f}
AT3: -1
D4: KRYCÍ LIST SOUPISU PRACÍ | M4: v --- níže se nacházejí doplnkové a pomocné údaje k sestavám --- v | AT4: False
D6: Stavba:
E7: ='Rekapitulace stavby'!K6 -> I/26 Kyšice - Plzeň, Hřbitovní
D8: Objekt:
E9: 001 - Vedlejsi a ostatni naklady
D11: KSO: | I11: CC-CZ:
D12: Místo: | I12: Datum: | J12: ='Rekapitulace stavby'!AN8 -> 20. 1. 2026
D14: Zadavatel: | I14: IČ: | J14: 65993390
E15: Ředitelství silnic a dálnic s.p. | I15: DIČ: | J15: CZ65993390
D17: Zhotovitel: | I17: IČ: | J17: ='Rekapitulace stavby'!AN13
E18: ='Rekapitulace stavby'!E14 | I18: DIČ: | J18: ='Rekapitulace stavby'!AN14
D20: Projektant: | I20: IČ: | J20: 29159342
E21: Woring s.r.o. | I21: DIČ: | J21: CZ29159342
D23: Zpracovatel: | I23: IČ: | J23: =IF('Rekapitulace stavby'!AN19="","",'Rekapitulace stavby'!AN19)
E24: =IF('Rekapitulace stavby'!E20="","",'Rekapitulace stavby'!E20) -> Pavel Vachtl | I24: DIČ: | J24: =IF('Rekapitulace stavby'!AN20="","",'Rekapitulace stavby'!AN20)
D26: Poznámka:
D30: Cena bez DPH | J30: =ROUND(J118, 2) -> 0
F32: Základ daně | I32: Sazba daně | J32: Výše daně
D33: DPH | E33: základní | F33: =ROUND((SUM(BE118:BE155)), 2) -> 0 | I33: 0.21 | J33: =ROUND(((SUM(BE118:BE155))*I33), 2) -> 0
E34: snížená | F34: =ROUND((SUM(BF118:BF155)), 2) -> 0 | I34: 0.15 | J34: =ROUND(((SUM(BF118:BF155))*I34), 2) -> 0
E35: zákl. přenesená | F35: =ROUND((SUM(BG118:BG155)), 2) -> 0 | I35: 0.21 | J35: =0 -> 0
E36: sníž. přenesená | F36: =ROUND((SUM(BH118:BH155)), 2) -> 0 | I36: 0.15 | J36: =0 -> 0
E37: nulová | F37: =ROUND((SUM(BI118:BI155)), 2) -> 0 | I37: 0 | J37: =0 -> 0
D39: Cena s DPH | G39: v | H39: CZK | J39: =SUM(J30:J37) -> 0
D50: Projektant | G50: Zpracovatel
D61: Datum a podpis: | F61: Razítko | G61: Datum a podpis: | J61: Razítko
D65: Objednavatel | G65: Zhotovitel
D76: Datum a podpis: | F76: Razítko | G76: Datum a podpis: | J76: Razítko
C82: REKAPITULACE ČLENĚNÍ SOUPISU PRACÍ
C84: Stavba:
E85: =E7 -> I/26 Kyšice - Plzeň, Hřbitovní
C86: Objekt:
E87: =E9 -> 001 - Vedlejsi a ostatni naklady
C89: Místo: | F89: =F12 | I89: Datum: | J89: =IF(J12="","",J12) -> 20. 1. 2026
C91: Zadavatel: | F91: =E15 -> Ředitelství silnic a dálnic s.p. | I91: Projektant: | J91: =E21 -> Woring s.r.o.
C92: Zhotovitel: | F92: =IF(E18="","",E18) | I92: Zpracovatel: | J92: =E24 -> Pavel Vachtl
C94: Kód dílu - Popis | J94: Cena celkem [CZK]
C96: Náklady ze soupisu prací | J96: =J118 -> 0 | AU96: -1
D97: 0 - Všeobecné konstrukce a práce | J97: =J119 -> 0
D98: 1 - Zemní práce | J98: =J151 -> 0
C105: SOUPIS PRACÍ
C107: Stavba:
E108: =E7 -> I/26 Kyšice - Plzeň, Hřbitovní
C109: Objekt:
E110: =E9 -> 001 - Vedlejsi a ostatni naklady
C112: Místo: | F112: =F12 | I112: Datum: | J112: =IF(J12="","",J12) -> 20. 1. 2026
C114: Zadavatel: | F114: =E15 -> Ředitelství silnic a dálnic s.p. | I114: Projektant: | J114: =E21 -> Woring s.r.o.
C115: Zhotovitel: | F115: =IF(E18="","",E18) | I115: Zpracovatel: | J115: =E24 -> Pavel Vachtl
C117: PČ | D117: Typ | E117: Kód | F117: Popis | G117: MJ | H117: Množství | I117: J.cena [CZK] | J117: Cena celkem [CZK] | K117: Cenová soustava | N117: DPH | O117: J. Nh [h] | P117: Nh celkem [h] | Q117: J. hmotnost [t] | R117: Hmotnost celkem [t] | S117: J. suť [t] | T117: Suť Celkem [t]
C118: Náklady soupisu celkem | J118: =BK118 -> 0 | P118: =P119+P151 -> 0 | R118: =R119+R151 -> 0 | T118: =T119+T151 -> 0 | AT118: D | AU118: -1 | BK118: =BK119+BK151 -> 0
D119: D | E119: 0 | F119: Všeobecné konstrukce a práce | J119: =BK119 -> 0 | P119: =SUM(P120:P150) -> 0 | R119: =SUM(R120:R150) -> 0 | T119: =SUM(T120:T150) -> 0 | AR119: 4 | AT119: D | AU119: 0 | AY119: ROZPOCET | BK119: =SUM(BK120:BK150) -> 0
C120: 1 | D120: K | E120: 02910 | F120: OSTATNÍ POŽADAVKY - ZEMĚMĚŘICKÁ MĚŘENÍ VE VÝSTAVBĚ | G120: KPL | H120: 1 | I120: 0 | J120: =ROUND(I120*H120,2) -> 0 | K120: OTSKP 2025 | N120: základní | O120: 0 | P120: =O120*H120 -> 0 | Q120: 0 | R120: =Q120*H120 -> 0 | S120: 0 | T120: =S120*H120 -> 0 | AR120: 4 | AT120: K | AU120: 1 | AY120: ROZPOCET | BE120: =IF(N120="základní",J120,0) -> 0 | BF120: =IF(N120="snížená",J120,0) -> 0 | BG120: =IF(N120="zákl. přenesená",J120,0) -> 0 | BH120: =IF(N120="sníž. přenesená",J120,0) -> 0 | BI120: =IF(N120="nulová",J120,0) -> 0 | BJ120: 1 | BK120: =ROUND(I120*H120,2) -> 0 | BL120: 4 | BM120: -1052847150
D121: PP | F121: geometrický plán pro oddělení komunikace (záliv zastávky, řadící pruhy křižovatky, chodník, sjezd) 2x6 paré | AT121: PP | AU121: 1
D122: PSC | F122: Poznámka k souboru cen:_x000D_ Položka zahrnuje: - náklady na veškeré zeměměřické práce, což jsou především všechny vytyčovací práce, včetně vytyčení stávajících podzemních vedení a vytyčení prostorové polohy a obvodu stavby, veškeré měřičské práce jako jsou kontrolní a ověřovací měření, měření pro výpočet kubatur, měření geometrických parametrů stavby, měření posunů a přetvoření, tvorba a údržba základních měřických a vytyčovacích sítí a mikrosítí. - veškeré náklady spojené s objednatelem požadovanými pracemi Položka nezahrnuje: - x Způsob stanovení: - pro stanovení orientační investorské ceny určete jednotkovou cenu jako 1% předpokládané ceny stavby | AT122: PSC | AU122: 1
D123: VV | E123: A1 | F123: 1 | H123: 1 | AT123: VV | AU123: 1 | AV123: 2 | AW123: True | AX123: 1 | AY123: ROZPOCET
C124: 2 | D124: K | E124: 029113 | F124: OSTATNÍ POŽADAVKY - ZEMĚMĚŘICKÉ ZAMĚŘENÍ - CELKY | G124: KUS | H124: 1 | I124: 0 | J124: =ROUND(I124*H124,2) -> 0 | K124: OTSKP 2025 | N124: základní | O124: 0 | P124: =O124*H124 -> 0 | Q124: 0 | R124: =Q124*H124 -> 0 | S124: 0 | T124: =S124*H124 -> 0 | AR124: 4 | AT124: K | AU124: 1 | AY124: ROZPOCET | BE124: =IF(N124="základní",J124,0) -> 0 | BF124: =IF(N124="snížená",J124,0) -> 0 | BG124: =IF(N124="zákl. přenesená",J124,0) -> 0 | BH124: =IF(N124="sníž. přenesená",J124,0) -> 0 | BI124: =IF(N124="nulová",J124,0) -> 0 | BJ124: 1 | BK124: =ROUND(I124*H124,2) -> 0 | BL124: 4 | BM124: -470136554
D125: PP | F125: skutečné provedení, vyhotovení základní mapy komunikace (ZMK) dle datového předpisu B2/C1 a B9 dostupného na www.rsd.cz; | AT125: PP | AU125: 1
D126: PSC | F126: Poznámka k souboru cen:_x000D_ Položka zahrnuje: - veškeré náklady spojené s objednatelem požadovanými pracemi - položka se využije pro celky 3D charakteru (objekty s vysokou mírou nepravidelnosti vzájemně navazujících částí, technologické a průmyslové celky) Položka nezahrnuje: - x | AT126: PSC | AU126: 1
D127: VV | E127: A2 | F127: 1 | H127: 1 | AT127: VV | AU127: 1 | AV127: 2 | AW127: True | AX127: 1 | AY127: ROZPOCET
C128: 3 | D128: K | E128: 02940 | F128: OSTATNÍ POŽADAVKY - VYPRACOVÁNÍ DOKUMENTACE | G128: KPL | H128: 1 | I128: 0 | J128: =ROUND(I128*H128,2) -> 0 | K128: OTSKP 2025 | N128: základní | O128: 0 | P128: =O128*H128 -> 0 | Q128: 0 | R128: =Q128*H128 -> 0 | S128: 0 | T128: =S128*H128 -> 0 | AR128: 4 | AT128: K | AU128: 1 | AY128: ROZPOCET | BE128: =IF(N128="základní",J128,0) -> 0 | BF128: =IF(N128="snížená",J128,0) -> 0 | BG128: =IF(N128="zákl. přenesená",J128,0) -> 0 | BH128: =IF(N128="sníž. přenesená",J128,0) -> 0 | BI128: =IF(N128="nulová",J128,0) -> 0 | BJ128: 1 | BK128: =ROUND(I128*H128,2) -> 0 | BL128: 4 | BM128: -1969824643
D129: PP | F129: skutečné provedení; vyhotovení digitální technické mapy ŘSD dle datového předpisu B9 (viz www.rsd.cz); v aktuálně platné verzi výměnného formátu | AT129: PP | AU129: 1
D130: PSC | F130: Poznámka k souboru cen:_x000D_ Položka zahrnuje: - veškeré náklady spojené s objednatelem požadovanými pracemi Položka nezahrnuje: - x | AT130: PSC | AU130: 1
C131: 4 | D131: K | E131: 02944 | F131: OSTAT POŽADAVKY - DOKUMENTACE SKUTEČ PROVEDENÍ V DIGIT FORMĚ | G131: KPL | H131: 1 | I131: 0 | J131: =ROUND(I131*H131,2) -> 0 | K131: OTSKP 2025 | N131: základní | O131: 0 | P131: =O131*H131 -> 0 | Q131: 0 | R131: =Q131*H131 -> 0 | S131: 0 | T131: =S131*H131 -> 0 | AR131: 4 | AT131: K | AU131: 1 | AY131: ROZPOCET | BE131: =IF(N131="základní",J131,0) -> 0 | BF131: =IF(N131="snížená",J131,0) -> 0 | BG131: =IF(N131="zákl. přenesená",J131,0) -> 0 | BH131: =IF(N131="sníž. přenesená",J131,0) -> 0 | BI131: =IF(N131="nulová",J131,0) -> 0 | BJ131: 1 | BK131: =ROUND(I131*H131,2) -> 0 | BL131: 4 | BM131: 1141362309
D132: PP | F132: vyhotovení dokumentace skutečného provedení stavby (DSPS) dle datového předpisu C2 dostupného na www.rsd.cz | AT132: PP | AU132: 1
D133: PSC | F133: Poznámka k souboru cen:_x000D_ Položka zahrnuje: - kompletní zeměměřičské práce a činnosti spojené se zaměřením a vyhotovením všech dokončených dílčích částí stavby, včetně po celkovém dokončení stavby zakrytých částí. Vyhotovení geodetické dokumentace skutečného provedení, svojí podrobností, obsahem, přesností, náležitostmi, formou prezentace musí být v souladu s požadavky, vycházející s aktuálně platné legislativy. Položka nezahrnuje: - x | AT133: PSC | AU133: 1
D134: VV | E134: A4 | F134: 1 | H134: 1 | AT134: VV | AU134: 1 | AV134: 2 | AW134: True | AX134: 1 | AY134: ROZPOCET
C135: 5 | D135: K | E135: 02991 | F135: OSTATNÍ POŽADAVKY - INFORMAČNÍ TABULE | G135: KUS | H135: 2 | I135: 0 | J135: =ROUND(I135*H135,2) -> 0 | K135: OTSKP 2025 | N135: základní | O135: 0 | P135: =O135*H135 -> 0 | Q135: 0 | R135: =Q135*H135 -> 0 | S135: 0 | T135: =S135*H135 -> 0 | AR135: 4 | AT135: K | AU135: 1 | AY135: ROZPOCET | BE135: =IF(N135="základní",J135,0) -> 0 | BF135: =IF(N135="snížená",J135,0) -> 0 | BG135: =IF(N135="zákl. přenesená",J135,0) -> 0 | BH135: =IF(N135="sníž. přenesená",J135,0) -> 0 | BI135: =IF(N135="nulová",J135,0) -> 0 | BJ135: 1 | BK135: =ROUND(I135*H135,2) -> 0 | BL135: 4 | BM135: -165648570
D136: PP | F136: Omluvné a informační tabule dle grafického manuálu RSD | AT136: PP | AU136: 1
D137: PSC | F137: Poznámka k souboru cen:_x000D_ Položka zahrnuje: - dodání a osazení informačních tabulí v předepsaném provedení a množství s obsahem předepsaným zadavatelem - veškeré nosné a upevňovací konstrukce - základové konstrukce včetně nutných zemních prací - demontáž a odvoz po skončení platnosti - případně nutné opravy poškozených čátí během platnosti Položka nezahrnuje: - x | AT137: PSC | AU137: 1
D138: VV | E138: A5 | F138: 2 | H138: 2 | AT138: VV | AU138: 1 | AV138: 2 | AW138: True | AX138: 1 | AY138: ROZPOCET
C139: 6 | D139: K | E139: 03100 | F139: ZAŘÍZENÍ STAVENIŠTĚ - ZŘÍZENÍ, PROVOZ, DEMONTÁŽ | G139: KPL | H139: 1 | I139: 0 | J139: =ROUND(I139*H139,2) -> 0 | K139: OTSKP 2025 | N139: základní | O139: 0 | P139: =O139*H139 -> 0 | Q139: 0 | R139: =Q139*H139 -> 0 | S139: 0 | T139: =S139*H139 -> 0 | AR139: 4 | AT139: K | AU139: 1 | AY139: ROZPOCET | BE139: =IF(N139="základní",J139,0) -> 0 | BF139: =IF(N139="snížená",J139,0) -> 0 | BG139: =IF(N139="zákl. přenesená",J139,0) -> 0 | BH139: =IF(N139="sníž. přenesená",J139,0) -> 0 | BI139: =IF(N139="nulová",J139,0) -> 0 | BJ139: 1 | BK139: =ROUND(I139*H139,2) -> 0 | BL139: 4 | BM139: -123096887
D140: PP | F140: ZAŘÍZENÍ STAVENIŠTĚ - ZŘÍZENÍ, PROVOZ, DEMONTÁŽ | AT140: PP | AU140: 1
D141: PSC | F141: Poznámka k souboru cen:_x000D_ Položka zahrnuje: objednatelem povolené náklady na pořízení (event. pronájem), provozování, udržování a likvidaci zhotovitelova zařízení Položka nezahrnuje: - x | AT141: PSC | AU141: 1
D142: VV | E142: A6 | F142: 1 | H142: 1 | AT142: VV | AU142: 1 | AV142: 2 | AW142: True | AX142: 1 | AY142: ROZPOCET
C143: 7 | D143: K | E143: 03350R | F143: POMOCNÉ PRÁCE ZAJIŠŤUJÍCÍ BOZP NA STAVENIŠTI | G143: KPL | H143: 1 | I143: 0 | J143: =ROUND(I143*H143,2) -> 0 | K143: OTSKP 2025 | N143: základní | O143: 0 | P143: =O143*H143 -> 0 | Q143: 0 | R143: =Q143*H143 -> 0 | S143: 0 | T143: =S143*H143 -> 0 | AR143: 4 | AT143: K | AU143: 1 | AY143: ROZPOCET | BE143: =IF(N143="základní",J143,0) -> 0 | BF143: =IF(N143="snížená",J143,0) -> 0 | BG143: =IF(N143="zákl. přenesená",J143,0) -> 0 | BH143: =IF(N143="sníž. přenesená",J143,0) -> 0 | BI143: =IF(N143="nulová",J143,0) -> 0 | BJ143: 1 | BK143: =ROUND(I143*H143,2) -> 0 | BL143: 4 | BM143: -762415333
D144: PP | F144: Čištění komunikací průběžně po dobu stavby | AT144: PP | AU144: 1
D145: PSC | F145: Poznámka k souboru cen:_x000D_ Položka zahrnuje: - objednatelem povolené náklady na služby pro zhotovitele Položka nezahrnuje: - x | AT145: PSC | AU145: 1
D146: VV | E146: A7 | F146: 1 | H146: 1 | AT146: VV | AU146: 1 | AV146: 2 | AW146: True | AX146: 1 | AY146: ROZPOCET
C147: 8 | D147: K | E147: 03730 | F147: POMOC PRÁCE ZAJIŠŤ NEBO ZŘÍZ OCHRANU INŽENÝRSKÝCH SÍTÍ | G147: KPL | H147: 1 | I147: 0 | J147: =ROUND(I147*H147,2) -> 0 | K147: OTSKP 2025 | N147: základní | O147: 0 | P147: =O147*H147 -> 0 | Q147: 0 | R147: =Q147*H147 -> 0 | S147: 0 | T147: =S147*H147 -> 0 | AR147: 4 | AT147: K | AU147: 1 | AY147: ROZPOCET | BE147: =IF(N147="základní",J147,0) -> 0 | BF147: =IF(N147="snížená",J147,0) -> 0 | BG147: =IF(N147="zákl. přenesená",J147,0) -> 0 | BH147: =IF(N147="sníž. přenesená",J147,0) -> 0 | BI147: =IF(N147="nulová",J147,0) -> 0 | BJ147: 1 | BK147: =ROUND(I147*H147,2) -> 0 | BL147: 4 | BM147: 1618805559
D148: PP | F148: obnova vyjádření provozovatelů sítí; vytýčení podzemního vedení; ochrana vedení související s prováděním prací | AT148: PP | AU148: 1
D149: PSC | F149: Poznámka k souboru cen:_x000D_ Položka zahrnuje: - objednatelem povolené náklady na požadovaná zařízení zhotovitele Položka nezahrnuje: - x | AT149: PSC | AU149: 1
D150: VV | E150: A8 | F150: 1 | H150: 1 | AT150: VV | AU150: 1 | AV150: 2 | AW150: True | AX150: 1 | AY150: ROZPOCET
D151: D | E151: 1 | F151: Zemní práce | J151: =BK151 -> 0 | P151: =SUM(P152:P155) -> 0 | R151: =SUM(R152:R155) -> 0 | T151: =SUM(T152:T155) -> 0 | AR151: 4 | AT151: D | AU151: 0 | AY151: ROZPOCET | BK151: =SUM(BK152:BK155) -> 0
C152: 9 | D152: K | E152: 12911R | F152: ČIŠTĚNÍ VOZOVEK OD NÁNOSU | G152: KPL | H152: 1 | I152: 0 | J152: =ROUND(I152*H152,2) -> 0 | N152: základní | O152: 0 | P152: =O152*H152 -> 0 | Q152: 0 | R152: =Q152*H152 -> 0 | S152: 0 | T152: =S152*H152 -> 0 | AR152: 4 | AT152: K | AU152: 1 | AY152: ROZPOCET | BE152: =IF(N152="základní",J152,0) -> 0 | BF152: =IF(N152="snížená",J152,0) -> 0 | BG152: =IF(N152="zákl. přenesená",J152,0) -> 0 | BH152: =IF(N152="sníž. přenesená",J152,0) -> 0 | BI152: =IF(N152="nulová",J152,0) -> 0 | BJ152: 1 | BK152: =ROUND(I152*H152,2) -> 0 | BL152: 4 | BM152: 718242948
D153: PP | F153: průběžně dle postupu vystavby | AT153: PP | AU153: 1
D154: PSC | F154: Poznámka k souboru cen:_x000D_ Položka zahrnuje: - vodorovnou a svislou dopravu, přemístění, přeložení, manipulace s materiálem a uložení na skládku. Položka nezahrnuje: - poplatek za skládku, který se vykazuje v položce 0141** (s výjimkou malého množství materiálu, kde je možné poplatek zahrnout do jednotkové ceny položky – tento fakt musí být uveden v doplňujícím textu k položce) | AT154: PSC | AU154: 1
D155: VV | E155: A9 | F155: 1 | H155: 1 | AT155: VV | AU155: 1 | AV155: 2 | AW155: True | AX155: 1 | AY155: ROZPOCET

Sheet 101 - Oprava vozovky (km ...
L2: >> skryté sloupce << | AT2: {9084f3c3-92e0-4a23-83ee-f324d78c3d21} | AZ2: M1 | BA2: M1 | BC2: 2,25 | BD2: 2
AT3: -1
D4: KRYCÍ LIST SOUPISU PRACÍ | M4: v --- níže se nacházejí doplnkové a pomocné údaje k sestavám --- v | AT4: False
D6: Stavba:
E7: ='Rekapitulace stavby'!K6 -> I/26 Kyšice - Plzeň, Hřbitovní
D8: Objekt:
E9: 101 - Oprava vozovky (km 2,74-4,84)
D11: KSO: | I11: CC-CZ:
D12: Místo: | I12: Datum: | J12: ='Rekapitulace stavby'!AN8 -> 20. 1. 2026
D14: Zadavatel: | I14: IČ: | J14: 65993390
E15: Ředitelství silnic a dálnic s.p. | I15: DIČ: | J15: CZ65993390
D17: Zhotovitel: | I17: IČ: | J17: ='Rekapitulace stavby'!AN13
E18: ='Rekapitulace stavby'!E14 | I18: DIČ: | J18: ='Rekapitulace stavby'!AN14
D20: Projektant: | I20: IČ: | J20: 29159342
E21: Woring s.r.o. | I21: DIČ: | J21: CZ29159342
D23: Zpracovatel: | I23: IČ: | J23: =IF('Rekapitulace stavby'!AN19="","",'Rekapitulace stavby'!AN19)
E24: =IF('Rekapitulace stavby'!E20="","",'Rekapitulace stavby'!E20) -> Pavel Vachtl | I24: DIČ: | J24: =IF('Rekapitulace stavby'!AN20="","",'Rekapitulace stavby'!AN20)
D26: Poznámka:
D30: Cena bez DPH | J30: =ROUND(J125, 2) -> 0
F32: Základ daně | I32: Sazba daně | J32: Výše daně
D33: DPH | E33: základní | F33: =ROUND((SUM(BE125:BE514)), 2) -> 0 | I33: 0.21 | J33: =ROUND(((SUM(BE125:BE514))*I33), 2) -> 0
E34: snížená | F34: =ROUND((SUM(BF125:BF514)), 2) -> 0 | I34: 0.15 | J34: =ROUND(((SUM(BF125:BF514))*I34), 2) -> 0
E35: zákl. přenesená | F35: =ROUND((SUM(BG125:BG514)), 2) -> 0 | I35: 0.21 | J35: =0 -> 0
E36: sníž. přenesená | F36: =ROUND((SUM(BH125:BH514)), 2) -> 0 | I36: 0.15 | J36: =0 -> 0
E37: nulová | F37: =ROUND((SUM(BI125:BI514)), 2) -> 0 | I37: 0 | J37: =0 -> 0
D39: Cena s DPH | G39: v | H39: CZK | J39: =SUM(J30:J37) -> 0
D50: Projektant | G50: Zpracovatel
D61: Datum a podpis: | F61: Razítko | G61: Datum a podpis: | J61: Razítko
D65: Objednavatel | G65: Zhotovitel
D76: Datum a podpis: | F76: Razítko | G76: Datum a podpis: | J76: Razítko
C82: REKAPITULACE ČLENĚNÍ SOUPISU PRACÍ
C84: Stavba:
E85: =E7 -> I/26 Kyšice - Plzeň, Hřbitovní
C86: Objekt:
E87: =E9 -> 101 - Oprava vozovky (km 2,74-4,84)
C89: Místo: | F89: =F12 | I89: Datum: | J89: =IF(J12="","",J12) -> 20. 1. 2026
C91: Zadavatel: | F91: =E15 -> Ředitelství silnic a dálnic s.p. | I91: Projektant: | J91: =E21 -> Woring s.r.o.
C92: Zhotovitel: | F92: =IF(E18="","",E18) | I92: Zpracovatel: | J92: =E24 -> Pavel Vachtl
C94: Kód dílu - Popis | J94: Cena celkem [CZK]
C96: Náklady ze soupisu prací | J96: =J125 -> 0 | AU96: -1
D97: 0 - Všeobecné konstrukce a práce | J97: =J126 -> 0
D98: 1 - Zemní práce | J98: =J151 -> 0
D99: 2 - Základy | J99: =J272 -> 0
D100: 3 - Svislé konstrukce | J100: =J283 -> 0
D101: 4 - Vodorovné konstrukce | J101: =J294 -> 0
D102: 5 - Komunikace | J102: =J322 -> 0
D103: 7 - Přidružená stavební výroba | J103: =J385 -> 0
D104: 8 - Potrubí | J104: =J400 -> 0
D105: 9 - Ostatní konstrukce a práce | J105: =J409 -> 0
C112: SOUPIS PRACÍ
C114: Stavba:
E115: =E7 -> I/26 Kyšice - Plzeň, Hřbitovní
C116: Objekt:
E117: =E9 -> 101 - Oprava vozovky (km 2,74-4,84)
C119: Místo: | F119: =F12 | I119: Datum: | J119: =IF(J12="","",J12) -> 20. 1. 2026
C121: Zadavatel: | F121: =E15 -> Ředitelství silnic a dálnic s.p. | I121: Projektant: | J121: =E21 -> Woring s.r.o.
C122: Zhotovitel: | F122: =IF(E18="","",E18) | I122: Zpracovatel: | J122: =E24 -> Pavel Vachtl
C124: PČ | D124: Typ | E124: Kód | F124: Popis | G124: MJ | H124: Množství | I124: J.cena [CZK] | J124: Cena celkem [CZK] | K124: Cenová soustava | N124: DPH | O124: J. Nh [h] | P124: Nh celkem [h] | Q124: J. hmotnost [t] | R124: Hmotnost celkem [t] | S124: J. suť [t] | T124: Suť Celkem [t]
C125: Náklady soupisu celkem | J125: =BK125 -> 0 | P125: =P126+P151+P272+P283+P294+P322+P385+P400+P409 -> 0 | R125: =R126+R151+R272+R283+R294+R322+R385+R400+R409 -> 0 | T125: =T126+T151+T272+T283+T294+T322+T385+T400+T409 -> 0 | AT125: D | AU125: -1 | BK125: =BK126+BK151+BK272+BK283+BK294+BK322+BK385+BK400+BK409 -> 0
D126: D | E126: 0 | F126: Všeobecné konstrukce a práce | J126: =BK126 -> 0 | P126: =SUM(P127:P150) -> 0 | R126: =SUM(R127:R150) -> 0 | T126: =SUM(T127:T150) -> 0 | AR126: 4 | AT126: D | AU126: 0 | AY126: ROZPOCET | BK126: =SUM(BK127:BK150) -> 0
C127: 1 | D127: K | E127: 014101 | F127: POPLATKY ZA SKLÁDKU | G127: M3 | H127: 5621.023 | I127: 0 | J127: =ROUND(I127*H127,2) -> 0 | K127: OTSKP 2025 | N127: základní | O127: 0 | P127: =O127*H127 -> 0 | Q127: 0 | R127: =Q127*H127 -> 0 | S127: 0 | T127: =S127*H127 -> 0 | AR127: 4 | AT127: K | AU127: 1 | AY127: ROZPOCET | BE127: =IF(N127="základní",J127,0) -> 0 | BF127: =IF(N127="snížená",J127,0) -> 0 | BG127: =IF(N127="zákl. přenesená",J127,0) -> 0 | BH127: =IF(N127="sníž. přenesená",J127,0) -> 0 | BI127: =IF(N127="nulová",J127,0) -> 0 | BJ127: 1 | BK127: =ROUND(I127*H127,2) -> 0 | BL127: 4 | BM127: -1893579783
D128: PP | F128: POPLATKY ZA SKLÁDKU | AT128: PP | AU128: 1
D129: PSC | F129: Poznámka k souboru cen:_x000D_ Položka zahrnuje: - veškeré poplatky provozovateli skládky související s uložením odpadu na skládce. Položka nezahrnuje: - x | AT129: PSC | AU129: 1
D130: VV | E130: A3 | F130: "DRN (p11130) "11315*0,15 | H130: 1697.25 | AT130: VV | AU130: 1 | AV130: 2 | AW130: True | AX130: 0 | AY130: ROZPOCET
D131: VV | E131: B1 | F131: "R-mat (p11313) "35,6 | H131: 35.6 | AT131: VV | AU131: 1 | AV131: 2 | AW131: True | AX131: 0 | AY131: ROZPOCET
D132: VV | E132: C1 | F132: "Beton (p11315) "23,6 | H132: 23.6 | AT132: VV | AU132: 1 | AV132: 2 | AW132: True | AX132: 0 | AY132: ROZPOCET
D133: VV | E133: D1 | F133: "žlabovky (p11328) "1076*0.15 | H133: 161.4 | AT133: VV | AU133: 1 | AV133: 2 | AW133: True | AX133: 0 | AY133: ROZPOCET
D134: VV | E134: E1 | F134: "obruby (p11352) "147*0,15*0,25 | H134: 5.5125 | AT134: VV | AU134: 1 | AV134: 2 | AW134: True | AX134: 0 | AY134: ROZPOCET
D135: VV | E135: F1 | F135: "frézování (p11372) "2310,230 | H135: 2310.23 | AT135: VV | AU135: 1 | AV135: 2 | AW135: True | AX135: 0 | AY135: ROZPOCET
D136: VV | E136: G1 | F136: "krajnice (p12924) "2038*0,2 | H136: 407.6 | AT136: VV | AU136: 1 | AV136: 2 | AW136: True | AX136: 0 | AY136: ROZPOCET
D137: VV | E137: H1 | F137: "příkopy (p12933) "1345*0.5*0,1 | H137: 67.25 | AT137: VV | AU137: 1 | AV137: 2 | AW137: True | AX137: 0 | AY137: ROZPOCET
D138: VV | E138: I1 | F138: "šachty čišť (p12970) ks*obj. odhad "9*0,07 | H138: 0.63 | AT138: VV | AU138: 1 | AV138: 2 | AW138: True | AX138: 0 | AY138: ROZPOCET
D139: VV | E139: J1 | F139: "stáv drenáž čišť (p12993)m*obj. odhad "502*0.01 | H139: 5.02 | AT139: VV | AU139: 1 | AV139: 2 | AW139: True | AX139: 0 | AY139: ROZPOCET
D140: VV | E140: K1 | F140: "rýhy (p13273) "705,6 | H140: 705.6 | AT140: VV | AU140: 1 | AV140: 2 | AW140: True | AX140: 0 | AY140: ROZPOCET
D141: VV | E141: L1 | F141: "šachty bour (p96688)ks*obj. odhad "4*1 | H141: 4 | AT141: VV | AU141: 1 | AV141: 2 | AW141: True | AX141: 0 | AY141: ROZPOCET
... D146: VV | E146: Q1 | F146: "Mezisoučet "5621.023000 | H146: 5621.023 | AT146: VV | AU146: 1 | AV146: 2 | AW146: True | AX146: 1 | AY146: ROZPOCET
C147: 2 | D147: K | E147: 014211 | F147: POPLATKY ZA ZEMNÍK - ORNICE | G147: M3 | H147: 1698.45 | I147: 0 | J147: =ROUND(I147*H147,2) -> 0 | K147: OTSKP 2025 | N147: základní | O147: 0 | P147: =O147*H147 -> 0 | Q147: 0 | R147: =Q147*H147 -> 0 | S147: 0 | T147: =S147*H147 -> 0 | AR147: 4 | AT147: K | AU147: 1 | AY147: ROZPOCET | BE147: =IF(N147="základní",J147,0) -> 0 | BF147: =IF(N147="snížená",J147,0) -> 0 | BG147: =IF(N147="zákl. přenesená",J147,0) -> 0 | BH147: =IF(N147="sníž. přenesená",J147,0) -> 0 | BI147: =IF(N147="nulová",J147,0) -> 0 | BJ147: 1 | BK147: =ROUND(I147*H147,2) -> 0 | BL147: 4 | BM147: 292743959
D148: PP | F148: POPLATKY ZA ZEMNÍK - ORNICE | AT148: PP | AU148: 1
D149: PSC | F149: Poznámka k souboru cen:_x000D_ Položka zahrnuje: - veškeré poplatky majiteli zemníku související s nákupem zeminy (nikoliv s otvírkou zemníku) Položka nezahrnuje: - x | AT149: PSC | AU149: 1
D150: VV | E150: A10 | F150: "p 18222+p 18232 "(6345+4978)*0,15 | H150: 1698.45 | AT150: VV | AU150: 1 | AV150: 2 | AW150: True | AX150: 1 | AY150: ROZPOCET
D151: D | E151: 1 | F151: Zemní práce | J151: =BK151 -> 0 | P151: =SUM(P152:P271) -> 0 | R151: =SUM(R152:R271) -> 0 | T151: =SUM(T152:T271) -> 0 | AR151: 4 | AT151: D | AU151: 0 | AY151: ROZPOCET | BK151: =SUM(BK152:BK271) -> 0
C152: 3 | D152: K | E152: 11120 | F152: ODSTRANĚNÍ KŘOVIN | G152: M2 | H152: 1743 | I152: 0 | J152: =ROUND(I152*H152,2) -> 0 | K152: OTSKP 2025 | N152: základní | O152: 0 | P152: =O152*H152 -> 0 | Q152: 0 | R152: =Q152*H152 -> 0 | S152: 0 | T152: =S152*H152 -> 0 | AR152: 4 | AT152: K | AU152: 1 | AY152: ROZPOCET | BE152: =IF(N152="základní",J152,0) -> 0 | BF152: =IF(N152="snížená",J152,0) -> 0 | BG152: =IF(N152="zákl. přenesená",J152,0) -> 0 | BH152: =IF(N152="sníž. přenesená",J152,0) -> 0 | BI152: =IF(N152="nulová",J152,0) -> 0 | BJ152: 1 | BK152: =ROUND(I152*H152,2) -> 0 | BL152: 4 | BM152: 1944352979
D153: PP | F153: ODSTRANĚNÍ KŘOVIN | AT153: PP | AU153: 1
D154: PSC | F154: Poznámka k souboru cen:_x000D_ Položka zahrnuje: - odstranění křovin a stromů do průměru 100 mm - dopravu dřevin bez ohledu na vzdálenost - spálení na hromadách nebo štěpkování Položka nezahrnuje: - x | AT154: PSC | AU154: 1
D155: VV | E155: A11 | F155: "dl středového svodidla x š "1435+182+66*1 | H155: 1683 | AT155: VV | AU155: 1 | AV155: 2 | AW155: True | AX155: 0 | AY155: ROZPOCET
D156: VV | E156: B3 | F156: "u skluzu (15*4) "15*4 | H156: 60 | AT156: VV | AU156: 1 | AV156: 2 | AW156: True | AX156: 0 | AY156: ROZPOCET
D157: VV | E157: C3 | F157: "Mezisoučet "1743.000000 | H157: 1743 | AT157: VV | AU157: 1 | AV157: 2 | AW157: True | AX157: 1 | AY157: ROZPOCET
C158: 4 | D158: K | E158: 11130 | F158: SEJMUTÍ DRNU | G158: M2 | H158: 11315 | I158: 0 | J158: =ROUND(I158*H158,2) -> 0 | K158: OTSKP 2025 | N158: základní | O158: 0 | P158: =O158*H158 -> 0 | Q158: 0 | R158: =Q158*H158 -> 0 | S158: 0 | T158: =S158*H158 -> 0 | AR158: 4 | AT158: K | AU158: 1 | AY158: ROZPOCET | BE158: =IF(N158="základní",J158,0) -> 0 | BF158: =IF(N158="snížená",J158,0) -> 0 | BG158: =IF(N158="zákl. přenesená",J158,0) -> 0 | BH158: =IF(N158="sníž. přenesená",J158,0) -> 0 | BI158: =IF(N158="nulová",J158,0) -> 0 | BJ158: 1 | BK158: =ROUND(I158*H158,2) -> 0 | BL158: 4 | BM158: 918344741
D159: PP | F159: SEJMUTÍ DRNU | AT159: PP | AU159: 1
D160: PSC | F160: Poznámka k souboru cen:_x000D_ Položka zahrnuje: - vodorovnou dopravu a uložení na skládku Položka nezahrnuje: - x | AT160: PSC | AU160: 1
D161: VV | E161: A12 | F161: "plocha ze situace "11315 | H161: 11315 | AT161: VV | AU161: 1 | AV161: 2 | AW161: True | AX161: 1 | AY161: ROZPOCET
C162: 5 | D162: K | E162: 11201 | F162: KÁCENÍ STROMŮ D KMENE DO 0,5M S ODSTRANĚNÍM PAŘEZŮ | G162: KUS | H162: 3 | I162: 0 | J162: =ROUND(I162*H162,2) -> 0 | K162: OTSKP 2025 | N162: základní | O162: 0 | P162: =O162*H162 -> 0 | Q162: 0 | R162: =Q162*H162 -> 0 | S162: 0 | T162: =S162*H162 -> 0 | AR162: 4 | AT162: K | AU162: 1 | AY162: ROZPOCET | BE162: =IF(N162="základní",J162,0) -> 0 | BF162: =IF(N162="snížená",J162,0) -> 0 | BG162: =IF(N162="zákl. přenesená",J162,0) -> 0 | BH162: =IF(N162="sníž. přenesená",J162,0) -> 0 | BI162: =IF(N162="nulová",J162,0) -> 0 | BJ162: 1 | BK162: =ROUND(I162*H162,2) -> 0 | BL162: 4 | BM162: 491093331
D163: PP | F163: KÁCENÍ STROMŮ D KMENE DO 0,5M S ODSTRANĚNÍM PAŘEZŮ | AT163: PP | AU163: 1
D164: PSC | F164: Poznámka k souboru cen:_x000D_ Položka zahrnuje: - poražení stromu a osekání větví - spálení větví na hromadách nebo štěpkování - dopravu a uložení kmenů, případné další práce s nimi dle pokynů zadávací dokumentace - vytrhání nebo vykopání pařezů - veškeré zemní práce spojené s odstraněním pařezů - dopravu a uložení pařezů, případně další práce s nimi dle pokynů zadávací dokumentace - zásyp jam po pařezech Položka nezahrnuje: - x Způsob měření: - kácení stromů se měří v [ks] poražených stromů (průměr stromů se měří ve výšce 1,3m nad terénem) | AT164: PSC | AU164: 1
D165: VV | E165: A13 | F165: 3 | H165: 3 | AT165: VV | AU165: 1 | AV165: 2 | AW165: True | AX165: 1 | AY165: ROZPOCET
C166: 6 | D166: K | E166: 11221 | F166: ODSTRANĚNÍ PAŘEZŮ D DO 0,5M | G166: KUS | H166: 3 | I166: 0 | J166: =ROUND(I166*H166,2) -> 0 | K166: OTSKP 2025 | N166: základní | O166: 0 | P166: =O166*H166 -> 0 | Q166: 0 | R166: =Q166*H166 -> 0 | S166: 0 | T166: =S166*H166 -> 0 | AR166: 4 | AT166: K | AU166: 1 | AY166: ROZPOCET | BE166: =IF(N166="základní",J166,0) -> 0 | BF166: =IF(N166="snížená",J166,0) -> 0 | BG166: =IF(N166="zákl. přenesená",J166,0) -> 0 | BH166: =IF(N166="sníž. přenesená",J166,0) -> 0 | BI166: =IF(N166="nulová",J166,0) -> 0 | BJ166: 1 | BK166: =ROUND(I166*H166,2) -> 0 | BL166: 4 | BM166: -1909487699
D167: PP | F167: ODSTRANĚNÍ PAŘEZŮ D DO 0,5M | AT167: PP | AU167: 1
D168: PSC | F168: Poznámka k souboru cen:_x000D_ Položka zahrnuje zejména: - vytrhání nebo vykopání pařezů - veškeré zemní práce spojené s odstraněním pařezů - dopravu a uložení pařezů, případně další práce s nimi dle pokynů zadávací dokumentace - zásyp jam po pařezech. Položka nezahrnuje: - x Způsob měření: - počet pařezů se měří v [ks] vytrhaných nebo vykopaných pařezů, průměr pařezu je uvažován dle stromu ve výšce 1,3m nad terénem, u stávajícího pařezu se stanoví jako změřený průměr vynásobený koeficientem 1/1,38. | AT168: PSC | AU168: 1
D169: VV | E169: A14 | F169: 3 | H169: 3 | AT169: VV | AU169: 1 | AV169: 2 | AW169: True | AX169: 1 | AY169: ROZPOCET
C170: 7 | D170: K | E170: 11313 | F170: ODSTRANĚNÍ KRYTU ZPEVNĚNÝCH PLOCH S ASFALTOVÝM POJIVEM | G170: M3 | H170: 35.6 | I170: 0 | J170: =ROUND(I170*H170,2) -> 0 | K170: OTSKP 2025 | N170: základní | O170: 0 | P170: =O170*H170 -> 0 | Q170: 0 | R170: =Q170*H170 -> 0 | S170: 0 | T170: =S170*H170 -> 0 | AR170: 4 | AT170: K | AU170: 1 | AY170: ROZPOCET | BE170: =IF(N170="základní",J170,0) -> 0 | BF170: =IF(N170="snížená",J170,0) -> 0 | BG170: =IF(N170="zákl. přenesená",J170,0) -> 0 | BH170: =IF(N170="sníž. přenesená",J170,0) -> 0 | BI170: =IF(N170="nulová",J170,0) -> 0 | BJ170: 1 | BK170: =ROUND(I170*H170,2) -> 0 | BL170: 4 | BM170: -2480460
...

Sheet 102 - Oprava vozovky (km ...
L2: >> skryté sloupce << | AT2: {3820f1c8-1ee3-4534-9d18-efb7bbe42a5e} | AZ2: A169 | BA2: A169 | BC2: 2 | BD2: 2
AT3: -1
D4: KRYCÍ LIST SOUPISU PRACÍ | M4: v --- níže se nacházejí doplnkové a pomocné údaje k sestavám --- v | AT4: False
D6: Stavba:
E7: ='Rekapitulace stavby'!K6 -> I/26 Kyšice - Plzeň, Hřbitovní
D8: Objekt:
E9: 102 - Oprava vozovky (km 4,84-5,94)
D11: KSO: | I11: CC-CZ:
D12: Místo: | I12: Datum: | J12: ='Rekapitulace stavby'!AN8 -> 20. 1. 2026
D14: Zadavatel: | I14: IČ: | J14: 65993390
E15: Ředitelství silnic a dálnic s.p. | I15: DIČ: | J15: CZ65993390
D17: Zhotovitel: | I17: IČ: | J17: ='Rekapitulace stavby'!AN13
E18: ='Rekapitulace stavby'!E14 | I18: DIČ: | J18: ='Rekapitulace stavby'!AN14
D20: Projektant: | I20: IČ: | J20: 29159342
E21: Woring s.r.o. | I21: DIČ: | J21: CZ29159342
D23: Zpracovatel: | I23: IČ: | J23: =IF('Rekapitulace stavby'!AN19="","",'Rekapitulace stavby'!AN19)
E24: =IF('Rekapitulace stavby'!E20="","",'Rekapitulace stavby'!E20) -> Pavel Vachtl | I24: DIČ: | J24: =IF('Rekapitulace stavby'!AN20="","",'Rekapitulace stavby'!AN20)
D26: Poznámka:
D30: Cena bez DPH | J30: =ROUND(J124, 2) -> 0
F32: Základ daně | I32: Sazba daně | J32: Výše daně
D33: DPH | E33: základní | F33: =ROUND((SUM(BE124:BE624)), 2) -> 0 | I33: 0.21 | J33: =ROUND(((SUM(BE124:BE624))*I33), 2) -> 0
E34: snížená | F34: =ROUND((SUM(BF124:BF624)), 2) -> 0 | I34: 0.15 | J34: =ROUND(((SUM(BF124:BF624))*I34), 2) -> 0
E35: zákl. přenesená | F35: =ROUND((SUM(BG124:BG624)), 2) -> 0 | I35: 0.21 | J35: =0 -> 0
E36: sníž. přenesená | F36: =ROUND((SUM(BH124:BH624)), 2) -> 0 | I36: 0.15 | J36: =0 -> 0
E37: nulová | F37: =ROUND((SUM(BI124:BI624)), 2) -> 0 | I37: 0 | J37: =0 -> 0
D39: Cena s DPH | G39: v | H39: CZK | J39: =SUM(J30:J37) -> 0
D50: Projektant | G50: Zpracovatel
D61: Datum a podpis: | F61: Razítko | G61: Datum a podpis: | J61: Razítko
D65: Objednavatel | G65: Zhotovitel
D76: Datum a podpis: | F76: Razítko | G76: Datum a podpis: | J76: Razítko
C82: REKAPITULACE ČLENĚNÍ SOUPISU PRACÍ
C84: Stavba:
E85: =E7 -> I/26 Kyšice - Plzeň, Hřbitovní
C86: Objekt:
E87: =E9 -> 102 - Oprava vozovky (km 4,84-5,94)
C89: Místo: | F89: =F12 | I89: Datum: | J89: =IF(J12="","",J12) -> 20. 1. 2026
C91: Zadavatel: | F91: =E15 -> Ředitelství silnic a dálnic s.p. | I91: Projektant: | J91: =E21 -> Woring s.r.o.
C92: Zhotovitel: | F92: =IF(E18="","",E18) | I92: Zpracovatel: | J92: =E24 -> Pavel Vachtl
C94: Kód dílu - Popis | J94: Cena celkem [CZK]
C96: Náklady ze soupisu prací | J96: =J124 -> 0 | AU96: -1
D97: 0 - Všeobecné konstrukce a práce | J97: =J125 -> 0
D98: 1 - Zemní práce | J98: =J150 -> 0
D99: 2 - Základy | J99: =J306 -> 0
D100: 4 - Vodorovné konstrukce | J100: =J327 -> 0
D101: 5 - Komunikace | J101: =J354 -> 0
D102: 7 - Přidružená stavební výroba | J102: =J462 -> 0
D103: 8 - Potrubí | J103: =J475 -> 0
D104: 9 - Ostatní konstrukce a práce | J104: =J535 -> 0
C111: SOUPIS PRACÍ
C113: Stavba:
E114: =E7 -> I/26 Kyšice - Plzeň, Hřbitovní
C115: Objekt:
E116: =E9 -> 102 - Oprava vozovky (km 4,84-5,94)
C118: Místo: | F118: =F12 | I118: Datum: | J118: =IF(J12="","",J12) -> 20. 1. 2026
C120: Zadavatel: | F120: =E15 -> Ředitelství silnic a dálnic s.p. | I120: Projektant: | J120: =E21 -> Woring s.r.o.
C121: Zhotovitel: | F121: =IF(E18="","",E18) | I121: Zpracovatel: | J121: =E24 -> Pavel Vachtl
C123: PČ | D123: Typ | E123: Kód | F123: Popis | G123: MJ | H123: Množství | I123: J.cena [CZK] | J123: Cena celkem [CZK] | K123: Cenová soustava | N123: DPH | O123: J. Nh [h] | P123: Nh celkem [h] | Q123: J. hmotnost [t] | R123: Hmotnost celkem [t] | S123: J. suť [t] | T123: Suť Celkem [t]
C124: Náklady soupisu celkem | J124: =BK124 -> 0 | P124: =P125+P150+P306+P327+P354+P462+P475+P535 -> 0 | R124: =R125+R150+R306+R327+R354+R462+R475+R535 -> 0 | T124: =T125+T150+T306+T327+T354+T462+T475+T535 -> 0 | AT124: D | AU124: -1 | BK124: =BK125+BK150+BK306+BK327+BK354+BK462+BK475+BK535 -> 0
D125: D | E125: 0 | F125: Všeobecné konstrukce a práce | J125: =BK125 -> 0 | P125: =SUM(P126:P149) -> 0 | R125: =SUM(R126:R149) -> 0 | T125: =SUM(T126:T149) -> 0 | AR125: 4 | AT125: D | AU125: 0 | AY125: ROZPOCET | BK125: =SUM(BK126:BK149) -> 0
C126: 1 | D126: K | E126: 014101 | F126: POPLATKY ZA SKLÁDKU | G126: M3 | H126: 2911.458 | I126: 0 | J126: =ROUND(I126*H126,2) -> 0 | K126: OTSKP 2025 | N126: základní | O126: 0 | P126: =O126*H126 -> 0 | Q126: 0 | R126: =Q126*H126 -> 0 | S126: 0 | T126: =S126*H126 -> 0 | AR126: 4 | AT126: K | AU126: 1 | AY126: ROZPOCET | BE126: =IF(N126="základní",J126,0) -> 0 | BF126: =IF(N126="snížená",J126,0) -> 0 | BG126: =IF(N126="zákl. přenesená",J126,0) -> 0 | BH126: =IF(N126="sníž. přenesená",J126,0) -> 0 | BI126: =IF(N126="nulová",J126,0) -> 0 | BJ126: 1 | BK126: =ROUND(I126*H126,2) -> 0 | BL126: 4 | BM126: -1201778692
D127: PP | F127: POPLATKY ZA SKLÁDKU | AT127: PP | AU127: 1
D128: PSC | F128: Poznámka k souboru cen:_x000D_ Položka zahrnuje: - veškeré poplatky provozovateli skládky související s uložením odpadu na skládce. Položka nezahrnuje: - x | AT128: PSC | AU128: 1
D129: VV | E129: A81 | F129: "Drn (p 11130) "2893*0,15 | H129: 433.95 | AT129: VV | AU129: 1 | AV129: 2 | AW129: True | AX129: 0 | AY129: ROZPOCET
D130: VV | E130: B2 | F130: "R-mat (p11313) "17,80 | H130: 17.8 | AT130: VV | AU130: 1 | AV130: 2 | AW130: True | AX130: 0 | AY130: ROZPOCET
D131: VV | E131: C2 | F131: "Beton (p11315) "1,17 | H131: 1.17 | AT131: VV | AU131: 1 | AV131: 2 | AW131: True | AX131: 0 | AY131: ROZPOCET
D132: VV | E132: D2 | F132: "Žlab (p11328) "235*0,16 | H132: 37.6 | AT132: VV | AU132: 1 | AV132: 2 | AW132: True | AX132: 0 | AY132: ROZPOCET
D133: VV | E133: E2 | F133: "Podklady (p11332) "79,75 | H133: 79.75 | AT133: VV | AU133: 1 | AV133: 2 | AW133: True | AX133: 0 | AY133: ROZPOCET
D134: VV | E134: F2 | F134: "Asfalty bourané (p11343) "395,88 | H134: 395.88 | AT134: VV | AU134: 1 | AV134: 2 | AW134: True | AX134: 0 | AY134: ROZPOCET
D135: VV | E135: G2 | F135: "Kostky (p11347) "57,120 | H135: 57.12 | AT135: VV | AU135: 1 | AV135: 2 | AW135: True | AX135: 0 | AY135: ROZPOCET
D136: VV | E136: H2 | F136: "Obrubníky (p11352)dl x plocha z řezu vč lože) "2968*0,1 | H136: 296.8 | AT136: VV | AU136: 1 | AV136: 2 | AW136: True | AX136: 0 | AY136: ROZPOCET
D137: VV | E137: I2 | F137: "Přídlažba (p11355) "1255*0,11*0,15 | H137: 20.7075 | AT137: VV | AU137: 1 | AV137: 2 | AW137: True | AX137: 0 | AY137: ROZPOCET
D138: VV | E138: J2 | F138: "Asfalty frézované (p11372) "1321,28 | H138: 1321.28 | AT138: VV | AU138: 1 | AV138: 2 | AW138: True | AX138: 0 | AY138: ROZPOCET
D139: VV | E139: K2 | F139: "Odkop (p 12373) "123,75 | H139: 123.75 | AT139: VV | AU139: 1 | AV139: 2 | AW139: True | AX139: 0 | AY139: ROZPOCET
D140: VV | E140: L2 | F140: "Krajnice (p12920) "44,6 | H140: 44.6 | AT140: VV | AU140: 1 | AV140: 2 | AW140: True | AX140: 0 | AY140: ROZPOCET
... D145: VV | E145: Q2 | F145: "Mezisoučet "2911.458000 | H145: 2911.458 | AT145: VV | AU145: 1 | AV145: 2 | AW145: True | AX145: 1 | AY145: ROZPOCET
C146: 2 | D146: K | E146: 014211 | F146: POPLATKY ZA ZEMNÍK - ORNICE | G146: M3 | H146: 608.784 | I146: 0 | J146: =ROUND(I146*H146,2) -> 0 | K146: OTSKP 2025 | N146: základní | O146: 0 | P146: =O146*H146 -> 0 | Q146: 0 | R146: =Q146*H146 -> 0 | S146: 0 | T146: =S146*H146 -> 0 | AR146: 4 | AT146: K | AU146: 1 | AY146: ROZPOCET | BE146: =IF(N146="základní",J146,0) -> 0 | BF146: =IF(N146="snížená",J146,0) -> 0 | BG146: =IF(N146="zákl. přenesená",J146,0) -> 0 | BH146: =IF(N146="sníž. přenesená",J146,0) -> 0 | BI146: =IF(N146="nulová",J146,0) -> 0 | BJ146: 1 | BK146: =ROUND(I146*H146,2) -> 0 | BL146: 4 | BM146: -298335232
D147: PP | F147: POPLATKY ZA ZEMNÍK - ORNICE | AT147: PP | AU147: 1
D148: PSC | F148: Poznámka k souboru cen:_x000D_ Položka zahrnuje: - veškeré poplatky majiteli zemníku související s nákupem zeminy (nikoliv s otvírkou zemníku) Položka nezahrnuje: - x | AT148: PSC | AU148: 1
D149: VV | E149: A82 | F149: "p 18222+p 18232 "(658,56+3400)*0,15 | H149: 608.784 | AT149: VV | AU149: 1 | AV149: 2 | AW149: True | AX149: 1 | AY149: ROZPOCET
D150: D | E150: 1 | F150: Zemní práce | J150: =BK150 -> 0 | P150: =SUM(P151:P305) -> 0 | R150: =SUM(R151:R305) -> 0 | T150: =SUM(T151:T305) -> 0 | AR150: 4 | AT150: D | AU150: 0 | AY150: ROZPOCET | BK150: =SUM(BK151:BK305) -> 0
C151: 3 | D151: K | E151: 11120 | F151: ODSTRANĚNÍ KŘOVIN | G151: M2 | H151: 956 | I151: 0 | J151: =ROUND(I151*H151,2) -> 0 | K151: OTSKP 2025 | N151: základní | O151: 0 | P151: =O151*H151 -> 0 | Q151: 0 | R151: =Q151*H151 -> 0 | S151: 0 | T151: =S151*H151 -> 0 | AR151: 4 | AT151: K | AU151: 1 | AY151: ROZPOCET | BE151: =IF(N151="základní",J151,0) -> 0 | BF151: =IF(N151="snížená",J151,0) -> 0 | BG151: =IF(N151="zákl. přenesená",J151,0) -> 0 | BH151: =IF(N151="sníž. přenesená",J151,0) -> 0 | BI151: =IF(N151="nulová",J151,0) -> 0 | BJ151: 1 | BK151: =ROUND(I151*H151,2) -> 0 | BL151: 4 | BM151: 824566282
D152: PP | F152: ořez větví | AT152: PP | AU152: 1
D153: PSC | F153: Poznámka k souboru cen:_x000D_ Položka zahrnuje: - odstranění křovin a stromů do průměru 100 mm - dopravu dřevin bez ohledu na vzdálenost - spálení na hromadách nebo štěpkování Položka nezahrnuje: - x | AT153: PSC | AU153: 1
D154: VV | E154: A83 | F154: "za benzinkou "102*2 | H154: 204 | AT154: VV | AU154: 1 | AV154: 2 | AW154: True | AX154: 0 | AY154: ROZPOCET
D155: VV | E155: B4 | F155: "MÚK "245*2 | H155: 490 | AT155: VV | AU155: 1 | AV155: 2 | AW155: True | AX155: 0 | AY155: ROZPOCET
D156: VV | E156: C4 | F156: "dl středového svodidla x š "262*1 | H156: 262 | AT156: VV | AU156: 1 | AV156: 2 | AW156: True | AX156: 0 | AY156: ROZPOCET
D157: VV | E157: D3 | F157: "Mezisoučet "956.000000 | H157: 956 | AT157: VV | AU157: 1 | AV157: 2 | AW157: True | AX157: 1 | AY157: ROZPOCET
C158: 4 | D158: K | E158: 11130 | F158: SEJMUTÍ DRNU | G158: M2 | H158: 2893 | I158: 0 | J158: =ROUND(I158*H158,2) -> 0 | K158: OTSKP 2025 | N158: základní | O158: 0 | P158: =O158*H158 -> 0 | Q158: 0 | R158: =Q158*H158 -> 0 | S158: 0 | T158: =S158*H158 -> 0 | AR158: 4 | AT158: K | AU158: 1 | AY158: ROZPOCET | BE158: =IF(N158="základní",J158,0) -> 0 | BF158: =IF(N158="snížená",J158,0) -> 0 | BG158: =IF(N158="zákl. přenesená",J158,0) -> 0 | BH158: =IF(N158="sníž. přenesená",J158,0) -> 0 | BI158: =IF(N158="nulová",J158,0) -> 0 | BJ158: 1 | BK158: =ROUND(I158*H158,2) -> 0 | BL158: 4 | BM158: -1328711282
D159: PP | F159: SEJMUTÍ DRNU | AT159: PP | AU159: 1
D160: PSC | F160: Poznámka k souboru cen:_x000D_ Položka zahrnuje: - vodorovnou dopravu a uložení na skládku Položka nezahrnuje: - x | AT160: PSC | AU160: 1
D161: VV | E161: A84 | F161: 2893 | H161: 2893 | AT161: VV | AU161: 1 | AV161: 2 | AW161: True | AX161: 1 | AY161: ROZPOCET
C162: 5 | D162: K | E162: 11241 | F162: ÚPRAVA STROMŮ D DO 0,5M ŘEZEM VĚTVÍ | G162: KUS | H162: 4 | I162: 0 | J162: =ROUND(I162*H162,2) -> 0 | K162: OTSKP 2025 | N162: základní | O162: 0 | P162: =O162*H162 -> 0 | Q162: 0 | R162: =Q162*H162 -> 0 | S162: 0 | T162: =S162*H162 -> 0 | AR162: 4 | AT162: K | AU162: 1 | AY162: ROZPOCET | BE162: =IF(N162="základní",J162,0) -> 0 | BF162: =IF(N162="snížená",J162,0) -> 0 | BG162: =IF(N162="zákl. přenesená",J162,0) -> 0 | BH162: =IF(N162="sníž. přenesená",J162,0) -> 0 | BI162: =IF(N162="nulová",J162,0) -> 0 | BJ162: 1 | BK162: =ROUND(I162*H162,2) -> 0 | BL162: 4 | BM162: -1785046029
D163: PP | F163: ÚPRAVA STROMŮ D DO 0,5M ŘEZEM VĚTVÍ | AT163: PP | AU163: 1
D164: PSC | F164: Poznámka k souboru cen:_x000D_ Položka zahrnuje: - odřezání větví 1 ks stromu přesahujících do komunikace bez ohledu na způsob a použitou mechanizaci (např. plošina), bez ohledu na počet větví - všechna opatření související se silničním provozem (např. provizorní dopravní značení) - odvoz a likvidaci vyzískaného materiálu dle pokynů zadávací dokumentace Položka nezahrnuje: - x Způsob měření: - průměr stromů se měří ve výšce 1,3m nad terénem. | AT164: PSC | AU164: 1
D165: VV | E165: A85 | F165: "parkoviště (provoz MHD) "4 | H165: 4 | AT165: VV | AU165: 1 | AV165: 2 | AW165: True | AX165: 1 | AY165: ROZPOCET
C166: 6 | D166: K | E166: 11313 | F166: ODSTRANĚNÍ KRYTU ZPEVNĚNÝCH PLOCH S ASFALTOVÝM POJIVEM | G166: M3 | H166: 17.8 | I166: 0 | J166: =ROUND(I166*H166,2) -> 0 | K166: OTSKP 2025 | N166: základní | O166: 0 | P166: =O166*H166 -> 0 | Q166: 0 | R166: =Q166*H166 -> 0 | S166: 0 | T166: =S166*H166 -> 0 | AR166: 4 | AT166: K | AU166: 1 | AY166: ROZPOCET | BE166: =IF(N166="základní",J166,0) -> 0 | BF166: =IF(N166="snížená",J166,0) -> 0 | BG166: =IF(N166="zákl. přenesená",J166,0) -> 0 | BH166: =IF(N166="sníž. přenesená",J166,0) -> 0 | BI166: =IF(N166="nulová",J166,0) -> 0 | BJ166: 1 | BK166: =ROUND(I166*H166,2) -> 0 | BL166: 4 | BM166: -1972390142
D167: PP | F167: ODSTRANĚNÍ KRYTU ZPEVNĚNÝCH PLOCH S ASFALTOVÝM POJIVEM | AT167: PP | AU167: 1
D168: PSC | F168: Poznámka k souboru cen:_x000D_ Položka zahrnuje: - veškerou manipulaci s vybouranou sutí a s vybouranými hmotami vč. uložení na skládku. Položka nezahrnuje: - poplatek za skládku, který se vykazuje v položce 0141** (s výjimkou malého množství bouraného materiálu, kde je možné poplatek zahrnout do jednotkové ceny bourání – tento fakt musí být uveden v doplňujícím textu k položce). | AT168: PSC | AU168: 1
D169: VV | E169: A86 | F169: "záliv pro údržbu (R-mat)plocha x tl "89*0,2 | H169: 17.8 | AT169: VV | AU169: 1 | AV169: 2 | AW169: True | AX169: 1 | AY169: ROZPOCET
C170: 7 | D170: K | E170: 11315 | F170: ODSTRANĚNÍ KRYTU ZPEVNĚNÝCH PLOCH Z BETONU | G170: M3 | H170: 1.17 | I170: 0 | J170: =ROUND(I170*H170,2) -> 0 | K170: OTSKP 2025 | N170: základní | O170: 0 | P170: =O170*H170 -> 0 | Q170: 0 | R170: =Q170*H170 -> 0 | S170: 0 | T170: =S170*H170 -> 0 | AR170: 4 | AT170: K | AU170: 1 | AY170: ROZPOCET | BE170: =IF(N170="základní",J170,0) -> 0 | BF170: =IF(N170="snížená",J170,0) -> 0 | BG170: =IF(N170="zákl. přenesená",J170,0) -> 0 | BH170: =IF(N170="sníž. přenesená",J170,0) -> 0 | BI170: =IF(N170="nulová",J170,0) -> 0 | BJ170: 1 | BK170: =ROUND(I170*H170,2) -> 0 | BL170: 4 | BM170: 222794462
...

Sheet 181 - Přechodné dopravní ...
L2: >> skryté sloupce << | AT2: {2726717c-df5d-4807-80e7-684f156e0da1} | AZ2: A175 | BA2: A175 | BC2: 0 | BD2: 2
AT3: -1 | AZ3: A177 | BA3: A177 | BC3: 12 | BD3: 2
D4: KRYCÍ LIST SOUPISU PRACÍ | M4: v --- níže se nacházejí doplnkové a pomocné údaje k sestavám --- v | AT4: False | AZ4: B19 | BA4: B19 | BC4: 15 | BD4: 2
D6: Stavba:
E7: ='Rekapitulace stavby'!K6 -> I/26 Kyšice - Plzeň, Hřbitovní
D8: Objekt:
E9: 181 - Přechodné dopravní značení
D11: KSO: | I11: CC-CZ:
D12: Místo: | I12: Datum: | J12: ='Rekapitulace stavby'!AN8 -> 20. 1. 2026
D14: Zadavatel: | I14: IČ: | J14: 65993390
E15: Ředitelství silnic a dálnic s.p. | I15: DIČ: | J15: CZ65993390
D17: Zhotovitel: | I17: IČ: | J17: ='Rekapitulace stavby'!AN13
E18: ='Rekapitulace stavby'!E14 | I18: DIČ: | J18: ='Rekapitulace stavby'!AN14
D20: Projektant: | I20: IČ: | J20: 29159342
E21: Woring s.r.o. | I21: DIČ: | J21: CZ29159342
D23: Zpracovatel: | I23: IČ: | J23: =IF('Rekapitulace stavby'!AN19="","",'Rekapitulace stavby'!AN19)
E24: =IF('Rekapitulace stavby'!E20="","",'Rekapitulace stavby'!E20) -> Pavel Vachtl | I24: DIČ: | J24: =IF('Rekapitulace stavby'!AN20="","",'Rekapitulace stavby'!AN20)
D26: Poznámka:
D30: Cena bez DPH | J30: =ROUND(J119, 2) -> 0
F32: Základ daně | I32: Sazba daně | J32: Výše daně
D33: DPH | E33: základní | F33: =ROUND((SUM(BE119:BE204)), 2) -> 0 | I33: 0.21 | J33: =ROUND(((SUM(BE119:BE204))*I33), 2) -> 0
E34: snížená | F34: =ROUND((SUM(BF119:BF204)), 2) -> 0 | I34: 0.15 | J34: =ROUND(((SUM(BF119:BF204))*I34), 2) -> 0
E35: zákl. přenesená | F35: =ROUND((SUM(BG119:BG204)), 2) -> 0 | I35: 0.21 | J35: =0 -> 0
E36: sníž. přenesená | F36: =ROUND((SUM(BH119:BH204)), 2) -> 0 | I36: 0.15 | J36: =0 -> 0
E37: nulová | F37: =ROUND((SUM(BI119:BI204)), 2) -> 0 | I37: 0 | J37: =0 -> 0
D39: Cena s DPH | G39: v | H39: CZK | J39: =SUM(J30:J37) -> 0
D50: Projektant | G50: Zpracovatel
D61: Datum a podpis: | F61: Razítko | G61: Datum a podpis: | J61: Razítko
D65: Objednavatel | G65: Zhotovitel
D76: Datum a podpis: | F76: Razítko | G76: Datum a podpis: | J76: Razítko
C82: REKAPITULACE ČLENĚNÍ SOUPISU PRACÍ
C84: Stavba:
E85: =E7 -> I/26 Kyšice - Plzeň, Hřbitovní
C86: Objekt:
E87: =E9 -> 181 - Přechodné dopravní značení
C89: Místo: | F89: =F12 | I89: Datum: | J89: =IF(J12="","",J12) -> 20. 1. 2026
C91: Zadavatel: | F91: =E15 -> Ředitelství silnic a dálnic s.p. | I91: Projektant: | J91: =E21 -> Woring s.r.o.
C92: Zhotovitel: | F92: =IF(E18="","",E18) | I92: Zpracovatel: | J92: =E24 -> Pavel Vachtl
C94: Kód dílu - Popis | J94: Cena celkem [CZK]
C96: Náklady ze soupisu prací | J96: =J119 -> 0 | AU96: -1
D97: 0 - Všeobecné konstrukce a práce | J97: =J120 -> 0
D98: 1 - Zemní práce | J98: =J169 -> 0
D99: 9 - Ostatní konstrukce a práce | J99: =J174 -> 0
C106: SOUPIS PRACÍ
C108: Stavba:
E109: =E7 -> I/26 Kyšice - Plzeň, Hřbitovní
C110: Objekt:
E111: =E9 -> 181 - Přechodné dopravní značení
C113: Místo: | F113: =F12 | I113: Datum: | J113: =IF(J12="","",J12) -> 20. 1. 2026
C115: Zadavatel: | F115: =E15 -> Ředitelství silnic a dálnic s.p. | I115: Projektant: | J115: =E21 -> Woring s.r.o.
C116: Zhotovitel: | F116: =IF(E18="","",E18) | I116: Zpracovatel: | J116: =E24 -> Pavel Vachtl
C118: PČ | D118: Typ | E118: Kód | F118: Popis | G118: MJ | H118: Množství | I118: J.cena [CZK] | J118: Cena celkem [CZK] | K118: Cenová soustava | N118: DPH | O118: J. Nh [h] | P118: Nh celkem [h] | Q118: J. hmotnost [t] | R118: Hmotnost celkem [t] | S118: J. suť [t] | T118: Suť Celkem [t]
C119: Náklady soupisu celkem | J119: =BK119 -> 0 | P119: =P120+P169+P174 -> 0 | R119: =R120+R169+R174 -> 0 | T119: =T120+T169+T174 -> 0 | AT119: D | AU119: -1 | BK119: =BK120+BK169+BK174 -> 0
D120: D | E120: 0 | F120: Všeobecné konstrukce a práce | J120: =BK120 -> 0 | P120: =SUM(P121:P168) -> 0 | R120: =SUM(R121:R168) -> 0 | T120: =SUM(T121:T168) -> 0 | AR120: 4 | AT120: D | AU120: 0 | AY120: ROZPOCET | BK120: =SUM(BK121:BK168) -> 0
C121: 1 | D121: K | E121: 027212R.M | F121: POM PRÁCE ZAJIŠŤ REGUL DOPRAVY - VÝLUKY NA ELEKTRIF TRATI | G121: KPL | H121: 167025 | I121: 0 | J121: =ROUND(I121*H121,2) -> 0 | K121: OTSKP 2025 | N121: základní | O121: 0 | P121: =O121*H121 -> 0 | Q121: 0 | R121: =Q121*H121 -> 0 | S121: 0 | T121: =S121*H121 -> 0 | AR121: 4 | AT121: K | AU121: 1 | AY121: ROZPOCET | BE121: =IF(N121="základní",J121,0) -> 0 | BF121: =IF(N121="snížená",J121,0) -> 0 | BG121: =IF(N121="zákl. přenesená",J121,0) -> 0 | BH121: =IF(N121="sníž. přenesená",J121,0) -> 0 | BI121: =IF(N121="nulová",J121,0) -> 0 | BJ121: 1 | BK121: =ROUND(I121*H121,2) -> 0 | BL121: 4 | BM121: -483110070
D122: PP | F122: viz vyjadreni PMDP v dokladove casti - úprava trolejové stopy; zajisti jmenovany podzhotovitel PMDP; pevna cena 167 025,- Kc bez DPH; do jednotkove ceny zadejte 1,- Kc | AT122: PP | AU122: 1
D123: PSC | F123: Poznámka k souboru cen:_x000D_ Položka zahrnuje: - veškeré náklady pro ČD spojené s objednatelem požadovaným omezením provozu na železnici Položka nezahrnuje: - x | AT123: PSC | AU123: 1
C124: 2 | D124: K | E124: 027212R.M1 | F124: POM PRÁCE ZAJIŠŤ REGUL DOPRAVY - VÝLUKY NA ELEKTRIF TRATI | G124: KPL | H124: 11176 | I124: 0 | J124: =ROUND(I124*H124,2) -> 0 | N124: základní | O124: 0 | P124: =O124*H124 -> 0 | Q124: 0 | R124: =Q124*H124 -> 0 | S124: 0 | T124: =S124*H124 -> 0 | AR124: 4 | AT124: K | AU124: 1 | AY124: ROZPOCET | BE124: =IF(N124="základní",J124,0) -> 0 | BF124: =IF(N124="snížená",J124,0) -> 0 | BG124: =IF(N124="zákl. přenesená",J124,0) -> 0 | BH124: =IF(N124="sníž. přenesená",J124,0) -> 0 | BI124: =IF(N124="nulová",J124,0) -> 0 | BJ124: 1 | BK124: =ROUND(I124*H124,2) -> 0 | BL124: 4 | BM124: 1202782448
D125: PP | F125: viz vyjadreni PMDP v dokladove casti - vypnuti a zpetne zapnuti vedeni; zajisti jmenovany podzhotovitel PMDP; pevna cena 11 176,- Kc bez DPH; do jednotkove ceny zadejte 1,- Kc | AT125: PP | AU125: 1
D126: PSC | F126: Poznámka k souboru cen:_x000D_ Položka zahrnuje: - veškeré náklady pro ČD spojené s objednatelem požadovaným omezením provozu na železnici Položka nezahrnuje: - x | AT126: PSC | AU126: 1
C127: 3 | D127: K | E127: 027212R.M2 | F127: POM PRÁCE ZAJIŠŤ REGUL DOPRAVY - VÝLUKY NA ELEKTRIF TRATI | G127: KPL | H127: 44942 | I127: 0 | J127: =ROUND(I127*H127,2) -> 0 | N127: základní | O127: 0 | P127: =O127*H127 -> 0 | Q127: 0 | R127: =Q127*H127 -> 0 | S127: 0 | T127: =S127*H127 -> 0 | AR127: 4 | AT127: K | AU127: 1 | AY127: ROZPOCET | BE127: =IF(N127="základní",J127,0) -> 0 | BF127: =IF(N127="snížená",J127,0) -> 0 | BG127: =IF(N127="zákl. přenesená",J127,0) -> 0 | BH127: =IF(N127="sníž. přenesená",J127,0) -> 0 | BI127: =IF(N127="nulová",J127,0) -> 0 | BJ127: 1 | BK127: =ROUND(I127*H127,2) -> 0 | BL127: 4 | BM127: 1225059277
D128: PP | F128: viz vyjadreni PMDP v dokladove casti - Instalace stříšky TV Pietas; zajisti jmenovany podzhotovitel PMDP; pevna cena 44 942,- Kc bez DPH; do jednotkove ceny zadejte 1,- Kc | AT128: PP | AU128: 1
D129: PSC | F129: Poznámka k souboru cen:_x000D_ Položka zahrnuje: - veškeré náklady pro ČD spojené s objednatelem požadovaným omezením provozu na železnici Položka nezahrnuje: - x | AT129: PSC | AU129: 1
C130: 4 | D130: K | E130: 02940 | F130: OSTATNÍ POŽADAVKY - VYPRACOVÁNÍ DOKUMENTACE | G130: KPL | H130: 1 | I130: 0 | J130: =ROUND(I130*H130,2) -> 0 | K130: OTSKP 2025 | N130: základní | O130: 0 | P130: =O130*H130 -> 0 | Q130: 0 | R130: =Q130*H130 -> 0 | S130: 0 | T130: =S130*H130 -> 0 | AR130: 4 | AT130: K | AU130: 1 | AY130: ROZPOCET | BE130: =IF(N130="základní",J130,0) -> 0 | BF130: =IF(N130="snížená",J130,0) -> 0 | BG130: =IF(N130="zákl. přenesená",J130,0) -> 0 | BH130: =IF(N130="sníž. přenesená",J130,0) -> 0 | BI130: =IF(N130="nulová",J130,0) -> 0 | BJ130: 1 | BK130: =ROUND(I130*H130,2) -> 0 | BL130: 4 | BM130: -1937558698
D131: PP | F131: Zpracovani a projednani podrobneho projektu DIO; Zajisteni stanoveni prechodne upravy, zajisteni povoleni uzavirky; | AT131: PP | AU131: 1
D132: PSC | F132: Poznámka k souboru cen:_x000D_ Položka zahrnuje: - veškeré náklady spojené s objednatelem požadovanými pracemi Položka nezahrnuje: - x | AT132: PSC | AU132: 1
C133: 5 | D133: K | E133: 03350 | F133: SLUŽBY ZAJIŠŤUJÍCÍ REGUL, PŘEVED A OCHRANU VEŘEJ DOPRAVY | G133: KPL | H133: 1 | I133: 0 | J133: =ROUND(I133*H133,2) -> 0 | K133: OTSKP 2024 | N133: základní | O133: 0 | P133: =O133*H133 -> 0 | Q133: 0 | R133: =Q133*H133 -> 0 | S133: 0 | T133: =S133*H133 -> 0 | AR133: 4 | AT133: K | AU133: 1 | AY133: ROZPOCET | BE133: =IF(N133="základní",J133,0) -> 0 | BF133: =IF(N133="snížená",J133,0) -> 0 | BG133: =IF(N133="zákl. přenesená",J133,0) -> 0 | BH133: =IF(N133="sníž. přenesená",J133,0) -> 0 | BI133: =IF(N133="nulová",J133,0) -> 0 | BJ133: 1 | BK133: =ROUND(I133*H133,2) -> 0 | BL133: 4 | BM133: -290444372
D134: PP | F134: Kompletní dopravně inženýrská opatření po dobu stavby dle zadávací dokumentace a požadavků na provedení a kvalitu dle předpisů ŘSD a R-plánů zahrnující veškeré přechodné svislé i vodorovné dopravní značení, dopravní zařízení a světelné signály, výstražné a předzvěstné vozíky v potřebném rozsahu. Položka zahrnuje: - montáž, montáž s přesunem, demontáž – vše včetně dopravy: - veškeré přechodné svislé i vodorovné dopravní značení včetně předznačení, - dopravní zařízení a světelné signály (vyjma dočasných svodidel), - výstražné a předzvěstné vozíky, ochranná a jiná vozidla, - případné DIO pro demontáž a zpětnou montáž svodidel na přejezdech SDP, - pořízení videozáznamu dle kapitoly 5.5 PS 11, - zneplatnění nebo odstranění stávajícího svislého a vodorovného značení v potřebném rozsahu, - zhotovení RDS a zajištění inženýrské činnosti pro projednání DIO, - stanovení přechodné úpravy a stanovení uzavírky, - kontrola správnosti provedeného značení dvakrát denně každý den s pořízením datované fotografie nebo záznamu z GPS vozidla a doložením těchto záznamů na vyžádání ŘSD. | AT134: PP | AU134: 1
D135: PSC | F135: Poznámka k souboru cen:_x000D_ zahrnuje objednatelem povolené náklady na služby pro zhotovitele | AT135: PSC | AU135: 1
C136: 6 | D136: K | E136: 03350.2 | F136: SLUŽBY ZAJIŠŤUJÍCÍ REGUL, PŘEVED A OCHRANU VEŘEJ DOPRAVY | G136: KPL | H136: 3 | I136: 0 | J136: =ROUND(I136*H136,2) -> 0 | K136: OTSKP 2025 | N136: základní | O136: 0 | P136: =O136*H136 -> 0 | Q136: 0 | R136: =Q136*H136 -> 0 | S136: 0 | T136: =S136*H136 -> 0 | AR136: 4 | AT136: K | AU136: 1 | AY136: ROZPOCET | BE136: =IF(N136="základní",J136,0) -> 0 | BF136: =IF(N136="snížená",J136,0) -> 0 | BG136: =IF(N136="zákl. přenesená",J136,0) -> 0 | BH136: =IF(N136="sníž. přenesená",J136,0) -> 0 | BI136: =IF(N136="nulová",J136,0) -> 0 | BJ136: 1 | BK136: =ROUND(I136*H136,2) -> 0 | BL136: 4 | BM136: 578124469
D137: PP | F137: naklady SVS MP; změny signálních plánů v krizovatkach | AT137: PP | AU137: 1
D138: PSC | F138: Poznámka k souboru cen:_x000D_ Položka zahrnuje: - objednatelem povolené náklady na služby pro zhotovitele Položka nezahrnuje: - x | AT138: PSC | AU138: 1
D139: VV | E139: A173 | F139: "Fáze 1+5 (křiž. Vyhlídková) "2 | H139: 2 | AT139: VV | AU139: 1 | AV139: 2 | AW139: True | AX139: 0 | AY139: ROZPOCET
D140: VV | E140: B7 | F140: "Fáze 6 (křiž. Nákupní) "1 | H140: 1 | AT140: VV | AU140: 1 | AV140: 2 | AW140: True | AX140: 0 | AY140: ROZPOCET
D141: VV | E141: C7 | F141: "Mezisoučet "3.000000 | H141: 3 | AT141: VV | AU141: 1 | AV141: 2 | AW141: True | AX141: 1 | AY141: ROZPOCET
C142: 7 | D142: K | E142: 03350.M | F142: SLUŽBY ZAJIŠŤUJÍCÍ REGUL, PŘEVED A OCHRANU VEŘEJ DOPRAVY | G142: KPL | H142: 6000 | I142: 0 | J142: =ROUND(I142*H142,2) -> 0 | K142: OTSKP 2025 | N142: základní | O142: 0 | P142: =O142*H142 -> 0 | Q142: 0 | R142: =Q142*H142 -> 0 | S142: 0 | T142: =S142*H142 -> 0 | AR142: 4 | AT142: K | AU142: 1 | AY142: ROZPOCET | BE142: =IF(N142="základní",J142,0) -> 0 | BF142: =IF(N142="snížená",J142,0) -> 0 | BG142: =IF(N142="zákl. přenesená",J142,0) -> 0 | BH142: =IF(N142="sníž. přenesená",J142,0) -> 0 | BI142: =IF(N142="nulová",J142,0) -> 0 | BJ142: 1 | BK142: =ROUND(I142*H142,2) -> 0 | BL142: 4 | BM142: -411375045
D143: PP | F143: DISPEČERSKÁ ČINNOST viz vyjádření PMDP v dokladové části - organizace dopravy při změně režimu; zajisti jmenovany podzhotovitel PMDP; pevna cena 6 000,- Kc bez DPH; do jednotkove ceny zadejte 1,- Kc | AT143: PP | AU143: 1
D144: PSC | F144: Poznámka k souboru cen:_x000D_ Položka zahrnuje: - objednatelem povolené náklady na služby pro zhotovitele Položka nezahrnuje: - x | AT144: PSC | AU144: 1
D145: VV | E145: A172 | F145: 6000 | H145: 6000 | AT145: VV | AU145: 1 | AV145: 2 | AW145: True | AX145: 1 | AY145: ROZPOCET
C146: 8 | D146: K | E146: 03351R | F146: SLUŽBY ZAJIŠŤUJÍCÍ REGUL, PŘEVED A OCHRANU VEŘEJ DOPRAVY | G146: KPL/DEN | H146: 280 | I146: 0 | J146: =ROUND(I146*H146,2) -> 0 | N146: základní | O146: 0 | P146: =O146*H146 -> 0 | Q146: 0 | R146: =Q146*H146 -> 0 | S146: 0 | T146: =S146*H146 -> 0 | AR146: 4 | AT146: K | AU146: 1 | AY146: ROZPOCET | BE146: =IF(N146="základní",J146,0) -> 0 | BF146: =IF(N146="snížená",J146,0) -> 0 | BG146: =IF(N146="zákl. přenesená",J146,0) -> 0 | BH146: =IF(N146="sníž. přenesená",J146,0) -> 0 | BI146: =IF(N146="nulová",J146,0) -> 0 | BJ146: 1 | BK146: =ROUND(I146*H146,2) -> 0 | BL146: 4 | BM146: -848360773
D147: PP | F147: Položka zahrnuje: - pronájem dopravně inženýrských opatření včetně pravidelné kontroly, údržby, servisu, přemisťování, přeznačování a manipulaci s jednotlivými prvky. | AT147: PP | AU147: 1
D148: PSC | F148: Poznámka k souboru cen:_x000D_ zahrnuje objednatelem povolené náklady na služby pro zhotovitele | AT148: PSC | AU148: 1
D149: VV | E149: A174 | F149: "Pronájem DZ "40*7 | H149: 280 | AT149: VV | AU149: 1 | AV149: 2 | AW149: True | AX149: 1 | AY149: ROZPOCET
C150: 9 | D150: K | E150: 03710.M | F150: POMOC PRÁCE ZAJIŠŤ NEBO ZŘÍZ OBJÍŽĎKY A PŘÍSTUP CESTY | G150: KPL | H150: 22500 | I150: 0 | J150: =ROUND(I150*H150,2) -> 0 | K150: OTSKP 2025 | N150: základní | O150: 0 | P150: =O150*H150 -> 0 | Q150: 0 | R150: =Q150*H150 -> 0 | S150: 0 | T150: =S150*H150 -> 0 | AR150: 4 | AT150: K | AU150: 1 | AY150: ROZPOCET | BE150: =IF(N150="základní",J150,0) -> 0 | BF150: =IF(N150="snížená",J150,0) -> 0 | BG150: =IF(N150="zákl. přenesená",J150,0) -> 0 | BH150: =IF(N150="sníž. přenesená",J150,0) -> 0 | BI150: =IF(N150="nulová",J150,0) -> 0 | BJ150: 1 | BK150: =ROUND(I150*H150,2) -> 0 | BL150: 4 | BM150: 811249950
D151: PP | F151: viz vyjadreni PMDP v dokladove casti - úpravy na zastávkách; zajisti jmenovany podzhotovitel PMDP; pevna cena 22500,- Kc bez DPH; do jednotkove ceny zadejte 1,- Kc | AT151: PP | AU151: 1
D152: PSC | F152: Poznámka k souboru cen:_x000D_ Položka zahrnuje: - objednatelem povolené náklady na požadovaná zařízení zhotovitele Položka nezahrnuje: - x | AT152: PSC | AU152: 1
D153: VV | E153: A175 | F153: "přesun zastávky MHD "Ústřední hřbitov" - přesun za roh na odstav "4500 | AT153: VV | AU153: 1 | AV153: 1 | AW153: True | AX153: 0 | AY153: ROZPOCET
D154: VV | E154: B13 | F154: "přesun zastávky MHD "Ústřední hřbitov" - přesun na objízdnou trasu (na parkoviště) "4500 | AT154: VV | AU154: 1 | AV154: 1 | AW154: True | AX154: 0 | AY154: ROZPOCET
D155: VV | E155: C19 | F155: "úprava zastávek "Na Švabinách" A175 "U Tesca" "13500 | AT155: VV | AU155: 1 | AV155: 1 | AW155: True | AX155: 0 | AY155: ROZPOCET
D156: VV | E156: D10 | F156: "Mezisoučet "22500.000000 | H156: 22500 | AT156: VV | AU156: 1 | AV156: 2 | AW156: True | AX156: 1 | AY156: ROZPOCET
C157: 10 | D157: K | E157: 03720.M | F157: POMOC PRÁCE ZAJIŠŤ NEBO ZŘÍZ REGULACI A OCHRANU DOPRAVY | G157: KPL | H157: 653640 | I157: 0 | J157: =ROUND(I157*H157,2) -> 0 | K157: OTSKP 2025 | N157: základní | O157: 0 | P157: =O157*H157 -> 0 | Q157: 0 | R157: =Q157*H157 -> 0 | S157: 0 | T157: =S157*H157 -> 0 | AR157: 4 | AT157: K | AU157: 1 | AY157: ROZPOCET | BE157: =IF(N157="základní",J157,0) -> 0 | BF157: =IF(N157="snížená",J157,0) -> 0 | BG157: =IF(N157="zákl. přenesená",J157,0) -> 0 | BH157: =IF(N157="sníž. přenesená",J157,0) -> 0 | BI157: =IF(N157="nulová",J157,0) -> 0 | BJ157: 1 | BK157: =ROUND(I157*H157,2) -> 0 | BL157: 4 | BM157: 1939307270
D158: PP | F158: VÍCENÁKLADY PMDP - zajištění provozu vozy s alternativním pohonem s objízdnou trasou; viz vyjádření PMDP v dokladové části; zajisti jmenovany podzhotovitel PMDP; pevna cena 43 576 Kč/den bez DPH; do jednotkove ceny zadejte 1,- Kc | AT158: PP | AU158: 1
D159: PSC | F159: Poznámka k souboru cen:_x000D_ Položka zahrnuje: - objednatelem povolené náklady na požadovaná zařízení zhotovitele Položka nezahrnuje: - x | AT159: PSC | AU159: 1
D160: VV | E160: A176 | F160: "pracovní dny "2*5 | H160: 10 | AT160: VV | AU160: 1 | AV160: 2 | AW160: True | AX160: 0 | AY160: ROZPOCET
D161: VV | E161: C22 | F161: "rezerva (5 pracovních dnů) "1*5 | H161: 5 | AT161: VV | AU161: 1 | AV161: 2 | AW161: True | AX161: 0 | AY161: ROZPOCET
D162: VV | E162: B19 | F162: "Mezisoučet "15.000000 | H162: 15 | AT162: VV | AU162: 1 | AV162: 2 | AW162: True | AX162: 0 | AY162: ROZPOCET
D163: VV | E163: D11 | F163: B19*43576 | H163: 653640 | AT163: VV | AU163: 1 | AV163: 2 | AW163: True | AX163: 1 | AY163: ROZPOCET
C164: 11 | D164: K | E164: 03720.M1 | F164: POMOC PRÁCE ZAJIŠŤ NEBO ZŘÍZ REGULACI A OCHRANU DOPRAVY | G164: KPL | H164: 480852 | I164: 0 | J164: =ROUND(I164*H164,2) -> 0 | K164: OTSKP 2025 | N164: základní | O164: 0 | P164: =O164*H164 -> 0 | Q164: 0 | R164: =Q164*H164 -> 0 | S164: 0 | T164: =S164*H164 -> 0 | AR164: 4 | AT164: K | AU164: 1 | AY164: ROZPOCET | BE164: =IF(N164="základní",J164,0) -> 0 | BF164: =IF(N164="snížená",J164,0) -> 0 | BG164: =IF(N164="zákl. přenesená",J164,0) -> 0 | BH164: =IF(N164="sníž. přenesená",J164,0) -> 0 | BI164: =IF(N164="nulová",J164,0) -> 0 | BJ164: 1 | BK164: =ROUND(I164*H164,2) -> 0 | BL164: 4 | BM164: -628746855
D165: PP | F165: VÍCENÁKLADY PMDP - zajištění provozu vozy s alternativním pohonem s objízdnou trasou; viz vyjádření PMDP v dokladové části; zajisti jmenovany podzhotovitel PMDP; pevna cena 40 071 Kč/den bez DPH; do jednotkove ceny zadejte 1,- Kc | AT165: PP | AU165: 1
D166: PSC | F166: Poznámka k souboru cen:_x000D_ Položka zahrnuje: - objednatelem povolené náklady na požadovaná zařízení zhotovitele Položka nezahrnuje: - x | AT166: PSC | AU166: 1
...

Sheet 191 - Dopravní značení
L2: >> skryté sloupce << | AT2: {1396f380-28f3-4aa4-918d-c18ca3b9bba9}
AT3: -1
D4: KRYCÍ LIST SOUPISU PRACÍ | M4: v --- níže se nacházejí doplnkové a pomocné údaje k sestavám --- v | AT4: False
D6: Stavba:
E7: ='Rekapitulace stavby'!K6 -> I/26 Kyšice - Plzeň, Hřbitovní
D8: Objekt:
E9: 191 - Dopravní značení
D11: KSO: | I11: CC-CZ:
D12: Místo: | I12: Datum: | J12: ='Rekapitulace stavby'!AN8 -> 20. 1. 2026
D14: Zadavatel: | I14: IČ: | J14: 65993390
E15: Ředitelství silnic a dálnic s.p. | I15: DIČ: | J15: CZ65993390
D17: Zhotovitel: | I17: IČ: | J17: ='Rekapitulace stavby'!AN13
E18: ='Rekapitulace stavby'!E14 | I18: DIČ: | J18: ='Rekapitulace stavby'!AN14
D20: Projektant: | I20: IČ: | J20: 29159342
E21: Woring s.r.o. | I21: DIČ: | J21: CZ29159342
D23: Zpracovatel: | I23: IČ: | J23: =IF('Rekapitulace stavby'!AN19="","",'Rekapitulace stavby'!AN19)
E24: =IF('Rekapitulace stavby'!E20="","",'Rekapitulace stavby'!E20) -> Pavel Vachtl | I24: DIČ: | J24: =IF('Rekapitulace stavby'!AN20="","",'Rekapitulace stavby'!AN20)
D26: Poznámka:
D30: Cena bez DPH | J30: =ROUND(J119, 2) -> 0
F32: Základ daně | I32: Sazba daně | J32: Výše daně
D33: DPH | E33: základní | F33: =ROUND((SUM(BE119:BE185)), 2) -> 0 | I33: 0.21 | J33: =ROUND(((SUM(BE119:BE185))*I33), 2) -> 0
E34: snížená | F34: =ROUND((SUM(BF119:BF185)), 2) -> 0 | I34: 0.15 | J34: =ROUND(((SUM(BF119:BF185))*I34), 2) -> 0
E35: zákl. přenesená | F35: =ROUND((SUM(BG119:BG185)), 2) -> 0 | I35: 0.21 | J35: =0 -> 0
E36: sníž. přenesená | F36: =ROUND((SUM(BH119:BH185)), 2) -> 0 | I36: 0.15 | J36: =0 -> 0
E37: nulová | F37: =ROUND((SUM(BI119:BI185)), 2) -> 0 | I37: 0 | J37: =0 -> 0
D39: Cena s DPH | G39: v | H39: CZK | J39: =SUM(J30:J37) -> 0
D50: Projektant | G50: Zpracovatel
D61: Datum a podpis: | F61: Razítko | G61: Datum a podpis: | J61: Razítko
D65: Objednavatel | G65: Zhotovitel
D76: Datum a podpis: | F76: Razítko | G76: Datum a podpis: | J76: Razítko
C82: REKAPITULACE ČLENĚNÍ SOUPISU PRACÍ
C84: Stavba:
E85: =E7 -> I/26 Kyšice - Plzeň, Hřbitovní
C86: Objekt:
E87: =E9 -> 191 - Dopravní značení
C89: Místo: | F89: =F12 | I89: Datum: | J89: =IF(J12="","",J12) -> 20. 1. 2026
C91: Zadavatel: | F91: =E15 -> Ředitelství silnic a dálnic s.p. | I91: Projektant: | J91: =E21 -> Woring s.r.o.
C92: Zhotovitel: | F92: =IF(E18="","",E18) | I92: Zpracovatel: | J92: =E24 -> Pavel Vachtl
C94: Kód dílu - Popis | J94: Cena celkem [CZK]
C96: Náklady ze soupisu prací | J96: =J119 -> 0 | AU96: -1
D97: 0 - Všeobecné konstrukce a práce | J97: =J120 -> 0
D98: 1 - Zemní práce | J98: =J124 -> 0
D99: 9 - Ostatní konstrukce a práce | J99: =J129 -> 0
C106: SOUPIS PRACÍ
C108: Stavba:
E109: =E7 -> I/26 Kyšice - Plzeň, Hřbitovní
C110: Objekt:
E111: =E9 -> 191 - Dopravní značení
C113: Místo: | F113: =F12 | I113: Datum: | J113: =IF(J12="","",J12) -> 20. 1. 2026
C115: Zadavatel: | F115: =E15 -> Ředitelství silnic a dálnic s.p. | I115: Projektant: | J115: =E21 -> Woring s.r.o.
C116: Zhotovitel: | F116: =IF(E18="","",E18) | I116: Zpracovatel: | J116: =E24 -> Pavel Vachtl
C118: PČ | D118: Typ | E118: Kód | F118: Popis | G118: MJ | H118: Množství | I118: J.cena [CZK] | J118: Cena celkem [CZK] | K118: Cenová soustava | N118: DPH | O118: J. Nh [h] | P118: Nh celkem [h] | Q118: J. hmotnost [t] | R118: Hmotnost celkem [t] | S118: J. suť [t] | T118: Suť Celkem [t]
C119: Náklady soupisu celkem | J119: =BK119 -> 0 | P119: =P120+P124+P129 -> 0 | R119: =R120+R124+R129 -> 0 | T119: =T120+T124+T129 -> 0 | AT119: D | AU119: -1 | BK119: =BK120+BK124+BK129 -> 0
D120: D | E120: 0 | F120: Všeobecné konstrukce a práce | J120: =BK120 -> 0 | P120: =SUM(P121:P123) -> 0 | R120: =SUM(R121:R123) -> 0 | T120: =SUM(T121:T123) -> 0 | AR120: 4 | AT120: D | AU120: 0 | AY120: ROZPOCET | BK120: =SUM(BK121:BK123) -> 0
C121: 1 | D121: K | E121: 02940.1 | F121: OSTATNÍ POŽADAVKY - VYPRACOVÁNÍ DOKUMENTACE | G121: KPL | H121: 1 | I121: 0 | J121: =ROUND(I121*H121,2) -> 0 | K121: OTSKP 2025 | N121: základní | O121: 0 | P121: =O121*H121 -> 0 | Q121: 0 | R121: =Q121*H121 -> 0 | S121: 0 | T121: =S121*H121 -> 0 | AR121: 4 | AT121: K | AU121: 1 | AY121: ROZPOCET | BE121: =IF(N121="základní",J121,0) -> 0 | BF121: =IF(N121="snížená",J121,0) -> 0 | BG121: =IF(N121="zákl. přenesená",J121,0) -> 0 | BH121: =IF(N121="sníž. přenesená",J121,0) -> 0 | BI121: =IF(N121="nulová",J121,0) -> 0 | BJ121: 1 | BK121: =ROUND(I121*H121,2) -> 0 | BL121: 4 | BM121: -1492766749
D122: PP | F122: Zpracování pasportu DZ a příslušenství PK dle předpisu B4, předpis pro jednotný sběr a evidenci vybraného vybavení PK. (Viz www.rsd.cz.) | AT122: PP | AU122: 1
D123: PSC | F123: Poznámka k souboru cen:_x000D_ Položka zahrnuje: - veškeré náklady spojené s objednatelem požadovanými pracemi Položka nezahrnuje: - x | AT123: PSC | AU123: 1
D124: D | E124: 1 | F124: Zemní práce | J124: =BK124 -> 0 | P124: =SUM(P125:P128) -> 0 | R124: =SUM(R125:R128) -> 0 | T124: =SUM(T125:T128) -> 0 | AR124: 4 | AT124: D | AU124: 0 | AY124: ROZPOCET | BK124: =SUM(BK125:BK128) -> 0
C125: 2 | D125: K | E125: 11241 | F125: ÚPRAVA STROMŮ D DO 0,5M ŘEZEM VĚTVÍ | G125: KUS | H125: 4 | I125: 0 | J125: =ROUND(I125*H125,2) -> 0 | K125: OTSKP 2025 | N125: základní | O125: 0 | P125: =O125*H125 -> 0 | Q125: 0 | R125: =Q125*H125 -> 0 | S125: 0 | T125: =S125*H125 -> 0 | AR125: 4 | AT125: K | AU125: 1 | AY125: ROZPOCET | BE125: =IF(N125="základní",J125,0) -> 0 | BF125: =IF(N125="snížená",J125,0) -> 0 | BG125: =IF(N125="zákl. přenesená",J125,0) -> 0 | BH125: =IF(N125="sníž. přenesená",J125,0) -> 0 | BI125: =IF(N125="nulová",J125,0) -> 0 | BJ125: 1 | BK125: =ROUND(I125*H125,2) -> 0 | BL125: 4 | BM125: 2045303613
D126: PP | F126: ÚPRAVA STROMŮ D DO 0,5M ŘEZEM VĚTVÍ | AT126: PP | AU126: 1
D127: PSC | F127: Poznámka k souboru cen:_x000D_ Položka zahrnuje: - odřezání větví 1 ks stromu přesahujících do komunikace bez ohledu na způsob a použitou mechanizaci (např. plošina), bez ohledu na počet větví - všechna opatření související se silničním provozem (např. provizorní dopravní značení) - odvoz a likvidaci vyzískaného materiálu dle pokynů zadávací dokumentace Položka nezahrnuje: - x Způsob měření: - průměr stromů se měří ve výšce 1,3m nad terénem. | AT127: PSC | AU127: 1
D128: VV | E128: A186 | F128: "ořez větví v parkovišti "4 | H128: 4 | AT128: VV | AU128: 1 | AV128: 2 | AW128: True | AX128: 1 | AY128: ROZPOCET
D129: D | E129: 9 | F129: Ostatní konstrukce a práce | J129: =BK129 -> 0 | P129: =SUM(P130:P185) -> 0 | R129: =SUM(R130:R185) -> 0 | T129: =SUM(T130:T185) -> 0 | AR129: 4 | AT129: D | AU129: 0 | AY129: ROZPOCET | BK129: =SUM(BK130:BK185) -> 0
C130: 3 | D130: K | E130: 914112 | F130: DOPRAVNÍ ZNAČKY ZÁKLAD VELIKOSTI OCEL NEREFLEXNÍ - MONTÁŽ S PŘEMÍST | G130: KUS | H130: 1 | I130: 0 | J130: =ROUND(I130*H130,2) -> 0 | K130: OTSKP 2025 | N130: základní | O130: 0 | P130: =O130*H130 -> 0 | Q130: 0 | R130: =Q130*H130 -> 0 | S130: 0 | T130: =S130*H130 -> 0 | AR130: 4 | AT130: K | AU130: 1 | AY130: ROZPOCET | BE130: =IF(N130="základní",J130,0) -> 0 | BF130: =IF(N130="snížená",J130,0) -> 0 | BG130: =IF(N130="zákl. přenesená",J130,0) -> 0 | BH130: =IF(N130="sníž. přenesená",J130,0) -> 0 | BI130: =IF(N130="nulová",J130,0) -> 0 | BJ130: 1 | BK130: =ROUND(I130*H130,2) -> 0 | BL130: 4 | BM130: 818366782
D131: PP | F131: DOPRAVNÍ ZNAČKY ZÁKLAD VELIKOSTI OCEL NEREFLEXNÍ - MONTÁŽ S PŘEMÍST | AT131: PP | AU131: 1
D132: PSC | F132: Poznámka k souboru cen:_x000D_ Položka zahrnuje: - dopravu demontované značky z dočasné skládky - osazení a montáž značky na místě určeném projektem - nutnou opravu poškozených částí Položka nezahrnuje: - dodávku značky | AT132: PSC | AU132: 1
D133: VV | E133: A187 | F133: "označník zastávky "1 | H133: 1 | AT133: VV | AU133: 1 | AV133: 2 | AW133: True | AX133: 1 | AY133: ROZPOCET
C134: 4 | D134: K | E134: 914113 | F134: DOPRAVNÍ ZNAČKY ZÁKLADNÍ VELIKOSTI OCELOVÉ NEREFLEXNÍ - DEMONTÁŽ | G134: KUS | H134: 1 | I134: 0 | J134: =ROUND(I134*H134,2) -> 0 | K134: OTSKP 2025 | N134: základní | O134: 0 | P134: =O134*H134 -> 0 | Q134: 0 | R134: =Q134*H134 -> 0 | S134: 0 | T134: =S134*H134 -> 0 | AR134: 4 | AT134: K | AU134: 1 | AY134: ROZPOCET | BE134: =IF(N134="základní",J134,0) -> 0 | BF134: =IF(N134="snížená",J134,0) -> 0 | BG134: =IF(N134="zákl. přenesená",J134,0) -> 0 | BH134: =IF(N134="sníž. přenesená",J134,0) -> 0 | BI134: =IF(N134="nulová",J134,0) -> 0 | BJ134: 1 | BK134: =ROUND(I134*H134,2) -> 0 | BL134: 4 | BM134: 1223532152
D135: PP | F135: DOPRAVNÍ ZNAČKY ZÁKLADNÍ VELIKOSTI OCELOVÉ NEREFLEXNÍ - DEMONTÁŽ | AT135: PP | AU135: 1
D136: PSC | F136: Poznámka k souboru cen:_x000D_ Položka zahrnuje: - odstranění, demontáž a odklizení materiálu s odvozem na předepsané místo Položka nezahrnuje: - x | AT136: PSC | AU136: 1
D137: VV | E137: A188 | F137: "označník zastávky "1 | H137: 1 | AT137: VV | AU137: 1 | AV137: 2 | AW137: True | AX137: 1 | AY137: ROZPOCET
C138: 5 | D138: K | E138: 914241 | F138: DOPRAV ZNAČKY ZVĚTŠ VEL OCEL TŘ RA3 - DODÁVKA A MONT | G138: KUS | H138: 4 | I138: 0 | J138: =ROUND(I138*H138,2) -> 0 | K138: OTSKP 2025 | N138: základní | O138: 0 | P138: =O138*H138 -> 0 | Q138: 0 | R138: =Q138*H138 -> 0 | S138: 0 | T138: =S138*H138 -> 0 | AR138: 4 | AT138: K | AU138: 1 | AY138: ROZPOCET | BE138: =IF(N138="základní",J138,0) -> 0 | BF138: =IF(N138="snížená",J138,0) -> 0 | BG138: =IF(N138="zákl. přenesená",J138,0) -> 0 | BH138: =IF(N138="sníž. přenesená",J138,0) -> 0 | BI138: =IF(N138="nulová",J138,0) -> 0 | BJ138: 1 | BK138: =ROUND(I138*H138,2) -> 0 | BL138: 4 | BM138: 672490481
D139: PP | F139: DOPRAV ZNAČKY ZVĚTŠ VEL OCEL TŘ RA3 - DODÁVKA A MONT | AT139: PP | AU139: 1
D140: PSC | F140: Poznámka k souboru cen:_x000D_ Položka zahrnuje: - dodávku a montáž značek v požadovaném provedení Položka nezahrnuje: - x | AT140: PSC | AU140: 1
D141: VV | E141: A189 | F141: "B2 v MÚK "4 | H141: 4 | AT141: VV | AU141: 1 | AV141: 2 | AW141: True | AX141: 1 | AY141: ROZPOCET
C142: 6 | D142: K | E142: 915111 | F142: VODOROVNÉ DOPRAVNÍ ZNAČENÍ BARVOU HLADKÉ - DODÁVKA A POKLÁDKA | G142: M2 | H142: 2178 | I142: 0 | J142: =ROUND(I142*H142,2) -> 0 | K142: OTSKP 2025 | N142: základní | O142: 0 | P142: =O142*H142 -> 0 | Q142: 0 | R142: =Q142*H142 -> 0 | S142: 0 | T142: =S142*H142 -> 0 | AR142: 4 | AT142: K | AU142: 1 | AY142: ROZPOCET | BE142: =IF(N142="základní",J142,0) -> 0 | BF142: =IF(N142="snížená",J142,0) -> 0 | BG142: =IF(N142="zákl. přenesená",J142,0) -> 0 | BH142: =IF(N142="sníž. přenesená",J142,0) -> 0 | BI142: =IF(N142="nulová",J142,0) -> 0 | BJ142: 1 | BK142: =ROUND(I142*H142,2) -> 0 | BL142: 4 | BM142: 2073576911
D143: PP | F143: VODOROVNÉ DOPRAVNÍ ZNAČENÍ BARVOU HLADKÉ - DODÁVKA A POKLÁDKA | AT143: PP | AU143: 1
D144: PSC | F144: Poznámka k souboru cen:_x000D_ Položka zahrnuje: - dodání a pokládku nátěrového materiálu - předznačení a reflexní úpravu Položka nezahrnuje: - x Způsob měření: - měří se pouze natíraná plocha | AT144: PSC | AU144: 1
D145: VV | E145: A190 | F145: "p 915211 (hladké) "90,333 | H145: 90.333 | AT145: VV | AU145: 1 | AV145: 2 | AW145: True | AX145: 0 | AY145: ROZPOCET
D146: VV | E146: B6 | F146: "p 915221 (strukt. nehlučné) "540,125 | H146: 540.125 | AT146: VV | AU146: 1 | AV146: 2 | AW146: True | AX146: 0 | AY146: ROZPOCET
D147: VV | E147: C6 | F147: "p 915231 (strukt zvučící) "1510,042 | H147: 1510.042 | AT147: VV | AU147: 1 | AV147: 2 | AW147: True | AX147: 0 | AY147: ROZPOCET
D148: VV | E148: D6 | F148: "p 91551 (šipky)(ks x průměrná plocha) "30*1,25 | H148: 37.5 | AT148: VV | AU148: 1 | AV148: 2 | AW148: True | AX148: 0 | AY148: ROZPOCET
D149: VV | E149: E6 | F149: "Mezisoučet "2178.000000 | H149: 2178 | AT149: VV | AU149: 1 | AV149: 2 | AW149: True | AX149: 1 | AY149: ROZPOCET
C150: 7 | D150: K | E150: 915211 | F150: VODOROVNÉ DOPRAVNÍ ZNAČENÍ PLASTEM HLADKÉ - DODÁVKA A POKLÁDKA | G150: M2 | H150: 90.333 | I150: 0 | J150: =ROUND(I150*H150,2) -> 0 | K150: OTSKP 2025 | N150: základní | O150: 0 | P150: =O150*H150 -> 0 | Q150: 0 | R150: =Q150*H150 -> 0 | S150: 0 | T150: =S150*H150 -> 0 | AR150: 4 | AT150: K | AU150: 1 | AY150: ROZPOCET | BE150: =IF(N150="základní",J150,0) -> 0 | BF150: =IF(N150="snížená",J150,0) -> 0 | BG150: =IF(N150="zákl. přenesená",J150,0) -> 0 | BH150: =IF(N150="sníž. přenesená",J150,0) -> 0 | BI150: =IF(N150="nulová",J150,0) -> 0 | BJ150: 1 | BK150: =ROUND(I150*H150,2) -> 0 | BL150: 4 | BM150: -981708489
D151: PP | F151: VODOROVNÉ DOPRAVNÍ ZNAČENÍ PLASTEM HLADKÉ - DODÁVKA A POKLÁDKA | AT151: PP | AU151: 1
D152: PSC | F152: Poznámka k souboru cen:_x000D_ Položka zahrnuje: - dodání a pokládku nátěrového materiálu - předznačení a reflexní úpravu Položka nezahrnuje: - x Způsob měření: - měří se pouze natíraná plocha | AT152: PSC | AU152: 1
D153: VV | E153: A191 | F153: "SO 102 - V13 (0,5/1) "271/3 | H153: 90.333333 | AT153: VV | AU153: 1 | AV153: 2 | AW153: True | AX153: 1 | AY153: ROZPOCET
C154: 8 | D154: K | E154: 915221 | F154: VODOR DOPRAV ZNAČ PLASTEM STRUKTURÁLNÍ NEHLUČNÉ - DOD A POKLÁDKA | G154: M2 | H154: 640.917 | I154: 0 | J154: =ROUND(I154*H154,2) -> 0 | K154: OTSKP 2025 | N154: základní | O154: 0 | P154: =O154*H154 -> 0 | Q154: 0 | R154: =Q154*H154 -> 0 | S154: 0 | T154: =S154*H154 -> 0 | AR154: 4 | AT154: K | AU154: 1 | AY154: ROZPOCET | BE154: =IF(N154="základní",J154,0) -> 0 | BF154: =IF(N154="snížená",J154,0) -> 0 | BG154: =IF(N154="zákl. přenesená",J154,0) -> 0 | BH154: =IF(N154="sníž. přenesená",J154,0) -> 0 | BI154: =IF(N154="nulová",J154,0) -> 0 | BJ154: 1 | BK154: =ROUND(I154*H154,2) -> 0 | BL154: 4 | BM154: -1085669561
D155: PP | F155: VODOR DOPRAV ZNAČ PLASTEM STRUKTURÁLNÍ NEHLUČNÉ - DOD A POKLÁDKA | AT155: PP | AU155: 1
D156: PSC | F156: Poznámka k souboru cen:_x000D_ Položka zahrnuje: - dodání a pokládku nátěrového materiálu - předznačení a reflexní úpravu Položka nezahrnuje: - x Způsob měření: - měří se pouze natíraná plocha | AT156: PSC | AU156: 1
D157: VV | E157: D8 | F157: "SO 102 - V4 (0,25) "1723*0,25 | H157: 430.75 | AT157: VV | AU157: 1 | AV157: 2 | AW157: True | AX157: 0 | AY157: ROZPOCET
D158: VV | E158: E8 | F158: "SO 102 - V2a (3/6/0,125) "715*0,125/3 | H158: 29.791667 | AT158: VV | AU158: 1 | AV158: 2 | AW158: True | AX158: 0 | AY158: ROZPOCET
D159: VV | E159: F8 | F159: "SO 102 - V2b (3/1,5/0,125) "120*0,125/3 | H159: 5 | AT159: VV | AU159: 1 | AV159: 2 | AW159: True | AX159: 0 | AY159: ROZPOCET
D160: VV | E160: G8 | F160: "SO 102 - V2b (1,5/1,5/0,25) "255*0,25/2 | H160: 31.875 | AT160: VV | AU160: 1 | AV160: 2 | AW160: True | AX160: 0 | AY160: ROZPOCET
D161: VV | E161: H8 | F161: "SO102 - V1a (0,25) "40*0,25 | H161: 10 | AT161: VV | AU161: 1 | AV161: 2 | AW161: True | AX161: 0 | AY161: ROZPOCET
D162: VV | E162: I8 | F162: "SO 102 - V1a (0,125) "69*0,125 | H162: 8.625 | AT162: VV | AU162: 1 | AV162: 2 | AW162: True | AX162: 0 | AY162: ROZPOCET
D163: VV | E163: A192 | F163: "SO 102 - V7b (0,125) "42*0,125/2 | H163: 2.625 | AT163: VV | AU163: 1 | AV163: 2 | AW163: True | AX163: 0 | AY163: ROZPOCET
D164: VV | E164: B8 | F164: "SO 102 - V4 (0,5/0,5/0,25) "47*0,25/2 | H164: 5.875 | AT164: VV | AU164: 1 | AV164: 2 | AW164: True | AX164: 0 | AY164: ROZPOCET
D165: VV | E165: C8 | F165: "SO 102 - V5 (0,5) "22*0,5 | H165: 11 | AT165: VV | AU165: 1 | AV165: 2 | AW165: True | AX165: 0 | AY165: ROZPOCET
D166: VV | E166: J8 | F166: "SO 102 - V2b (3/1,5/0,25) "55*0,25/3 | H166: 4.5833333 | AT166: VV | AU166: 1 | AV166: 2 | AW166: True | AX166: 0 | AY166: ROZPOCET
...

Sheet 201-003 - Most ev.č. 206-003
C4: SOUPIS PRACÍ
C6: Stavba:
E7: =#REF! -> #REF!
C8: Objekt:
E9: =#REF! -> #REF!
C11: Místo: | F11: =#REF! -> #REF! | I11: Datum: | J11: =IF(#REF!="","",#REF!) -> #REF!
C13: Zadavatel: | F13: =#REF! -> #REF! | I13: Projektant: | J13: =#REF! -> #REF!
C14: Zhotovitel: | F14: =IF(#REF!="","",#REF!) -> #REF! | I14: Zpracovatel: | J14: =#REF! -> #REF!
C16: PČ | D16: Typ | E16: Kód | F16: Popis | G16: MJ | H16: Množství | I16: J.cena [CZK] | J16: Cena celkem [CZK] | K16: Cenová soustava | N16: DPH | O16: J. Nh [h] | P16: Nh celkem [h] | Q16: J. hmotnost [t] | R16: Hmotnost celkem [t] | S16: J. suť [t] | T16: Suť Celkem [t]
C17: Náklady soupisu celkem | J17: =BK17 -> #REF! | P17: =P18+P53+P54+P69+P93+P125+P126+P145+P176+P183 -> #REF! | R17: =R18+R53+R54+R69+R93+R125+R126+R145+R176+R183 -> #REF! | T17: =T18+T53+T54+T69+T93+T125+T126+T145+T176+T183 -> #REF! | AT17: D | AU17: -1 | BK17: =BK18+BK53+BK54+BK69+BK93+BK125+BK126+BK145+BK176+BK183 -> #REF!
D18: D | E18: 0 | F18: Všeobecné konstrukce a práce | J18: =BK18 -> 0 | P18: =SUM(P19:P52) -> 0 | R18: =SUM(R19:R52) -> 0 | T18: =SUM(T19:T52) -> 0 | AR18: 4 | AT18: D | AU18: 0 | AY18: ROZPOCET | BK18: =SUM(BK19:BK52) -> 0
C19: 1 | D19: K | E19: 014121 | F19: POPLATKY ZA SKLÁDKU TYP S-OO (OSTATNÍ ODPAD) | G19: M3 | H19: 1243.036 | I19: 0 | J19: =ROUND(I19*H19,2) -> 0 | K19: OTSKP 2025 | N19: základní | O19: 0 | P19: =O19*H19 -> 0 | Q19: 0 | R19: =Q19*H19 -> 0 | S19: 0 | T19: =S19*H19 -> 0 | AR19: 4 | AT19: K | AU19: 1 | AY19: ROZPOCET | BE19: =IF(N19="základní",J19,0) -> 0 | BF19: =IF(N19="snížená",J19,0) -> 0 | BG19: =IF(N19="zákl. přenesená",J19,0) -> 0 | BH19: =IF(N19="sníž. přenesená",J19,0) -> 0 | BI19: =IF(N19="nulová",J19,0) -> 0 | BJ19: 1 | BK19: =ROUND(I19*H19,2) -> 0 | BL19: 4 | BM19: 1150791547
D20: PP | F20: POPLATKY ZA SKLÁDKU TYP S-OO (OSTATNÍ ODPAD) | AT20: PP | AU20: 1
D21: PSC | F21: Poznámka k souboru cen:_x000D_ zahrnuje veškeré poplatky provozovateli skládky související s uložením odpadu na skládce. | AT21: PSC | AU21: 1
D22: VV | E22: A195 | F22: 46,000000 "(966168) | H22: 46 | AT22: VV | AU22: 1 | AV22: 2 | AW22: True | AX22: 0 | AY22: ROZPOCET
D23: VV | E23: B5 | F23: 26,000000 "(966118) | H23: 26 | AT23: VV | AU23: 1 | AV23: 2 | AW23: True | AX23: 0 | AY23: ROZPOCET
D24: VV | E24: C5 | F24: 1161,400000 "(131738) | H24: 1161.4 | AT24: VV | AU24: 1 | AV24: 2 | AW24: True | AX24: 0 | AY24: ROZPOCET
D25: VV | E25: D4 | F25: 114,400000 "(626113)"*0,03 | H25: 3.432 | AT25: VV | AU25: 1 | AV25: 2 | AW25: True | AX25: 0 | AY25: ROZPOCET
D26: VV | E26: E3 | F26: 28,600000 "(626123)"*0,06 | H26: 1.716 | AT26: VV | AU26: 1 | AV26: 2 | AW26: True | AX26: 0 | AY26: ROZPOCET
D27: VV | E27: F3 | F27: 149,600000 "(626213)"*0,03 | H27: 4.488 | AT27: VV | AU27: 1 | AV27: 2 | AW27: True | AX27: 0 | AY27: ROZPOCET
D28: VV | F28: "Celkové množství "1243.036000 | H28: 1243.036 | AT28: VV | AU28: 1 | AV28: 2 | AW28: True | AX28: 1 | AY28: ROZPOCET
C29: 2 | D29: K | E29: 014132 | F29: POPLATKY ZA SKLÁDKU TYP S-NO (NEBEZPEČNÝ ODPAD) | G29: T | H29: 90.831 | I29: 0 | J29: =ROUND(I29*H29,2) -> 0 | K29: OTSKP 2025 | N29: základní | O29: 0 | P29: =O29*H29 -> 0 | Q29: 0 | R29: =Q29*H29 -> 0 | S29: 0 | T29: =S29*H29 -> 0 | AR29: 4 | AT29: K | AU29: 1 | AY29: ROZPOCET | BE29: =IF(N29="základní",J29,0) -> 0 | BF29: =IF(N29="snížená",J29,0) -> 0 | BG29: =IF(N29="zákl. přenesená",J29,0) -> 0 | BH29: =IF(N29="sníž. přenesená",J29,0) -> 0 | BI29: =IF(N29="nulová",J29,0) -> 0 | BJ29: 1 | BK29: =ROUND(I29*H29,2) -> 0 | BL29: 4 | BM29: -702011773
D30: PP | F30: POPLATKY ZA SKLÁDKU TYP S-NO (NEBEZPEČNÝ ODPAD) | AT30: PP | AU30: 1
D31: PSC | F31: Poznámka k souboru cen:_x000D_ zahrnuje veškeré poplatky provozovateli skládky související s uložením odpadu na skládce. | AT31: PSC | AU31: 1
D32: VV | E32: A196 | F32: "izolace "99,000000 "(97817)"*0,007 | H32: 0.693 | AT32: VV | AU32: 1 | AV32: 2 | AW32: True | AX32: 0 | AY32: ROZPOCET
D33: VV | E33: B38 | F33: "frézovaná ZAS-T3 "45,069000 "(113728)"*2,0 | H33: 90.138 | AT33: VV | AU33: 1 | AV33: 2 | AW33: True | AX33: 0 | AY33: ROZPOCET
D34: VV | F34: "Celkové množství "90.831000 | H34: 90.831 | AT34: VV | AU34: 1 | AV34: 2 | AW34: True | AX34: 1 | AY34: ROZPOCET
C35: 3 | D35: K | E35: 02851 | F35: PRŮZKUMNÉ PRÁCE DIAGNOSTIKY KONSTRUKCÍ NA POVRCHU | G35: KPL | H35: 1 | I35: 0 | J35: =ROUND(I35*H35,2) -> 0 | K35: OTSKP 2025 | N35: základní | O35: 0 | P35: =O35*H35 -> 0 | Q35: 0 | R35: =Q35*H35 -> 0 | S35: 0 | T35: =S35*H35 -> 0 | AR35: 4 | AT35: K | AU35: 1 | AY35: ROZPOCET | BE35: =IF(N35="základní",J35,0) -> 0 | BF35: =IF(N35="snížená",J35,0) -> 0 | BG35: =IF(N35="zákl. přenesená",J35,0) -> 0 | BH35: =IF(N35="sníž. přenesená",J35,0) -> 0 | BI35: =IF(N35="nulová",J35,0) -> 0 | BJ35: 1 | BK35: =ROUND(I35*H35,2) -> 0 | BL35: 4 | BM35: 1097067810
D36: PP | F36: Odtrhové zkoušky, karbonatace, chloridy | AT36: PP | AU36: 1
D37: PSC | F37: Poznámka k souboru cen:_x000D_ zahrnuje veškeré náklady spojené s objednatelem požadovanými pracemi | AT37: PSC | AU37: 1
C38: 4 | D38: K | E38: 029113 | F38: OSTATNÍ POŽADAVKY - GEODETICKÉ ZAMĚŘENÍ - CELKY | G38: KUS | H38: 3 | I38: 0 | J38: =ROUND(I38*H38,2) -> 0 | K38: OTSKP 2025 | N38: základní | O38: 0 | P38: =O38*H38 -> 0 | Q38: 0 | R38: =Q38*H38 -> 0 | S38: 0 | T38: =S38*H38 -> 0 | AR38: 4 | AT38: K | AU38: 1 | AY38: ROZPOCET | BE38: =IF(N38="základní",J38,0) -> 0 | BF38: =IF(N38="snížená",J38,0) -> 0 | BG38: =IF(N38="zákl. přenesená",J38,0) -> 0 | BH38: =IF(N38="sníž. přenesená",J38,0) -> 0 | BI38: =IF(N38="nulová",J38,0) -> 0 | BJ38: 1 | BK38: =ROUND(I38*H38,2) -> 0 | BL38: 4 | BM38: -1333448232
D39: PP | F39: zamereni stavu pred stavbou; prubezne zamerovani a vytycovani behem vystavby; zamereni stavu po dokonceni | AT39: PP | AU39: 1
D40: PSC | F40: Poznámka k souboru cen:_x000D_ zahrnuje veškeré náklady spojené s objednatelem požadovanými pracemi | AT40: PSC | AU40: 1
C41: 5 | D41: K | E41: 02912 | F41: OSTATNÍ POŽADAVKY - VYTYČOVACÍ BOD MIKROSÍTĚ | G41: KUS | H41: 4 | I41: 0 | J41: =ROUND(I41*H41,2) -> 0 | K41: OTSKP 2025 | N41: základní | O41: 0 | P41: =O41*H41 -> 0 | Q41: 0 | R41: =Q41*H41 -> 0 | S41: 0 | T41: =S41*H41 -> 0 | AR41: 4 | AT41: K | AU41: 1 | AY41: ROZPOCET | BE41: =IF(N41="základní",J41,0) -> 0 | BF41: =IF(N41="snížená",J41,0) -> 0 | BG41: =IF(N41="zákl. přenesená",J41,0) -> 0 | BH41: =IF(N41="sníž. přenesená",J41,0) -> 0 | BI41: =IF(N41="nulová",J41,0) -> 0 | BJ41: 1 | BK41: =ROUND(I41*H41,2) -> 0 | BL41: 4 | BM41: 414409725
D42: PP | F42: OSTATNÍ POŽADAVKY - VYTYČOVACÍ BOD MIKROSÍTĚ | AT42: PP | AU42: 1
D43: PSC | F43: Poznámka k souboru cen:_x000D_ zahrnuje vrt D 300-500mm, ocelovou zárubnici DN 180-300 mm, ochrannou plastovou trubku DN 220-350 mm, plastový uzávěr, čepovou nivelační značku z nerez oceli, kotvu se šroubem z nerez oceli, ochranný tyčový znak s tabulkou, betonovou skruž DN 1500mm výšky 0,5m, beton C30/37-XF4, izolační pěnu, zaměření bodu včetně vyrovnání (velmi přesná nivelace) - dle projektu základní vytyčovací sítě, kde je hloubka určena geologem na základě dostupných průzkumů či dat | AT43: PSC | AU43: 1
C44: 6 | D44: K | E44: 029412 | F44: OSTATNÍ POŽADAVKY - VYPRACOVÁNÍ MOSTNÍHO LISTU | G44: KUS | H44: 1 | I44: 0 | J44: =ROUND(I44*H44,2) -> 0 | K44: OTSKP 2025 | N44: základní | O44: 0 | P44: =O44*H44 -> 0 | Q44: 0 | R44: =Q44*H44 -> 0 | S44: 0 | T44: =S44*H44 -> 0 | AR44: 4 | AT44: K | AU44: 1 | AY44: ROZPOCET | BE44: =IF(N44="základní",J44,0) -> 0 | BF44: =IF(N44="snížená",J44,0) -> 0 | BG44: =IF(N44="zákl. přenesená",J44,0) -> 0 | BH44: =IF(N44="sníž. přenesená",J44,0) -> 0 | BI44: =IF(N44="nulová",J44,0) -> 0 | BJ44: 1 | BK44: =ROUND(I44*H44,2) -> 0 | BL44: 4 | BM44: 1029464919
D45: PP | F45: Mostní list; Včetně stanovení zatížitelnosti výpočtem | AT45: PP | AU45: 1
D46: PSC | F46: Poznámka k souboru cen:_x000D_ zahrnuje veškeré náklady spojené s objednatelem požadovanými pracemi | AT46: PSC | AU46: 1
C47: 7 | D47: K | E47: 02944 | F47: OSTAT POŽADAVKY - DOKUMENTACE SKUTEČ PROVEDENÍ V DIGIT FORMĚ | G47: KPL | H47: 1 | I47: 0 | J47: =ROUND(I47*H47,2) -> 0 | K47: OTSKP 2025 | N47: základní | O47: 0 | P47: =O47*H47 -> 0 | Q47: 0 | R47: =Q47*H47 -> 0 | S47: 0 | T47: =S47*H47 -> 0 | AR47: 4 | AT47: K | AU47: 1 | AY47: ROZPOCET | BE47: =IF(N47="základní",J47,0) -> 0 | BF47: =IF(N47="snížená",J47,0) -> 0 | BG47: =IF(N47="zákl. přenesená",J47,0) -> 0 | BH47: =IF(N47="sníž. přenesená",J47,0) -> 0 | BI47: =IF(N47="nulová",J47,0) -> 0 | BJ47: 1 | BK47: =ROUND(I47*H47,2) -> 0 | BL47: 4 | BM47: -785140313
D48: PP | F48: OSTAT POŽADAVKY - DOKUMENTACE SKUTEČ PROVEDENÍ V DIGIT FORMĚ | AT48: PP | AU48: 1
D49: PSC | F49: Poznámka k souboru cen:_x000D_ zahrnuje veškeré náklady spojené s objednatelem požadovanými pracemi | AT49: PSC | AU49: 1
C50: 8 | D50: K | E50: 02953 | F50: OSTATNÍ POŽADAVKY - HLAVNÍ MOSTNÍ PROHLÍDKA | G50: KUS | H50: 1 | I50: 0 | J50: =ROUND(I50*H50,2) -> 0 | K50: OTSKP 2025 | N50: základní | O50: 0 | P50: =O50*H50 -> 0 | Q50: 0 | R50: =Q50*H50 -> 0 | S50: 0 | T50: =S50*H50 -> 0 | AR50: 4 | AT50: K | AU50: 1 | AY50: ROZPOCET | BE50: =IF(N50="základní",J50,0) -> 0 | BF50: =IF(N50="snížená",J50,0) -> 0 | BG50: =IF(N50="zákl. přenesená",J50,0) -> 0 | BH50: =IF(N50="sníž. přenesená",J50,0) -> 0 | BI50: =IF(N50="nulová",J50,0) -> 0 | BJ50: 1 | BK50: =ROUND(I50*H50,2) -> 0 | BL50: 4 | BM50: -362529871
D51: PP | F51: OSTATNÍ POŽADAVKY - HLAVNÍ MOSTNÍ PROHLÍDKA | AT51: PP | AU51: 1
D52: PSC | F52: Poznámka k souboru cen:_x000D_ položka zahrnuje : - úkony dle ČSN 73 6221 - provedení hlavní mostní prohlídky oprávněnou fyzickou nebo právnickou osobou - vyhotovení záznamu (protokolu), který jednoznačně definuje stav mostu | AT52: PSC | AU52: 1
D53: D | E53: 1 | F53: Zemní práce | J53: =BK53 -> #REF! | P53: =SUM(#REF!) -> #REF! | R53: =SUM(#REF!) -> #REF! | T53: =SUM(#REF!) -> #REF! | AR53: 4 | AT53: D | AU53: 0 | AY53: ROZPOCET | BK53: =SUM(#REF!) -> #REF!
D54: D | E54: 2 | F54: Základy | J54: =BK54 -> 0 | P54: =SUM(P55:P68) -> 0 | R54: =SUM(R55:R68) -> 0 | T54: =SUM(T55:T68) -> 0 | AR54: 4 | AT54: D | AU54: 0 | AY54: ROZPOCET | BK54: =SUM(BK55:BK68) -> 0
C55: 24 | D55: K | E55: 21331 | F55: DRENÁŽNÍ VRSTVY Z BETONU MEZEROVITÉHO (DRENÁŽNÍHO) | G55: M3 | H55: 4.43 | I55: 0 | J55: =ROUND(I55*H55,2) -> 0 | K55: OTSKP 2025 | N55: základní | O55: 0 | P55: =O55*H55 -> 0 | Q55: 0 | R55: =Q55*H55 -> 0 | S55: 0 | T55: =S55*H55 -> 0 | AR55: 4 | AT55: K | AU55: 1 | AY55: ROZPOCET | BE55: =IF(N55="základní",J55,0) -> 0 | BF55: =IF(N55="snížená",J55,0) -> 0 | BG55: =IF(N55="zákl. přenesená",J55,0) -> 0 | BH55: =IF(N55="sníž. přenesená",J55,0) -> 0 | BI55: =IF(N55="nulová",J55,0) -> 0 | BJ55: 1 | BK55: =ROUND(I55*H55,2) -> 0 | BL55: 4 | BM55: 711817597
D56: PP | F56: obetonování drenáží | AT56: PP | AU56: 1
D57: PSC | F57: Poznámka k souboru cen:_x000D_ Položka zahrnuje: - dodávku předepsaného materiálu pro drenážní vrstvu, včetně mimostaveništní a vnitrostaveništní dopravy - provedení drenážní vrstvy předepsaných rozměrů a předepsaného tvaru | AT57: PSC | AU57: 1
D58: VV | E58: A212 | F58: "výpočet z modelu "4,43 | H58: 4.43 | AT58: VV | AU58: 1 | AV58: 2 | AW58: True | AX58: 1 | AY58: ROZPOCET
C59: 25 | D59: K | E59: 272315 | F59: ZÁKLADY Z PROSTÉHO BETONU DO C30/37 | G59: M3 | H59: 2.09 | I59: 0 | J59: =ROUND(I59*H59,2) -> 0 | K59: OTSKP 2025 | N59: základní | O59: 0 | P59: =O59*H59 -> 0 | Q59: 0 | R59: =Q59*H59 -> 0 | S59: 0 | T59: =S59*H59 -> 0 | AR59: 4 | AT59: K | AU59: 1 | AY59: ROZPOCET | BE59: =IF(N59="základní",J59,0) -> 0 | BF59: =IF(N59="snížená",J59,0) -> 0 | BG59: =IF(N59="zákl. přenesená",J59,0) -> 0 | BH59: =IF(N59="sníž. přenesená",J59,0) -> 0 | BI59: =IF(N59="nulová",J59,0) -> 0 | BJ59: 1 | BK59: =ROUND(I59*H59,2) -> 0 | BL59: 4 | BM59: 1621440347
D60: PP | F60: ukončovací prahy dlažby | AT60: PP | AU60: 1
D61: PSC | F61: Poznámka k souboru cen:_x000D_ - dodání čerstvého betonu (betonové směsi) požadované kvality, jeho uložení do požadovaného tvaru při jakékoliv hustotě výztuže, konzistenci čerstvého betonu a způsobu hutnění, ošetření a ochranu betonu, - zhotovení nepropustného, mrazuvzdorného betonu a betonu požadované trvanlivosti a vlastností, - užití potřebných přísad a technologií výroby betonu, - zřízení pracovních a dilatačních spar, včetně potřebných úprav, výplně, vložek, opracování, očištění a ošetření, - bednění požadovaných konstr. (i ztracené) s úpravou dle požadované kvality povrchu betonu, včetně odbedňovacích a odskružovacích prostředků, - podpěrné konstr. (skruže) a lešení všech druhů pro bednění, uložení čerstvého betonu, výztuže a doplňkových konstr., vč. požadovaných otvorů, ochranných a bezpečnostních opatření a základů těchto konstrukcí a lešení, - vytvoření kotevních čel, kapes, nálitků, a sedel, - zřízení všech požadovaných otvorů, kapes, výklenků, prostupů, dutin, drážek a pod., vč. ztížení práce a úprav kolem nich, - úpravy pro osazení výztuže, doplňkových konstrukcí a vybavení, - úpravy povrchu pro položení požadované izolace, povlaků a nátěrů, případně vyspravení, - ztížení práce u kabelových a injektážních trubek a ostatních zařízení osazovaných do betonu, - konstrukce betonových kloubů, upevnění kotevních prvků a doplňkových konstrukcí, - nátěry zabraňující soudržnost betonu a bednění, - výplň, těsnění a tmelení spar a spojů, - opatření povrchů betonu izolací proti zemní vlhkosti v částech, kde přijdou do styku se zeminou nebo kamenivem, - případné zřízení spojovací vrstvy u základů, - úpravy pro osazení zařízení ochrany konstrukce proti vlivu bludných proudů, | AT61: PSC | AU61: 1
D62: VV | E62: A213 | F62: "výpočet z modelu "2,09 | H62: 2.09 | AT62: VV | AU62: 1 | AV62: 2 | AW62: True | AX62: 1 | AY62: ROZPOCET
C63: 26 | D63: K | E63: 285391 | F63: DODATEČNÉ KOTVENÍ VLEPENÍM BETONÁŘSKÉ VÝZTUŽE D DO 10MM DO VRTŮ | G63: KUS | H63: 408 | I63: 0 | J63: =ROUND(I63*H63,2) -> 0 | K63: OTSKP 2025 | N63: základní | O63: 0 | P63: =O63*H63 -> 0 | Q63: 0 | R63: =Q63*H63 -> 0 | S63: 0 | T63: =S63*H63 -> 0 | AR63: 4 | AT63: K | AU63: 1 | AY63: ROZPOCET | BE63: =IF(N63="základní",J63,0) -> 0 | BF63: =IF(N63="snížená",J63,0) -> 0 | BG63: =IF(N63="zákl. přenesená",J63,0) -> 0 | BH63: =IF(N63="sníž. přenesená",J63,0) -> 0 | BI63: =IF(N63="nulová",J63,0) -> 0 | BJ63: 1 | BK63: =ROUND(I63*H63,2) -> 0 | BL63: 4 | BM63: 2030837215
D64: PP | F64: kotvení spádového betonu uvnitř rámu kotvy tvaru L | AT64: PP | AU64: 1
D65: PSC | F65: Poznámka k souboru cen:_x000D_ Položka zahrnuje: dodání výztuže předepsaného profilu a předepsané délky (do 600mm) provedení vrtu předepsaného profilu a předepsané délky (do 300mm) vsunutí výztuže do vyvrtaného profilu a její zalepení předepsaným pojivem případně nutné lešení | AT65: PSC | AU65: 1
D66: VV | E66: A214 | F66: "dno "80*4 | H66: 320 | AT66: VV | AU66: 1 | AV66: 2 | AW66: True | AX66: 0 | AY66: ROZPOCET
D67: VV | E67: B49 | F67: "boky "22*2*2 | H67: 88 | AT67: VV | AU67: 1 | AV67: 2 | AW67: True | AX67: 0 | AY67: ROZPOCET
D68: VV | F68: "Celkové množství "408.000000 | H68: 408 | AT68: VV | AU68: 1 | AV68: 2 | AW68: True | AX68: 1 | AY68: ROZPOCET
D69: D | E69: 3 | F69: Svislé konstrukce | J69: =BK69 -> 0 | P69: =SUM(P70:P92) -> 0 | R69: =SUM(R70:R92) -> 0 | T69: =SUM(T70:T92) -> 0 | AR69: 4 | AT69: D | AU69: 0 | AY69: ROZPOCET | BK69: =SUM(BK70:BK92) -> 0
C70: 27 | D70: K | E70: 31112 | F70: ZDI A STĚNY PODPĚR A VOLNÉ Z DÍLCŮ ŽELBET | G70: M3 | H70: 26 | I70: 0 | J70: =ROUND(I70*H70,2) -> 0 | K70: OTSKP 2025 | N70: základní | O70: 0 | P70: =O70*H70 -> 0 | Q70: 0 | R70: =Q70*H70 -> 0 | S70: 0 | T70: =S70*H70 -> 0 | AR70: 4 | AT70: K | AU70: 1 | AY70: ROZPOCET | BE70: =IF(N70="základní",J70,0) -> 0 | BF70: =IF(N70="snížená",J70,0) -> 0 | BG70: =IF(N70="zákl. přenesená",J70,0) -> 0 | BH70: =IF(N70="sníž. přenesená",J70,0) -> 0 | BI70: =IF(N70="nulová",J70,0) -> 0 | BJ70: 1 | BK70: =ROUND(I70*H70,2) -> 0 | BL70: 4 | BM70: -1615612460
D71: PP | F71: provizorní zajištění zemního tělesa a konstrukčních vrstev na rozhraní etap včetně přemístění na druhou etapu | AT71: PP | AU71: 1
D72: PSC | F72: Poznámka k souboru cen:_x000D_ - dodání dílce požadovaného tvaru a vlastností, jeho skladování, doprava a osazení do definitivní polohy, včetně komplexní technologie výroby a montáže dílců, ošetření a ochrana dílců, - u dílců železobetonových a předpjatých veškerá výztuž, případně i tuhé kovové prvky a závěsná oka, - úpravy a zařízení pro uložení a transport dílce, - veškeré požadované úpravy dílců, včetně doplňkových konstrukcí a vybavení, - sestavení dílce na stavbě včetně montážních zařízení, plošin a prahů a pod., - výplň, těsnění a tmelení spár a spojů, - očištění a ošetření úložných ploch, - zednické výpomoce pro montáž dílců, - označení dílce výrobním štítkem nebo jiným způsobem, - úpravy dílce pro dodržení požadované přesnosti jeho osazení, včetně případných měření, - veškerá zařízení pro zajištění stability v každém okamžiku, - další práce dané případně specifikací k příslušnému prefabrik. dílci (úprava pohledových ploch, příp. rubových ploch, osazení měřících zařízení, zkoušení a měření dílců a pod.) | AT72: PSC | AU72: 1
D73: VV | E73: A215 | F73: 26 | H73: 26 | AT73: VV | AU73: 1 | AV73: 2 | AW73: True | AX73: 1 | AY73: ROZPOCET
C74: 28 | D74: K | E74: 317325 | F74: ŘÍMSY ZE ŽELEZOBETONU DO C30/37 | G74: M3 | H74: 14.06 | I74: 0 | J74: =ROUND(I74*H74,2) -> 0 | K74: OTSKP 2025 | N74: základní | O74: 0 | P74: =O74*H74 -> 0 | Q74: 0 | R74: =Q74*H74 -> 0 | S74: 0 | T74: =S74*H74 -> 0 | AR74: 4 | AT74: K | AU74: 1 | AY74: ROZPOCET | BE74: =IF(N74="základní",J74,0) -> 0 | BF74: =IF(N74="snížená",J74,0) -> 0 | BG74: =IF(N74="zákl. přenesená",J74,0) -> 0 | BH74: =IF(N74="sníž. přenesená",J74,0) -> 0 | BI74: =IF(N74="nulová",J74,0) -> 0 | BJ74: 1 | BK74: =ROUND(I74*H74,2) -> 0 | BL74: 4 | BM74: -1093302783
D75: PP | F75: římsy na parapetních zídkách boční prahy uvnitř rámu | AT75: PP | AU75: 1
D76: PSC | F76: Poznámka k souboru cen:_x000D_ položka zahrnuje: - dodání čerstvého betonu (betonové směsi) požadované kvality, jeho uložení do požadovaného tvaru při jakékoliv hustotě výztuže, konzistenci čerstvého betonu a způsobu hutnění, ošetření a ochranu betonu, - zhotovení nepropustného, mrazuvzdorného betonu a betonu požadované trvanlivosti a vlastností, - užití potřebných přísad a technologií výroby betonu, - zřízení pracovních a dilatačních spar, včetně potřebných úprav, výplně, vložek, opracování, očištění a ošetření, - bednění požadovaných konstr. (i ztracené) s úpravou dle požadované kvality povrchu betonu, včetně odbedňovacích a odskružovacích prostředků, - podpěrné konstr. (skruže) a lešení všech druhů pro bednění, uložení čerstvého betonu, výztuže a doplňkových konstr., vč. požadovaných otvorů, ochranných a bezpečnostních opatření a základů těchto konstrukcí a lešení, - vytvoření kotevních čel, kapes, nálitků, a sedel, - zřízení všech požadovaných otvorů, kapes, výklenků, prostupů, dutin, drážek a pod., vč. ztížení práce a úprav kolem nich, - úpravy pro osazení výztuže, doplňkových konstrukcí a vybavení, - úpravy povrchu pro položení požadované izolace, povlaků a nátěrů, případně vyspravení, - ztížení práce u kabelových a injektážních trubek a ostatních zařízení osazovaných do betonu, - konstrukce betonových kloubů, upevnění kotevních prvků a doplňkových konstrukcí, - nátěry zabraňující soudržnost betonu a bednění, - výplň, těsnění a tmelení spar a spojů, - opatření povrchů betonu izolací proti zemní vlhkosti v částech, kde přijdou do styku se zeminou nebo kamenivem, - případné zřízení spojovací vrstvy u základů, - úpravy pro osazení zařízení ochrany konstrukce proti vlivu bludných proudů | AT76: PSC | AU76: 1
D77: VV | E77: A216 | F77: "římsy; výpočet z modelu "10,75 | H77: 10.75 | AT77: VV | AU77: 1 | AV77: 2 | AW77: True | AX77: 0 | AY77: ROZPOCET
D78: VV | E78: B50 | F78: "prahy; výpočet z modelu "3,31 | H78: 3.31 | AT78: VV | AU78: 1 | AV78: 2 | AW78: True | AX78: 0 | AY78: ROZPOCET
D79: VV | F79: "Celkové množství "14.060000 | H79: 14.06 | AT79: VV | AU79: 1 | AV79: 2 | AW79: True | AX79: 1 | AY79: ROZPOCET
C80: 29 | D80: K | E80: 317365 | F80: VÝZTUŽ ŘÍMS Z OCELI 10505, B500B | G80: T | H80: 2.812 | I80: 0 | J80: =ROUND(I80*H80,2) -> 0 | K80: OTSKP 2025 | N80: základní | O80: 0 | P80: =O80*H80 -> 0 | Q80: 0 | R80: =Q80*H80 -> 0 | S80: 0 | T80: =S80*H80 -> 0 | AR80: 4 | AT80: K | AU80: 1 | AY80: ROZPOCET | BE80: =IF(N80="základní",J80,0) -> 0 | BF80: =IF(N80="snížená",J80,0) -> 0 | BG80: =IF(N80="zákl. přenesená",J80,0) -> 0 | BH80: =IF(N80="sníž. přenesená",J80,0) -> 0 | BI80: =IF(N80="nulová",J80,0) -> 0 | BJ80: 1 | BK80: =ROUND(I80*H80,2) -> 0 | BL80: 4 | BM80: -1297495773
D81: PP | F81: VÝZTUŽ ŘÍMS Z OCELI 10505, B500B | AT81: PP | AU81: 1
D82: PSC | F82: Poznámka k souboru cen:_x000D_ položka zahrnuje: - dodání betonářské výztuže v požadované kvalitě, stříhání, řezání, ohýbání a spojování do všech požadovaných tvarů (vč. armakošů) a uložení s požadovaným zajištěním polohy a krytí výztuže betonem, - veškeré svary nebo jiné spoje výztuže, - pomocné konstrukce a práce pro osazení a upevnění výztuže, - zednické výpomoci pro montáž betonářské výztuže, - úpravy výztuže pro osazení doplňkových konstrukcí, - ochranu výztuže do doby jejího zabetonování, - úpravy výztuže pro zřízení železobetonových kloubů, kotevních prvků, závěsných ok a doplňkových konstrukcí, - veškerá opatření pro zajištění soudržnosti výztuže a betonu, - vodivé propojení výztuže, které je součástí ochrany konstrukce proti vlivům bludných proudů, vyvedení do měřících skříní nebo míst pro měření bludných proudů (vlastní měřící skříně se uvádějí položkami SD 74) - povrchovou antikorozní úpravu výztuže, - separaci výztuže, - osazení měřících zařízení a úpravy pro ně, - osazení měřících skříní nebo míst pro měření bludných proudů. | AT82: PSC | AU82: 1
D83: VV | E83: A217 | F83: 14,060000 "(317325)"*0,2 | H83: 2.812 | AT83: VV | AU83: 1 | AV83: 2 | AW83: True | AX83: 1 | AY83: ROZPOCET
C84: 30 | D84: K | E84: 389385 | F84: MOSTNÍ RÁMOVÉ KONSTRUKCE ZE ŽELEZOBETONU C30/37 VČETNĚ VÝZTUŽE | G84: M3 | H84: 69.34 | I84: 0 | J84: =ROUND(I84*H84,2) -> 0 | K84: OTSKP 2025 | N84: základní | O84: 0 | P84: =O84*H84 -> 0 | Q84: 0 | R84: =Q84*H84 -> 0 | S84: 0 | T84: =S84*H84 -> 0 | AR84: 4 | AT84: K | AU84: 1 | AY84: ROZPOCET | BE84: =IF(N84="základní",J84,0) -> 0 | BF84: =IF(N84="snížená",J84,0) -> 0 | BG84: =IF(N84="zákl. přenesená",J84,0) -> 0 | BH84: =IF(N84="sníž. přenesená",J84,0) -> 0 | BI84: =IF(N84="nulová",J84,0) -> 0 | BJ84: 1 | BK84: =ROUND(I84*H84,2) -> 0 | BL84: 4 | BM84: 904718563
D85: PP | F85: monolitické dobetonávky krajních částí mostu komplet včetně prostupů, chrániček, těsnění spár i napojení na ponechávanou část, ošetřování | AT85: PP | AU85: 1
D86: PSC | F86: Poznámka k souboru cen:_x000D_ - dodání čerstvého betonu (betonové směsi) požadované kvality, jeho uložení do požadovaného tvaru při jakékoliv hustotě výztuže, konzistenci čerstvého betonu a způsobu hutnění, ošetření a ochranu betonu, - zhotovení nepropustného, mrazuvzdorného betonu a betonu požadované trvanlivosti a vlastností, - užití potřebných přísad a technologií výroby betonu, - zřízení pracovních a dilatačních spar, včetně potřebných úprav, výplně, vložek, opracování, očištění a ošetření, - bednění požadovaných konstr. (i ztracené) s úpravou dle požadované kvality povrchu betonu, včetně odbedňovacích a odskružovacích prostředků, - podpěrné konstr. (skruže) a lešení všech druhů pro bednění, uložení čerstvého betonu, výztuže a doplňkových konstr., vč. požadovaných otvorů, ochranných a bezpečnostních opatření a základů těchto konstrukcí a lešení, - vytvoření kotevních čel, kapes, nálitků, a sedel, - zřízení všech požadovaných otvorů, kapes, výklenků, prostupů, dutin, drážek a pod., vč. ztížení práce a úprav kolem nich, - úpravy pro osazení výztuže, doplňkových konstrukcí a vybavení, - úpravy povrchu pro položení požadované izolace, povlaků a nátěrů, případně vyspravení, - ztížení práce u kabelových a injektážních trubek a ostatních zařízení osazovaných do betonu, - konstrukce betonových kloubů, upevnění kotevních prvků a doplňkových konstrukcí, - nátěry zabraňující soudržnost betonu a bednění, - výplň, těsnění a tmelení spar a spojů, - opatření povrchů betonu izolací proti zemní vlhkosti v částech, kde přijdou do styku se zeminou nebo kamenivem, - případné zřízení spojovací vrstvy u základů, - úpravy pro osazení zařízení ochrany konstrukce proti vlivu bludných proudů | AT86: PSC | AU86: 1
D87: VV | E87: A218 | F87: "základy "31,14 | H87: 31.14 | AT87: VV | AU87: 1 | AV87: 2 | AW87: True | AX87: 0 | AY87: ROZPOCET
D88: VV | E88: B52 | F88: "dříky "9,90 | H88: 9.9 | AT88: VV | AU88: 1 | AV88: 2 | AW88: True | AX88: 0 | AY88: ROZPOCET
D89: VV | E89: C43 | F89: "mostovka "10,24 | H89: 10.24 | AT89: VV | AU89: 1 | AV89: 2 | AW89: True | AX89: 0 | AY89: ROZPOCET
D90: VV | E90: D30 | F90: "křídla "15,12 | H90: 15.12 | AT90: VV | AU90: 1 | AV90: 2 | AW90: True | AX90: 0 | AY90: ROZPOCET
D91: VV | E91: E30 | F91: "parapety "2,94 | H91: 2.94 | AT91: VV | AU91: 1 | AV91: 2 | AW91: True | AX91: 0 | AY91: ROZPOCET
D92: VV | F92: "Celkové množství "69.340000 | H92: 69.34 | AT92: VV | AU92: 1 | AV92: 2 | AW92: True | AX92: 1 | AY92: ROZPOCET
D93: D | E93: 4 | F93: Vodorovné konstrukce | J93: =BK93 -> 0 | P93: =SUM(P94:P124) -> 0 | R93: =SUM(R94:R124) -> 0 | T93: =SUM(T94:T124) -> 0 | AR93: 4 | AT93: D | AU93: 0 | AY93: ROZPOCET | BK93: =SUM(BK94:BK124) -> 0
C94: 31 | D94: K | E94: 420325 | F94: PŘECHODOVÉ DESKY MOSTNÍCH OPĚR ZE ŽELEZOBETONU C30/37 | G94: M3 | H94: 69.3 | I94: 0 | J94: =ROUND(I94*H94,2) -> 0 | K94: OTSKP 2025 | N94: základní | O94: 0 | P94: =O94*H94 -> 0 | Q94: 0 | R94: =Q94*H94 -> 0 | S94: 0 | T94: =S94*H94 -> 0 | AR94: 4 | AT94: K | AU94: 1 | AY94: ROZPOCET | BE94: =IF(N94="základní",J94,0) -> 0 | BF94: =IF(N94="snížená",J94,0) -> 0 | BG94: =IF(N94="zákl. přenesená",J94,0) -> 0 | BH94: =IF(N94="sníž. přenesená",J94,0) -> 0 | BI94: =IF(N94="nulová",J94,0) -> 0 | BJ94: 1 | BK94: =ROUND(I94*H94,2) -> 0 | BL94: 4 | BM94: 21680117
D95: PP | F95: Ochranná deska | AT95: PP | AU95: 1
D96: PSC | F96: Poznámka k souboru cen:_x000D_ - dodání čerstvého betonu (betonové směsi) požadované kvality, jeho uložení do požadovaného tvaru při jakékoliv hustotě výztuže, konzistenci čerstvého betonu a způsobu hutnění, ošetření a ochranu betonu, - zhotovení nepropustného, mrazuvzdorného betonu a betonu požadované trvanlivosti a vlastností, - užití potřebných přísad a technologií výroby betonu, - zřízení pracovních a dilatačních spar, včetně potřebných úprav, výplně, vložek, opracování, očištění a ošetření, - bednění požadovaných konstr. (i ztracené) s úpravou dle požadované kvality povrchu betonu, včetně odbedňovacích a odskružovacích prostředků, - podpěrné konstr. (skruže) a lešení všech druhů pro bednění, uložení čerstvého betonu, výztuže a doplňkových konstr., vč. požadovaných otvorů, ochranných a bezpečnostních opatření a základů těchto konstrukcí a lešení, - vytvoření kotevních čel, kapes, nálitků, a sedel, - zřízení všech požadovaných otvorů, kapes, výklenků, prostupů, dutin, drážek a pod., vč. ztížení práce a úprav kolem nich, - úpravy pro osazení výztuže, doplňkových konstrukcí a vybavení, - úpravy povrchu pro položení požadované izolace, povlaků a nátěrů, případně vyspravení, - ztížení práce u kabelových a injektážních trubek a ostatních zařízení osazovaných do betonu, - konstrukce betonových kloubů, upevnění kotevních prvků a doplňkových konstrukcí, - nátěry zabraňující soudržnost betonu a bednění, - výplň, těsnění a tmelení spar a spojů, - opatření povrchů betonu izolací proti zemní vlhkosti v částech, kde přijdou do styku se zeminou nebo kamenivem, - případné zřízení spojovací vrstvy u základů, - úpravy pro osazení zařízení ochrany konstrukce proti vlivu bludných proudů | AT96: PSC | AU96: 1
D97: VV | E97: A219 | F97: "výpočet z modelu "69,30 | H97: 69.3 | AT97: VV | AU97: 1 | AV97: 2 | AW97: True | AX97: 1 | AY97: ROZPOCET
C98: 32 | D98: K | E98: 420366 | F98: VÝZTUŽ PŘECHOD DESEK MOSTNÍCH OPĚR Z KARI SÍTÍ | G98: T | H98: 6.93 | I98: 0 | J98: =ROUND(I98*H98,2) -> 0 | K98: OTSKP 2025 | N98: základní | O98: 0 | P98: =O98*H98 -> 0 | Q98: 0 | R98: =Q98*H98 -> 0 | S98: 0 | T98: =S98*H98 -> 0 | AR98: 4 | AT98: K | AU98: 1 | AY98: ROZPOCET | BE98: =IF(N98="základní",J98,0) -> 0 | BF98: =IF(N98="snížená",J98,0) -> 0 | BG98: =IF(N98="zákl. přenesená",J98,0) -> 0 | BH98: =IF(N98="sníž. přenesená",J98,0) -> 0 | BI98: =IF(N98="nulová",J98,0) -> 0 | BJ98: 1 | BK98: =ROUND(I98*H98,2) -> 0 | BL98: 4 | BM98: -1789204969
D99: PP | F99: výztuž k 420325 | AT99: PP | AU99: 1
D100: PSC | F100: Poznámka k souboru cen:_x000D_ Položka zahrnuje veškerý materiál, výrobky a polotovary, včetně mimostaveništní a vnitrostaveništní dopravy (rovněž přesuny), včetně naložení a složení, případně s uložením - dodání betonářské výztuže v požadované kvalitě, stříhání, řezání, ohýbání a spojování do všech požadovaných tvarů (vč. armakošů) a uložení s požadovaným zajištěním polohy a krytí výztuže betonem, - veškeré svary nebo jiné spoje výztuže, - pomocné konstrukce a práce pro osazení a upevnění výztuže, - zednické výpomoci pro montáž betonářské výztuže, - úpravy výztuže pro osazení doplňkových konstrukcí, - ochranu výztuže do doby jejího zabetonování, - úpravy výztuže pro zřízení železobetonových kloubů, kotevních prvků, závěsných ok a doplňkových konstrukcí, - veškerá opatření pro zajištění soudržnosti výztuže a betonu, - vodivé propojení výztuže, které je součástí ochrany konstrukce proti vlivům bludných proudů, vyvedení do měřících skříní nebo míst pro měření bludných proudů (vlastní měřící skříně se uvádějí položkami SD 74), - povrchovou antikorozní úpravu výztuže, - separaci výztuže, - osazení měřících zařízení a úpravy pro ně, - osazení měřících skříní nebo míst pro měření bludných proudů. | AT100: PSC | AU100: 1
D101: VV | E101: A220 | F101: 69,300000 "(420325)"*0,1 | H101: 6.93 | AT101: VV | AU101: 1 | AV101: 2 | AW101: True | AX101: 1 | AY101: ROZPOCET
C102: 33 | D102: K | E102: 451312 | F102: PODKLADNÍ A VÝPLŇOVÉ VRSTVY Z PROSTÉHO BETONU C12/15 | G102: M3 | H102: 53.06 | I102: 0 | J102: =ROUND(I102*H102,2) -> 0 | K102: OTSKP 2025 | N102: základní | O102: 0 | P102: =O102*H102 -> 0 | Q102: 0 | R102: =Q102*H102 -> 0 | S102: 0 | T102: =S102*H102 -> 0 | AR102: 4 | AT102: K | AU102: 1 | AY102: ROZPOCET | BE102: =IF(N102="základní",J102,0) -> 0 | BF102: =IF(N102="snížená",J102,0) -> 0 | BG102: =IF(N102="zákl. přenesená",J102,0) -> 0 | BH102: =IF(N102="sníž. přenesená",J102,0) -> 0 | BI102: =IF(N102="nulová",J102,0) -> 0 | BJ102: 1 | BK102: =ROUND(I102*H102,2) -> 0 | BL102: 4 | BM102: 1472003855
D103: PP | F103: PODKLADNÍ A VÝPLŇOVÉ VRSTVY Z PROSTÉHO BETONU C12/15 | AT103: PP | AU103: 1
D104: PSC | F104: Poznámka k souboru cen:_x000D_ - dodání čerstvého betonu (betonové směsi) požadované kvality, jeho uložení do požadovaného tvaru při jakékoliv hustotě výztuže, konzistenci čerstvého betonu a způsobu hutnění, ošetření a ochranu betonu, - zhotovení nepropustného, mrazuvzdorného betonu a betonu požadované trvanlivosti a vlastností, - užití potřebných přísad a technologií výroby betonu, - zřízení pracovních a dilatačních spar, včetně potřebných úprav, výplně, vložek, opracování, očištění a ošetření, - bednění požadovaných konstr. (i ztracené) s úpravou dle požadované kvality povrchu betonu, včetně odbedňovacích a odskružovacích prostředků, - podpěrné konstr. (skruže) a lešení všech druhů pro bednění, uložení čerstvého betonu, výztuže a doplňkových konstr., vč. požadovaných otvorů, ochranných a bezpečnostních opatření a základů těchto konstrukcí a lešení, - vytvoření kotevních čel, kapes, nálitků, a sedel, - zřízení všech požadovaných otvorů, kapes, výklenků, prostupů, dutin, drážek a pod., vč. ztížení práce a úprav kolem nich, - úpravy pro osazení výztuže, doplňkových konstrukcí a vybavení, - úpravy povrchu pro položení požadované izolace, povlaků a nátěrů, případně vyspravení, - ztížení práce u kabelových a injektážních trubek a ostatních zařízení osazovaných do betonu, - konstrukce betonových kloubů, upevnění kotevních prvků a doplňkových konstrukcí, - nátěry zabraňující soudržnost betonu a bednění, - výplň, těsnění a tmelení spar a spojů, - opatření povrchů betonu izolací proti zemní vlhkosti v částech, kde přijdou do styku se zeminou nebo kamenivem, - případné zřízení spojovací vrstvy u základů, - úpravy pro osazení zařízení ochrany konstrukce proti vlivu bludných proudů | AT104: PSC | AU104: 1
D105: VV | E105: A221 | F105: "pod drenáže; výpočet z modelu "1,62 | H105: 1.62 | AT105: VV | AU105: 1 | AV105: 2 | AW105: True | AX105: 0 | AY105: ROZPOCET
D106: VV | E106: B71 | F106: "pod základy; výpočet z modelu "13,34 | H106: 13.34 | AT106: VV | AU106: 1 | AV106: 2 | AW106: True | AX106: 0 | AY106: ROZPOCET
D107: VV | E107: C48 | F107: "pod ochrannou desku "38,1 | H107: 38.1 | AT107: VV | AU107: 1 | AV107: 2 | AW107: True | AX107: 0 | AY107: ROZPOCET
...

Sheet 201-004 - Mosty ev. č. 26...
C4: SOUPIS PRACÍ
C6: Stavba:
E7: =#REF! -> #REF!
C8: Objekt:
E9: =#REF! -> #REF!
C11: Místo: | F11: =#REF! -> #REF! | I11: Datum: | J11: =IF(#REF!="","",#REF!) -> #REF!
C13: Zadavatel: | F13: =#REF! -> #REF! | I13: Projektant: | J13: =#REF! -> #REF!
C14: Zhotovitel: | F14: =IF(#REF!="","",#REF!) -> #REF! | I14: Zpracovatel: | J14: =#REF! -> #REF!
C16: PČ | D16: Typ | E16: Kód | F16: Popis | G16: MJ | H16: Množství | I16: J.cena [CZK] | J16: Cena celkem [CZK] | K16: Cenová soustava | N16: DPH | O16: J. Nh [h] | P16: Nh celkem [h] | Q16: J. hmotnost [t] | R16: Hmotnost celkem [t] | S16: J. suť [t] | T16: Suť Celkem [t]
C17: Náklady soupisu celkem | J17: =BK17 -> #REF! | P17: =P18+P60+P61+P106+P149+P193+P194+P218+P286+P287 -> #REF! | R17: =R18+R60+R61+R106+R149+R193+R194+R218+R286+R287 -> #REF! | T17: =T18+T60+T61+T106+T149+T193+T194+T218+T286+T287 -> #REF! | AT17: D | AU17: -1 | BK17: =BK18+BK60+BK61+BK106+BK149+BK193+BK194+BK218+BK286+BK287 -> #REF!
D18: D | E18: 0 | F18: Všeobecné konstrukce a práce | J18: =BK18 -> 0 | P18: =SUM(P19:P59) -> 0 | R18: =SUM(R19:R59) -> 0 | T18: =SUM(T19:T59) -> 0 | AR18: 4 | AT18: D | AU18: 0 | AY18: ROZPOCET | BK18: =SUM(BK19:BK59) -> 0
C19: 1 | D19: K | E19: 014101 | F19: POPLATKY ZA SKLÁDKU | G19: M3 | H19: 529.2 | I19: 0 | J19: =ROUND(I19*H19,2) -> 0 | K19: OTSKP 2025 | N19: základní | O19: 0 | P19: =O19*H19 -> 0 | Q19: 0 | R19: =Q19*H19 -> 0 | S19: 0 | T19: =S19*H19 -> 0 | AR19: 4 | AT19: K | AU19: 1 | AY19: ROZPOCET | BE19: =IF(N19="základní",J19,0) -> 0 | BF19: =IF(N19="snížená",J19,0) -> 0 | BG19: =IF(N19="zákl. přenesená",J19,0) -> 0 | BH19: =IF(N19="sníž. přenesená",J19,0) -> 0 | BI19: =IF(N19="nulová",J19,0) -> 0 | BJ19: 1 | BK19: =ROUND(I19*H19,2) -> 0 | BL19: 4 | BM19: 1511577371
D20: PP | F20: materiál z výkopu | AT20: PP | AU20: 1
D21: PSC | F21: Poznámka k souboru cen:_x000D_ Položka zahrnuje: - veškeré poplatky provozovateli skládky související s uložením odpadu na skládce. Položka nezahrnuje: - x | AT21: PSC | AU21: 1
D22: VV | E22: A264 | F22: "objem z pol. 13173 "529,2 | H22: 529.2 | AT22: VV | AU22: 1 | AV22: 2 | AW22: True | AX22: 0 | AY22: ROZPOCET
D23: VV | F23: "Celkové množství "529.200000 | H23: 529.2 | AT23: VV | AU23: 1 | AV23: 2 | AW23: True | AX23: 1 | AY23: ROZPOCET
C24: 2 | D24: K | E24: 014101.1 | F24: POPLATKY ZA SKLÁDKU | G24: M3 | H24: 163.141 | I24: 0 | J24: =ROUND(I24*H24,2) -> 0 | K24: OTSKP 2025 | N24: základní | O24: 0 | P24: =O24*H24 -> 0 | Q24: 0 | R24: =Q24*H24 -> 0 | S24: 0 | T24: =S24*H24 -> 0 | AR24: 4 | AT24: K | AU24: 1 | AY24: ROZPOCET | BE24: =IF(N24="základní",J24,0) -> 0 | BF24: =IF(N24="snížená",J24,0) -> 0 | BG24: =IF(N24="zákl. přenesená",J24,0) -> 0 | BH24: =IF(N24="sníž. přenesená",J24,0) -> 0 | BI24: =IF(N24="nulová",J24,0) -> 0 | BJ24: 1 | BK24: =ROUND(I24*H24,2) -> 0 | BL24: 4 | BM24: -423129561
D25: PP | F25: prostý beton, železobeton, železobetonové dílce | AT25: PP | AU25: 1
D26: PSC | F26: Poznámka k souboru cen:_x000D_ Položka zahrnuje: - veškeré poplatky provozovateli skládky související s uložením odpadu na skládce. Položka nezahrnuje: - x | AT26: PSC | AU26: 1
D27: VV | E27: A265 | F27: "objem z pol. 96611 "6,064 | H27: 6.064 | AT27: VV | AU27: 1 | AV27: 2 | AW27: True | AX27: 0 | AY27: ROZPOCET
D28: VV | E28: B90 | F28: "objem z pol. 96615 "21,56 | H28: 21.56 | AT28: VV | AU28: 1 | AV28: 2 | AW28: True | AX28: 0 | AY28: ROZPOCET
D29: VV | E29: C49 | F29: "objem z pol. 96616 "126,349 | H29: 126.349 | AT29: VV | AU29: 1 | AV29: 2 | AW29: True | AX29: 0 | AY29: ROZPOCET
D30: VV | E30: D5 | F30: "délka z pol. 11352 * plocha 0,1 m2 "66,0*0,1 | H30: 6.6 | AT30: VV | AU30: 1 | AV30: 2 | AW30: True | AX30: 0 | AY30: ROZPOCET
D31: VV | E31: E4 | F31: "plocha z pol. 11328 * tl. 0,2 m "3,6*0,2 | H31: 0.72 | AT31: VV | AU31: 1 | AV31: 2 | AW31: True | AX31: 0 | AY31: ROZPOCET
D32: VV | E32: F4 | F32: "objem z jádrových odvrtů pro trny fixace A265 drenaž "(3,14*0,085*0,085*0,5)*40+(3,14*0,1*0,1*1,0)*40+(3,14*0,1*0,1*1,1)*4 | H32: 1.84789 | AT32: VV | AU32: 1 | AV32: 2 | AW32: True | AX32: 0 | AY32: ROZPOCET
D33: VV | F33: "Celkové množství "163.141000 | H33: 163.141 | AT33: VV | AU33: 1 | AV33: 2 | AW33: True | AX33: 1 | AY33: ROZPOCET
C34: 3 | D34: K | E34: 014102 | F34: POPLATKY ZA SKLÁDKU | G34: T | H34: 4.182 | I34: 0 | J34: =ROUND(I34*H34,2) -> 0 | K34: OTSKP 2025 | N34: základní | O34: 0 | P34: =O34*H34 -> 0 | Q34: 0 | R34: =Q34*H34 -> 0 | S34: 0 | T34: =S34*H34 -> 0 | AR34: 4 | AT34: K | AU34: 1 | AY34: ROZPOCET | BE34: =IF(N34="základní",J34,0) -> 0 | BF34: =IF(N34="snížená",J34,0) -> 0 | BG34: =IF(N34="zákl. přenesená",J34,0) -> 0 | BH34: =IF(N34="sníž. přenesená",J34,0) -> 0 | BI34: =IF(N34="nulová",J34,0) -> 0 | BJ34: 1 | BK34: =ROUND(I34*H34,2) -> 0 | BL34: 4 | BM34: 1751187917
D35: PP | F35: asfaltové izolační pásy, izolační materiály | AT35: PP | AU35: 1
D36: PSC | F36: Poznámka k souboru cen:_x000D_ Položka zahrnuje: - veškeré poplatky provozovateli skládky související s uložením odpadu na skládce. Položka nezahrnuje: - x | AT36: PSC | AU36: 1
D37: VV | E37: A266 | F37: "plocha z pol. 97817 * 5 kg/m2 "836,34*0,005 | H37: 4.1817 | AT37: VV | AU37: 1 | AV37: 2 | AW37: True | AX37: 1 | AY37: ROZPOCET
C38: 4 | D38: K | E38: 029113 | F38: OSTATNÍ POŽADAVKY - ZEMĚMĚŘICKÉ ZAMĚŘENÍ - CELKY | G38: KUS | H38: 6 | I38: 0 | J38: =ROUND(I38*H38,2) -> 0 | K38: OTSKP 2025 | N38: základní | O38: 0 | P38: =O38*H38 -> 0 | Q38: 0 | R38: =Q38*H38 -> 0 | S38: 0 | T38: =S38*H38 -> 0 | AR38: 4 | AT38: K | AU38: 1 | AY38: ROZPOCET | BE38: =IF(N38="základní",J38,0) -> 0 | BF38: =IF(N38="snížená",J38,0) -> 0 | BG38: =IF(N38="zákl. přenesená",J38,0) -> 0 | BH38: =IF(N38="sníž. přenesená",J38,0) -> 0 | BI38: =IF(N38="nulová",J38,0) -> 0 | BJ38: 1 | BK38: =ROUND(I38*H38,2) -> 0 | BL38: 4 | BM38: 948596069
D39: PP | F39: zamereni stavu pred stavbou; prubezne zamerovani a vytycovani behem vystavby; zamereni stavu po dokonceni; | AT39: PP | AU39: 1
D40: PSC | F40: Poznámka k souboru cen:_x000D_ Položka zahrnuje: - veškeré náklady spojené s objednatelem požadovanými pracemi - položka se využije pro celky 3D charakteru (objekty s vysokou mírou nepravidelnosti vzájemně navazujících částí, technologické a průmyslové celky) Položka nezahrnuje: - x | AT40: PSC | AU40: 1
C41: 5 | D41: K | E41: 029412 | F41: OSTATNÍ POŽADAVKY - VYPRACOVÁNÍ MOSTNÍHO LISTU | G41: KUS | H41: 2 | I41: 0 | J41: =ROUND(I41*H41,2) -> 0 | K41: OTSKP 2025 | N41: základní | O41: 0 | P41: =O41*H41 -> 0 | Q41: 0 | R41: =Q41*H41 -> 0 | S41: 0 | T41: =S41*H41 -> 0 | AR41: 4 | AT41: K | AU41: 1 | AY41: ROZPOCET | BE41: =IF(N41="základní",J41,0) -> 0 | BF41: =IF(N41="snížená",J41,0) -> 0 | BG41: =IF(N41="zákl. přenesená",J41,0) -> 0 | BH41: =IF(N41="sníž. přenesená",J41,0) -> 0 | BI41: =IF(N41="nulová",J41,0) -> 0 | BJ41: 1 | BK41: =ROUND(I41*H41,2) -> 0 | BL41: 4 | BM41: 998521399
D42: PP | F42: v počtu tisků dle SOD | AT42: PP | AU42: 1
D43: PSC | F43: Poznámka k souboru cen:_x000D_ Položka zahrnuje: - veškeré náklady spojené s objednatelem požadovanými pracemi Položka nezahrnuje: - x | AT43: PSC | AU43: 1
D44: VV | E44: A267 | F44: "LM + PM "1+1 | H44: 2 | AT44: VV | AU44: 1 | AV44: 2 | AW44: True | AX44: 0 | AY44: ROZPOCET
D45: VV | F45: "Celkové množství "2.000000 | H45: 2 | AT45: VV | AU45: 1 | AV45: 2 | AW45: True | AX45: 1 | AY45: ROZPOCET
C46: 6 | D46: K | E46: 02944 | F46: OSTAT POŽADAVKY - DOKUMENTACE SKUTEČ PROVEDENÍ V DIGIT FORMĚ | G46: KPL | H46: 1 | I46: 0 | J46: =ROUND(I46*H46,2) -> 0 | K46: OTSKP 2025 | N46: základní | O46: 0 | P46: =O46*H46 -> 0 | Q46: 0 | R46: =Q46*H46 -> 0 | S46: 0 | T46: =S46*H46 -> 0 | AR46: 4 | AT46: K | AU46: 1 | AY46: ROZPOCET | BE46: =IF(N46="základní",J46,0) -> 0 | BF46: =IF(N46="snížená",J46,0) -> 0 | BG46: =IF(N46="zákl. přenesená",J46,0) -> 0 | BH46: =IF(N46="sníž. přenesená",J46,0) -> 0 | BI46: =IF(N46="nulová",J46,0) -> 0 | BJ46: 1 | BK46: =ROUND(I46*H46,2) -> 0 | BL46: 4 | BM46: 861781995
D47: PP | F47: v počtu tisků dle SOD | AT47: PP | AU47: 1
D48: PSC | F48: Poznámka k souboru cen:_x000D_ Položka zahrnuje: - kompletní zeměměřičské práce a činnosti spojené se zaměřením a vyhotovením všech dokončených dílčích částí stavby, včetně po celkovém dokončení stavby zakrytých částí. Vyhotovení geodetické dokumentace skutečného provedení, svojí podrobností, obsahem, přesností, náležitostmi, formou prezentace musí být v souladu s požadavky, vycházející s aktuálně platné legislativy. Položka nezahrnuje: - x | AT48: PSC | AU48: 1
D49: VV | E49: A268 | F49: "KPL "1 | H49: 1 | AT49: VV | AU49: 1 | AV49: 2 | AW49: True | AX49: 0 | AY49: ROZPOCET
D50: VV | F50: "Celkové množství "1.000000 | H50: 1 | AT50: VV | AU50: 1 | AV50: 2 | AW50: True | AX50: 1 | AY50: ROZPOCET
C51: 7 | D51: K | E51: 02947R | F51: OSTATNÍ POŽADAVKY - KAMEROVÝ SYSTÉM | G51: KPL | H51: 1 | I51: 0 | J51: =ROUND(I51*H51,2) -> 0 | N51: základní | O51: 0 | P51: =O51*H51 -> 0 | Q51: 0 | R51: =Q51*H51 -> 0 | S51: 0 | T51: =S51*H51 -> 0 | AR51: 4 | AT51: K | AU51: 1 | AY51: ROZPOCET | BE51: =IF(N51="základní",J51,0) -> 0 | BF51: =IF(N51="snížená",J51,0) -> 0 | BG51: =IF(N51="zákl. přenesená",J51,0) -> 0 | BH51: =IF(N51="sníž. přenesená",J51,0) -> 0 | BI51: =IF(N51="nulová",J51,0) -> 0 | BJ51: 1 | BK51: =ROUND(I51*H51,2) -> 0 | BL51: 4 | BM51: 1609037417
D52: PP | F52: - dočasný kamerový systém, dohled nad staveništěm - umístění do jedné pozice po celou dobu rekonstrukce obou mostních pasů - podrobnosti viz zadávací podmínky | AT52: PP | AU52: 1
D53: VV | E53: A269 | F53: "KPL "1 | H53: 1 | AT53: VV | AU53: 1 | AV53: 2 | AW53: True | AX53: 0 | AY53: ROZPOCET
D54: VV | F54: "Celkové množství "1.000000 | H54: 1 | AT54: VV | AU54: 1 | AV54: 2 | AW54: True | AX54: 1 | AY54: ROZPOCET
C55: 8 | D55: K | E55: 02953 | F55: OSTATNÍ POŽADAVKY - HLAVNÍ MOSTNÍ PROHLÍDKA | G55: KUS | H55: 2 | I55: 0 | J55: =ROUND(I55*H55,2) -> 0 | K55: OTSKP 2025 | N55: základní | O55: 0 | P55: =O55*H55 -> 0 | Q55: 0 | R55: =Q55*H55 -> 0 | S55: 0 | T55: =S55*H55 -> 0 | AR55: 4 | AT55: K | AU55: 1 | AY55: ROZPOCET | BE55: =IF(N55="základní",J55,0) -> 0 | BF55: =IF(N55="snížená",J55,0) -> 0 | BG55: =IF(N55="zákl. přenesená",J55,0) -> 0 | BH55: =IF(N55="sníž. přenesená",J55,0) -> 0 | BI55: =IF(N55="nulová",J55,0) -> 0 | BJ55: 1 | BK55: =ROUND(I55*H55,2) -> 0 | BL55: 4 | BM55: -1780282901
D56: PP | F56: v počtu tisků dle SOD | AT56: PP | AU56: 1
D57: PSC | F57: Poznámka k souboru cen:_x000D_ Položka zahrnuje : - úkony dle ČSN 73 6221 - provedení hlavní mostní prohlídky oprávněnou fyzickou nebo právnickou osobou - vyhotovení záznamu (protokolu), který jednoznačně definuje stav mostu Položka nezahrnuje: - x | AT57: PSC | AU57: 1
D58: VV | E58: A270 | F58: "LM + PM "1+1 | H58: 2 | AT58: VV | AU58: 1 | AV58: 2 | AW58: True | AX58: 0 | AY58: ROZPOCET
D59: VV | F59: "Celkové množství "2.000000 | H59: 2 | AT59: VV | AU59: 1 | AV59: 2 | AW59: True | AX59: 1 | AY59: ROZPOCET
D60: D | E60: 1 | F60: Zemní práce | J60: =BK60 -> #REF! | P60: =SUM(#REF!) -> #REF! | R60: =SUM(#REF!) -> #REF! | T60: =SUM(#REF!) -> #REF! | AR60: 4 | AT60: D | AU60: 0 | AY60: ROZPOCET | BK60: =SUM(#REF!) -> #REF!
D61: D | E61: 2 | F61: Základy | J61: =BK61 -> 0 | P61: =SUM(P62:P105) -> 0 | R61: =SUM(R62:R105) -> 0 | T61: =SUM(T62:T105) -> 0 | AR61: 4 | AT61: D | AU61: 0 | AY61: ROZPOCET | BK61: =SUM(BK62:BK105) -> 0
C62: 19 | D62: K | E62: 21341 | F62: DRENÁŽNÍ VRSTVY Z PLASTBETONU (PLASTMALTY) | G62: M3 | H62: 0.668 | I62: 0 | J62: =ROUND(I62*H62,2) -> 0 | K62: OTSKP 2025 | N62: základní | O62: 0 | P62: =O62*H62 -> 0 | Q62: 0 | R62: =Q62*H62 -> 0 | S62: 0 | T62: =S62*H62 -> 0 | AR62: 4 | AT62: K | AU62: 1 | AY62: ROZPOCET | BE62: =IF(N62="základní",J62,0) -> 0 | BF62: =IF(N62="snížená",J62,0) -> 0 | BG62: =IF(N62="zákl. přenesená",J62,0) -> 0 | BH62: =IF(N62="sníž. přenesená",J62,0) -> 0 | BI62: =IF(N62="nulová",J62,0) -> 0 | BJ62: 1 | BK62: =ROUND(I62*H62,2) -> 0 | BL62: 4 | BM62: 816827218
D63: PP | F63: DRENÁŽNÍ VRSTVY Z PLASTBETONU (PLASTMALTY) | AT63: PP | AU63: 1
D64: PSC | F64: Poznámka k souboru cen:_x000D_ Položka zahrnuje: - dodávku předepsaného materiálu pro drenážní vrstvu, včetně mimostaveništní a vnitrostaveništní dopravy - provedení drenážní vrstvy předepsaných rozměrů a předepsaného tvaru Položka nezahrnuje: - x | AT64: PSC | AU64: 1
D65: VV | E65: A281 | F65: "drenažní proužek v úžlabí "0,15*0,04*21,4*4 | H65: 0.5136 | AT65: VV | AU65: 1 | AV65: 2 | AW65: True | AX65: 0 | AY65: ROZPOCET
D66: VV | E66: B100 | F66: "žebra v místě odv. trubiček "0,6*0,04*0,4*4*4 | H66: 0.1536 | AT66: VV | AU66: 1 | AV66: 2 | AW66: True | AX66: 0 | AY66: ROZPOCET
D67: VV | F67: "Celkové množství "0.668000 | H67: 0.668 | AT67: VV | AU67: 1 | AV67: 2 | AW67: True | AX67: 1 | AY67: ROZPOCET
C68: 20 | D68: K | E68: 22594 | F68: ZÁPOROVÉ PAŽENÍ Z KOVU TRVALÉ | G68: T | H68: 4 | I68: 0 | J68: =ROUND(I68*H68,2) -> 0 | K68: OTSKP 2025 | N68: základní | O68: 0 | P68: =O68*H68 -> 0 | Q68: 0 | R68: =Q68*H68 -> 0 | S68: 0 | T68: =S68*H68 -> 0 | AR68: 4 | AT68: K | AU68: 1 | AY68: ROZPOCET | BE68: =IF(N68="základní",J68,0) -> 0 | BF68: =IF(N68="snížená",J68,0) -> 0 | BG68: =IF(N68="zákl. přenesená",J68,0) -> 0 | BH68: =IF(N68="sníž. přenesená",J68,0) -> 0 | BI68: =IF(N68="nulová",J68,0) -> 0 | BJ68: 1 | BK68: =ROUND(I68*H68,2) -> 0 | BL68: 4 | BM68: 172320580
D69: PP | F69: záporové pažení tvořeno ocelovými profily např. HEB, IPE - včetně vrtů a zabetonování celého profilu pod úrovní výkopu - včetně případných pojistných převázek a zemních kotev - včetně úpaléní profilů v ponechávané délce - včetně poplatků za skládku | AT69: PP | AU69: 1
D70: PSC | F70: Poznámka k souboru cen:_x000D_ Položka zahrnuje: - dodávku ocelových zápor - jejich osazení do připravených vrtů včetně zabetonování konců a obsypu, případně jejich zaberanění Položka nezahrnuje: - vrty Způsob měření: - ocelová převázka se započítává do výsledné hmotnosti | AT70: PSC | AU70: 1
D71: VV | E71: A282 | F71: "O1 - přechodová oblast "2,0 | H71: 2 | AT71: VV | AU71: 1 | AV71: 2 | AW71: True | AX71: 0 | AY71: ROZPOCET
D72: VV | E72: B101 | F72: "O2 - přechodová oblast "2,0 | H72: 2 | AT72: VV | AU72: 1 | AV72: 2 | AW72: True | AX72: 0 | AY72: ROZPOCET
D73: VV | F73: "Celkové množství "4.000000 | H73: 4 | AT73: VV | AU73: 1 | AV73: 2 | AW73: True | AX73: 1 | AY73: ROZPOCET
C74: 21 | D74: K | E74: 22595A | F74: VÝDŘEVA ZÁPOROVÉHO PAŽENÍ TRVALÁ (PLOCHA) | G74: M2 | H74: 20 | I74: 0 | J74: =ROUND(I74*H74,2) -> 0 | K74: OTSKP 2025 | N74: základní | O74: 0 | P74: =O74*H74 -> 0 | Q74: 0 | R74: =Q74*H74 -> 0 | S74: 0 | T74: =S74*H74 -> 0 | AR74: 4 | AT74: K | AU74: 1 | AY74: ROZPOCET | BE74: =IF(N74="základní",J74,0) -> 0 | BF74: =IF(N74="snížená",J74,0) -> 0 | BG74: =IF(N74="zákl. přenesená",J74,0) -> 0 | BH74: =IF(N74="sníž. přenesená",J74,0) -> 0 | BI74: =IF(N74="nulová",J74,0) -> 0 | BJ74: 1 | BK74: =ROUND(I74*H74,2) -> 0 | BL74: 4 | BM74: -619669730
D75: PP | F75: VÝDŘEVA ZÁPOROVÉHO PAŽENÍ TRVALÁ (PLOCHA) | AT75: PP | AU75: 1
D76: PSC | F76: Poznámka k souboru cen:_x000D_ Položka zahrnuje: - dodávku a osazení pažin bez ohledu na druh Položka nezahrnuje: - x | AT76: PSC | AU76: 1
D77: VV | E77: A283 | F77: "O1 - přechodová oblast "10,0 | H77: 10 | AT77: VV | AU77: 1 | AV77: 2 | AW77: True | AX77: 0 | AY77: ROZPOCET
D78: VV | E78: B102 | F78: "O2 - přechodová oblast "10,0 | H78: 10 | AT78: VV | AU78: 1 | AV78: 2 | AW78: True | AX78: 0 | AY78: ROZPOCET
D79: VV | F79: "Celkové množství "20.000000 | H79: 20 | AT79: VV | AU79: 1 | AV79: 2 | AW79: True | AX79: 1 | AY79: ROZPOCET
C80: 22 | D80: K | E80: 26114 | F80: VRTY PRO KOTVENÍ, INJEKTÁŽ A MIKROPILOTY NA POVRCHU TŘ. I D DO 200MM | G80: M | H80: 44.4 | I80: 0 | J80: =ROUND(I80*H80,2) -> 0 | K80: OTSKP 2025 | N80: základní | O80: 0 | P80: =O80*H80 -> 0 | Q80: 0 | R80: =Q80*H80 -> 0 | S80: 0 | T80: =S80*H80 -> 0 | AR80: 4 | AT80: K | AU80: 1 | AY80: ROZPOCET | BE80: =IF(N80="základní",J80,0) -> 0 | BF80: =IF(N80="snížená",J80,0) -> 0 | BG80: =IF(N80="zákl. přenesená",J80,0) -> 0 | BH80: =IF(N80="sníž. přenesená",J80,0) -> 0 | BI80: =IF(N80="nulová",J80,0) -> 0 | BJ80: 1 | BK80: =ROUND(I80*H80,2) -> 0 | BL80: 4 | BM80: -485313426
D81: PP | F81: průměr vrtu 200 mm vrty pro trubkové trny fixace do NK vrty pro vyústění rubové drenáže opěr do křídel | AT81: PP | AU81: 1
D82: PSC | F82: Poznámka k souboru cen:_x000D_ Položka zahrnuje: - přemístění, montáž a demontáž vrtných souprav - svislou dopravu zeminy z vrtu - vodorovnou dopravu zeminy bez uložení na skládku - případně nutné pažení dočasné (včetně odpažení) i trvalé Položka nezahrnuje: - x | AT82: PSC | AU82: 1
D83: VV | E83: A285 | F83: "LM - fixace "1,0*10*2 | H83: 20 | AT83: VV | AU83: 1 | AV83: 2 | AW83: True | AX83: 0 | AY83: ROZPOCET
D84: VV | E84: B104 | F84: "PM - fixace "1,0*10*2 | H84: 20 | AT84: VV | AU84: 1 | AV84: 2 | AW84: True | AX84: 0 | AY84: ROZPOCET
D85: VV | E85: C77 | F85: "LM - drenaž "1,1*2 | H85: 2.2 | AT85: VV | AU85: 1 | AV85: 2 | AW85: True | AX85: 0 | AY85: ROZPOCET
D86: VV | E86: D31 | F86: "PM - drenáž "1,1*2 | H86: 2.2 | AT86: VV | AU86: 1 | AV86: 2 | AW86: True | AX86: 0 | AY86: ROZPOCET
D87: VV | F87: "Celkové množství "44.400000 | H87: 44.4 | AT87: VV | AU87: 1 | AV87: 2 | AW87: True | AX87: 1 | AY87: ROZPOCET
C88: 23 | D88: K | E88: 26114.1 | F88: VRTY PRO KOTVENÍ, INJEKTÁŽ A MIKROPILOTY NA POVRCHU TŘ. I D DO 200MM | G88: M | H88: 76 | I88: 0 | J88: =ROUND(I88*H88,2) -> 0 | K88: OTSKP 2025 | N88: základní | O88: 0 | P88: =O88*H88 -> 0 | Q88: 0 | R88: =Q88*H88 -> 0 | S88: 0 | T88: =S88*H88 -> 0 | AR88: 4 | AT88: K | AU88: 1 | AY88: ROZPOCET | BE88: =IF(N88="základní",J88,0) -> 0 | BF88: =IF(N88="snížená",J88,0) -> 0 | BG88: =IF(N88="zákl. přenesená",J88,0) -> 0 | BH88: =IF(N88="sníž. přenesená",J88,0) -> 0 | BI88: =IF(N88="nulová",J88,0) -> 0 | BJ88: 1 | BK88: =ROUND(I88*H88,2) -> 0 | BL88: 4 | BM88: -1058221513
D89: PP | F89: průměr vrtu 170 mm vrty pro trubkové trny fixace do NK a úložných prahů | AT89: PP | AU89: 1
D90: PSC | F90: Poznámka k souboru cen:_x000D_ Položka zahrnuje: - přemístění, montáž a demontáž vrtných souprav - svislou dopravu zeminy z vrtu - vodorovnou dopravu zeminy bez uložení na skládku - případně nutné pažení dočasné (včetně odpažení) i trvalé Položka nezahrnuje: - x | AT90: PSC | AU90: 1
D91: VV | E91: A284 | F91: "LM - fixace "1,9*10*2 | H91: 38 | AT91: VV | AU91: 1 | AV91: 2 | AW91: True | AX91: 0 | AY91: ROZPOCET
D92: VV | E92: B103 | F92: "PM - fixace "1,9*10*2 | H92: 38 | AT92: VV | AU92: 1 | AV92: 2 | AW92: True | AX92: 0 | AY92: ROZPOCET
D93: VV | F93: "Celkové množství "76.000000 | H93: 76 | AT93: VV | AU93: 1 | AV93: 2 | AW93: True | AX93: 1 | AY93: ROZPOCET
C94: 24 | D94: K | E94: 285393 | F94: DODATEČNÉ KOTVENÍ VLEPENÍM BETONÁŘSKÉ VÝZTUŽE D DO 20MM DO VRTŮ | G94: KUS | H94: 900 | I94: 0 | J94: =ROUND(I94*H94,2) -> 0 | K94: OTSKP 2025 | N94: základní | O94: 0 | P94: =O94*H94 -> 0 | Q94: 0 | R94: =Q94*H94 -> 0 | S94: 0 | T94: =S94*H94 -> 0 | AR94: 4 | AT94: K | AU94: 1 | AY94: ROZPOCET | BE94: =IF(N94="základní",J94,0) -> 0 | BF94: =IF(N94="snížená",J94,0) -> 0 | BG94: =IF(N94="zákl. přenesená",J94,0) -> 0 | BH94: =IF(N94="sníž. přenesená",J94,0) -> 0 | BI94: =IF(N94="nulová",J94,0) -> 0 | BJ94: 1 | BK94: =ROUND(I94*H94,2) -> 0 | BL94: 4 | BM94: 1105196142
D95: PP | F95: bude čerpáno dle skutečnosti po souhlasu TDS průměr vrtu a hloubka kotvení bude upřesněna SV v realizaci dle skutečnosti | AT95: PP | AU95: 1
D96: PSC | F96: Poznámka k souboru cen:_x000D_ Položka zahrnuje: - dodání výztuže předepsaného profilu a předepsané délky (do 600mm) - provedení vrtu předepsaného profilu a předepsané délky (do 300mm) - vsunutí výztuže do vyvrtaného profilu a její zalepení předepsaným pojivem - případně nutné lešení Položka nezahrnuje: - x | AT96: PSC | AU96: 1
D97: VV | E97: A286 | F97: "LM - O1 - závěrná zídka "193 | H97: 193 | AT97: VV | AU97: 1 | AV97: 2 | AW97: True | AX97: 0 | AY97: ROZPOCET
D98: VV | E98: B105 | F98: "LM - O1 - bok "32 | H98: 32 | AT98: VV | AU98: 1 | AV98: 2 | AW98: True | AX98: 0 | AY98: ROZPOCET
D99: VV | E99: C78 | F99: "LM - O2 - závěrná zídka "193 | H99: 193 | AT99: VV | AU99: 1 | AV99: 2 | AW99: True | AX99: 0 | AY99: ROZPOCET
D100: VV | E100: D32 | F100: "LM - O2 - bok "32 | H100: 32 | AT100: VV | AU100: 1 | AV100: 2 | AW100: True | AX100: 0 | AY100: ROZPOCET
D101: VV | E101: E25 | F101: "PM - O1 - závěrná zídka "193 | H101: 193 | AT101: VV | AU101: 1 | AV101: 2 | AW101: True | AX101: 0 | AY101: ROZPOCET
D102: VV | E102: F25 | F102: "PM - O1 - bok "32 | H102: 32 | AT102: VV | AU102: 1 | AV102: 2 | AW102: True | AX102: 0 | AY102: ROZPOCET
D103: VV | E103: G25 | F103: "PM - O2 - závěrná zídka "193 | H103: 193 | AT103: VV | AU103: 1 | AV103: 2 | AW103: True | AX103: 0 | AY103: ROZPOCET
D104: VV | E104: H24 | F104: "PM - O1 - bok "32 | H104: 32 | AT104: VV | AU104: 1 | AV104: 2 | AW104: True | AX104: 0 | AY104: ROZPOCET
D105: VV | F105: "Celkové množství "900.000000 | H105: 900 | AT105: VV | AU105: 1 | AV105: 2 | AW105: True | AX105: 1 | AY105: ROZPOCET
D106: D | E106: 3 | F106: Svislé konstrukce | J106: =BK106 -> 0 | P106: =SUM(P107:P148) -> 0 | R106: =SUM(R107:R148) -> 0 | T106: =SUM(T107:T148) -> 0 | AR106: 4 | AT106: D | AU106: 0 | AY106: ROZPOCET | BK106: =SUM(BK107:BK148) -> 0
C107: 26 | D107: K | E107: 317125 | F107: ŘÍMSY Z DÍLCŮ ŽELEZOBETONOVÝCH DO C30/37 | G107: M3 | H107: 6.498 | I107: 0 | J107: =ROUND(I107*H107,2) -> 0 | K107: OTSKP 2025 | N107: základní | O107: 0 | P107: =O107*H107 -> 0 | Q107: 0 | R107: =Q107*H107 -> 0 | S107: 0 | T107: =S107*H107 -> 0 | AR107: 4 | AT107: K | AU107: 1 | AY107: ROZPOCET | BE107: =IF(N107="základní",J107,0) -> 0 | BF107: =IF(N107="snížená",J107,0) -> 0 | BG107: =IF(N107="zákl. přenesená",J107,0) -> 0 | BH107: =IF(N107="sníž. přenesená",J107,0) -> 0 | BI107: =IF(N107="nulová",J107,0) -> 0 | BJ107: 1 | BK107: =ROUND(I107*H107,2) -> 0 | BL107: 4 | BM107: 2061018218
...

Sheet 441 - Přeložka a ochrana ...
L2: >> skryté sloupce << | AT2: {714a2bd5-f1ca-44ad-8658-2384fadf25ce}
AT3: -1
D4: KRYCÍ LIST SOUPISU PRACÍ | M4: v --- níže se nacházejí doplnkové a pomocné údaje k sestavám --- v | AT4: False
D6: Stavba:
E7: ='Rekapitulace stavby'!K6 -> I/26 Kyšice - Plzeň, Hřbitovní
D8: Objekt:
E9: 441 - Přeložka a ochrana vedení VO
D11: KSO: | I11: CC-CZ:
D12: Místo: | I12: Datum: | J12: ='Rekapitulace stavby'!AN8 -> 20. 1. 2026
D14: Zadavatel: | I14: IČ: | J14: 65993390
E15: Ředitelství silnic a dálnic s.p. | I15: DIČ: | J15: CZ65993390
D17: Zhotovitel: | I17: IČ: | J17: ='Rekapitulace stavby'!AN13
E18: ='Rekapitulace stavby'!E14 | I18: DIČ: | J18: ='Rekapitulace stavby'!AN14
D20: Projektant: | I20: IČ: | J20: 29159342
E21: Woring s.r.o. | I21: DIČ: | J21: CZ29159342
D23: Zpracovatel: | I23: IČ: | J23: =IF('Rekapitulace stavby'!AN19="","",'Rekapitulace stavby'!AN19)
E24: =IF('Rekapitulace stavby'!E20="","",'Rekapitulace stavby'!E20) -> Pavel Vachtl | I24: DIČ: | J24: =IF('Rekapitulace stavby'!AN20="","",'Rekapitulace stavby'!AN20)
D26: Poznámka:
D30: Cena bez DPH | J30: =ROUND(J117, 2) -> 0
F32: Základ daně | I32: Sazba daně | J32: Výše daně
D33: DPH | E33: základní | F33: =ROUND((SUM(BE117:BE121)), 2) -> 0 | I33: 0.21 | J33: =ROUND(((SUM(BE117:BE121))*I33), 2) -> 0
E34: snížená | F34: =ROUND((SUM(BF117:BF121)), 2) -> 0 | I34: 0.15 | J34: =ROUND(((SUM(BF117:BF121))*I34), 2) -> 0
E35: zákl. přenesená | F35: =ROUND((SUM(BG117:BG121)), 2) -> 0 | I35: 0.21 | J35: =0 -> 0
E36: sníž. přenesená | F36: =ROUND((SUM(BH117:BH121)), 2) -> 0 | I36: 0.15 | J36: =0 -> 0
E37: nulová | F37: =ROUND((SUM(BI117:BI121)), 2) -> 0 | I37: 0 | J37: =0 -> 0
D39: Cena s DPH | G39: v | H39: CZK | J39: =SUM(J30:J37) -> 0
D50: Projektant | G50: Zpracovatel
D61: Datum a podpis: | F61: Razítko | G61: Datum a podpis: | J61: Razítko
D65: Objednavatel | G65: Zhotovitel
D76: Datum a podpis: | F76: Razítko | G76: Datum a podpis: | J76: Razítko
C82: REKAPITULACE ČLENĚNÍ SOUPISU PRACÍ
C84: Stavba:
E85: =E7 -> I/26 Kyšice - Plzeň, Hřbitovní
C86: Objekt:
E87: =E9 -> 441 - Přeložka a ochrana vedení VO
C89: Místo: | F89: =F12 | I89: Datum: | J89: =IF(J12="","",J12) -> 20. 1. 2026
C91: Zadavatel: | F91: =E15 -> Ředitelství silnic a dálnic s.p. | I91: Projektant: | J91: =E21 -> Woring s.r.o.
C92: Zhotovitel: | F92: =IF(E18="","",E18) | I92: Zpracovatel: | J92: =E24 -> Pavel Vachtl
C94: Kód dílu - Popis | J94: Cena celkem [CZK]
C96: Náklady ze soupisu prací | J96: =J117 -> 0 | AU96: -1
D97: 0 - Všeobecné konstrukce a práce | J97: =J118 -> 0
C104: SOUPIS PRACÍ
C106: Stavba:
E107: =E7 -> I/26 Kyšice - Plzeň, Hřbitovní
C108: Objekt:
E109: =E9 -> 441 - Přeložka a ochrana vedení VO
C111: Místo: | F111: =F12 | I111: Datum: | J111: =IF(J12="","",J12) -> 20. 1. 2026
C113: Zadavatel: | F113: =E15 -> Ředitelství silnic a dálnic s.p. | I113: Projektant: | J113: =E21 -> Woring s.r.o.
C114: Zhotovitel: | F114: =IF(E18="","",E18) | I114: Zpracovatel: | J114: =E24 -> Pavel Vachtl
C116: PČ | D116: Typ | E116: Kód | F116: Popis | G116: MJ | H116: Množství | I116: J.cena [CZK] | J116: Cena celkem [CZK] | K116: Cenová soustava | N116: DPH | O116: J. Nh [h] | P116: Nh celkem [h] | Q116: J. hmotnost [t] | R116: Hmotnost celkem [t] | S116: J. suť [t] | T116: Suť Celkem [t]
C117: Náklady soupisu celkem | J117: =BK117 -> 0 | P117: =P118 -> 0 | R117: =R118 -> 0 | T117: =T118 -> 0 | AT117: D | AU117: -1 | BK117: =BK118 -> 0
D118: D | E118: 0 | F118: Všeobecné konstrukce a práce | J118: =BK118 -> 0 | P118: =SUM(P119:P121) -> 0 | R118: =SUM(R119:R121) -> 0 | T118: =SUM(T119:T121) -> 0 | AR118: 4 | AT118: D | AU118: 0 | AY118: ROZPOCET | BK118: =SUM(BK119:BK121) -> 0
C119: 1 | D119: K | E119: 02730R | F119: POMOC PRÁCE ZŘÍZ NEBO ZAJIŠŤ OCHRANU INŽENÝRSKÝCH SÍTÍ | G119: KPL | H119: 1 | I119: 0 | J119: =ROUND(I119*H119,2) -> 0 | K119: OTSKP 2025 | N119: základní | O119: 0 | P119: =O119*H119 -> 0 | Q119: 0 | R119: =Q119*H119 -> 0 | S119: 0 | T119: =S119*H119 -> 0 | AR119: 4 | AT119: K | AU119: 1 | AY119: ROZPOCET | BE119: =IF(N119="základní",J119,0) -> 0 | BF119: =IF(N119="snížená",J119,0) -> 0 | BG119: =IF(N119="zákl. přenesená",J119,0) -> 0 | BH119: =IF(N119="sníž. přenesená",J119,0) -> 0 | BI119: =IF(N119="nulová",J119,0) -> 0 | BJ119: 1 | BK119: =ROUND(I119*H119,2) -> 0 | BL119: 4 | BM119: -1513288445
D120: PP | F120: - kompletní provedení provizorní přeložky vedení VO a poté jeho uložení v definitivní poloze - podrobný položkový soupis prací URS viz příloha PD SO 441 | AT120: PP | AU120: 1
D121: PSC | F121: Poznámka k souboru cen:_x000D_ Položka zahrnuje: - veškeré náklady spojené s ochranou inženýrských sítí Položka nezahrnuje: - x | AT121: PSC | AU121: 1
