Workbook
Name vorn_sum: VORN!$I$37

Sheet Stavební rozpočet
A1: Stavební rozpočet | AS1: =SUM(AJ1:AJ2) -> 0 | AT1: =SUM(AK1:AK2) -> 0 | AU1: =SUM(AL1:AL2) -> 0
A2: Název stavby: | D2: Areál společnosti FORESTINA s.r.o. – Horažďovice, Blatenská 587 | F2: Doba výstavby: | I2: Objednatel:
A4: Druh stavby: | D4: Zdravotně technické instalace | F4: Začátek výstavby: | I4: Projektant: | K4: Ing. Michal Albrecht
A6: Lokalita: | D6: !!!! Pracovní verze !!!! | F6: Konec výstavby: | I6: Zhotovitel:
A8: JKSO: | F8: Zpracováno dne: | H8: 11.06.2025 | I8: Zpracoval: | K8: Ing. Michal Albrecht
A10: Č | B10: Objekt | C10: Kód | D10: Zkrácený popis / Varianta | F10: MJ | G10: Množství | H10: Cena/MJ | I10: Sazba DPH | J10: Náklady (Kč) | M10: Náklady (Kč) | N10: Hmotnost (t) | P10: Cenová | BK10: ISWORK | BL10: GROUPCODE | BW10: VATTAX
D11: Rozměry | H11: (Kč) | J11: Dodávka | K11: Montáž | L11: Celkem | M11: Celkem vč. DPH | N11: Jednot. | O11: Celkem | P11: soustava | Z11: Přesuny | AA11: Typ skupiny | AB11: HSV mat | AC11: HSV prac | AD11: PSV mat | AE11: PSV prac | AF11: Mont mat | AG11: Mont prac | AH11: Ostatní mat. | BH11: MAT | BI11: WORK | BJ11: CELK
C12: 713 | D12: Izolace tepelné | J12: =SUM(J13:J19) -> 0 | K12: =SUM(K13:K19) -> 0 | L12: =SUM(L13:L19) -> 0 | M12: =SUM(M13:M19) -> 0 | O12: =SUM(O13:O19) -> 0.1191 | AS12: =SUM(AJ13:AJ19) -> 0 | AT12: =SUM(AK13:AK19) -> 0 | AU12: =SUM(AL13:AL19) -> 0
A13: 1 | C13: 230330091R00 | D13: Izolace potrubí D do 76 mm | F13: m | G13: 605 | J13: =ROUND(G13*AO13,2) -> 0 | K13: =ROUND(G13*AP13,2) -> 0 | L13: =ROUND(G13*H13,2) -> 0 | M13: =L13*(1+BW13/100) -> 0 | N13: 0 | O13: =G13*N13 -> 0 | P13: RTS I / 2022 | Z13: =ROUND(IF(AQ13="5",BJ13,0),2) -> 0 | AB13: =ROUND(IF(AQ13="1",BH13,0),2) -> 0 | AC13: =ROUND(IF(AQ13="1",BI13,0),2) -> 0 | AD13: =ROUND(IF(AQ13="7",BH13,0),2) -> 0 | AE13: =ROUND(IF(AQ13="7",BI13,0),2) -> 0 | AF13: =ROUND(IF(AQ13="2",BH13,0),2) -> 0 | AG13: =ROUND(IF(AQ13="2",BI13,0),2) -> 0 | AH13: =ROUND(IF(AQ13="0",BJ13,0),2) -> 0 | AJ13: =IF(AN13=0,L13,0) -> 0 | AK13: =IF(AN13=12,L13,0) -> 0 | AL13: =IF(AN13=21,L13,0) -> 0 | AN13: 12 | AO13: =H13*0 -> 0 | AP13: =H13*(1-0) -> 0 | AQ13: 2 | AV13: =ROUND(AW13+AX13,2) -> 0 | AW13: =ROUND(G13*AO13,2) -> 0 | AX13: =ROUND(G13*AP13,2) -> 0 | AY13: 713_ | AZ13: 71_ | BA13: _ | BC13: =AW13+AX13 -> 0 | BD13: =H13/(100-BE13)*100 -> 0 | BE13: 0 | BF13: =O13 -> 0 | BH13: =G13*AO13 -> 0 | BI13: =G13*AP13 -> 0 | BJ13: =G13*H13 -> 0 | BK13: P | BL13: 713 | BW13: =I13 -> 0 | BX13: Izolace potrubí D do 76 mm
A14: 2 | C14: 631547013 | D14: Pouzdro potrubní izolační ROCKWOOL 800 22/20 mm | F14: m | G14: 0 | J14: =ROUND(G14*AO14,2) -> 0 | K14: =ROUND(G14*AP14,2) -> 0 | L14: =ROUND(G14*H14,2) -> 0 | M14: =L14*(1+BW14/100) -> 0 | N14: 7e-05 | O14: =G14*N14 -> 0 | P14: RTS I / 2025 | Z14: =ROUND(IF(AQ14="5",BJ14,0),2) -> 0 | AB14: =ROUND(IF(AQ14="1",BH14,0),2) -> 0 | AC14: =ROUND(IF(AQ14="1",BI14,0),2) -> 0 | AD14: =ROUND(IF(AQ14="7",BH14,0),2) -> 0 | AE14: =ROUND(IF(AQ14="7",BI14,0),2) -> 0 | AF14: =ROUND(IF(AQ14="2",BH14,0),2) -> 0 | AG14: =ROUND(IF(AQ14="2",BI14,0),2) -> 0 | AH14: =ROUND(IF(AQ14="0",BJ14,0),2) -> 0 | AJ14: =IF(AN14=0,L14,0) -> 0 | AK14: =IF(AN14=12,L14,0) -> 0 | AL14: =IF(AN14=21,L14,0) -> 0 | AN14: 12 | AO14: =H14*1 -> 0 | AP14: =H14*(1-1) -> 0 | AQ14: 7 | AV14: =ROUND(AW14+AX14,2) -> 0 | AW14: =ROUND(G14*AO14,2) -> 0 | AX14: =ROUND(G14*AP14,2) -> 0 | AY14: 713_ | AZ14: 71_ | BA14: _ | BC14: =AW14+AX14 -> 0 | BD14: =H14/(100-BE14)*100 -> 0 | BE14: 0 | BF14: =O14 -> 0 | BH14: =G14*AO14 -> 0 | BI14: =G14*AP14 -> 0 | BJ14: =G14*H14 -> 0 | BK14: M | BL14: 713 | BW14: =I14 -> 0 | BX14: Pouzdro potrubní izolační ROCKWOOL 800 22/20 mm
A15: 3 | C15: 631547114 | D15: Pouzdro potrubní izolační ROCKWOOL 800 28/30 mm | F15: m | G15: 0 | J15: =ROUND(G15*AO15,2) -> 0 | K15: =ROUND(G15*AP15,2) -> 0 | L15: =ROUND(G15*H15,2) -> 0 | M15: =L15*(1+BW15/100) -> 0 | N15: 0.00031 | O15: =G15*N15 -> 0 | P15: RTS I / 2025 | Z15: =ROUND(IF(AQ15="5",BJ15,0),2) -> 0 | AB15: =ROUND(IF(AQ15="1",BH15,0),2) -> 0 | AC15: =ROUND(IF(AQ15="1",BI15,0),2) -> 0 | AD15: =ROUND(IF(AQ15="7",BH15,0),2) -> 0 | AE15: =ROUND(IF(AQ15="7",BI15,0),2) -> 0 | AF15: =ROUND(IF(AQ15="2",BH15,0),2) -> 0 | AG15: =ROUND(IF(AQ15="2",BI15,0),2) -> 0 | AH15: =ROUND(IF(AQ15="0",BJ15,0),2) -> 0 | AJ15: =IF(AN15=0,L15,0) -> 0 | AK15: =IF(AN15=12,L15,0) -> 0 | AL15: =IF(AN15=21,L15,0) -> 0 | AN15: 12 | AO15: =H15*1 -> 0 | AP15: =H15*(1-1) -> 0 | AQ15: 7 | AV15: =ROUND(AW15+AX15,2) -> 0 | AW15: =ROUND(G15*AO15,2) -> 0 | AX15: =ROUND(G15*AP15,2) -> 0 | AY15: 713_ | AZ15: 71_ | BA15: _ | BC15: =AW15+AX15 -> 0 | BD15: =H15/(100-BE15)*100 -> 0 | BE15: 0 | BF15: =O15 -> 0 | BH15: =G15*AO15 -> 0 | BI15: =G15*AP15 -> 0 | BJ15: =G15*H15 -> 0 | BK15: M | BL15: 713 | BW15: =I15 -> 0 | BX15: Pouzdro potrubní izolační ROCKWOOL 800 28/30 mm
A16: 4 | C16: 631547115 | D16: Pouzdro potrubní izolační ROCKWOOL 800 35/30 mm | F16: m | G16: 0 | J16: =ROUND(G16*AO16,2) -> 0 | K16: =ROUND(G16*AP16,2) -> 0 | L16: =ROUND(G16*H16,2) -> 0 | M16: =L16*(1+BW16/100) -> 0 | N16: 0.00034 | O16: =G16*N16 -> 0 | P16: RTS I / 2025 | Z16: =ROUND(IF(AQ16="5",BJ16,0),2) -> 0 | AB16: =ROUND(IF(AQ16="1",BH16,0),2) -> 0 | AC16: =ROUND(IF(AQ16="1",BI16,0),2) -> 0 | AD16: =ROUND(IF(AQ16="7",BH16,0),2) -> 0 | AE16: =ROUND(IF(AQ16="7",BI16,0),2) -> 0 | AF16: =ROUND(IF(AQ16="2",BH16,0),2) -> 0 | AG16: =ROUND(IF(AQ16="2",BI16,0),2) -> 0 | AH16: =ROUND(IF(AQ16="0",BJ16,0),2) -> 0 | AJ16: =IF(AN16=0,L16,0) -> 0 | AK16: =IF(AN16=12,L16,0) -> 0 | AL16: =IF(AN16=21,L16,0) -> 0 | AN16: 12 | AO16: =H16*1 -> 0 | AP16: =H16*(1-1) -> 0 | AQ16: 7 | AV16: =ROUND(AW16+AX16,2) -> 0 | AW16: =ROUND(G16*AO16,2) -> 0 | AX16: =ROUND(G16*AP16,2) -> 0 | AY16: 713_ | AZ16: 71_ | BA16: _ | BC16: =AW16+AX16 -> 0 | BD16: =H16/(100-BE16)*100 -> 0 | BE16: 0 | BF16: =O16 -> 0 | BH16: =G16*AO16 -> 0 | BI16: =G16*AP16 -> 0 | BJ16: =G16*H16 -> 0 | BK16: M | BL16: 713 | BW16: =I16 -> 0 | BX16: Pouzdro potrubní izolační ROCKWOOL 800 35/30 mm
A17: 5 | C17: 631547116 | D17: Pouzdro potrubní izolační ROCKWOOL 800 42/30 mm | F17: m | G17: 85 | J17: =ROUND(G17*AO17,2) -> 0 | K17: =ROUND(G17*AP17,2) -> 0 | L17: =ROUND(G17*H17,2) -> 0 | M17: =L17*(1+BW17/100) -> 0 | N17: 0.00039 | O17: =G17*N17 -> 0.03315 | P17: RTS I / 2025 | Z17: =ROUND(IF(AQ17="5",BJ17,0),2) -> 0 | AB17: =ROUND(IF(AQ17="1",BH17,0),2) -> 0 | AC17: =ROUND(IF(AQ17="1",BI17,0),2) -> 0 | AD17: =ROUND(IF(AQ17="7",BH17,0),2) -> 0 | AE17: =ROUND(IF(AQ17="7",BI17,0),2) -> 0 | AF17: =ROUND(IF(AQ17="2",BH17,0),2) -> 0 | AG17: =ROUND(IF(AQ17="2",BI17,0),2) -> 0 | AH17: =ROUND(IF(AQ17="0",BJ17,0),2) -> 0 | AJ17: =IF(AN17=0,L17,0) -> 0 | AK17: =IF(AN17=12,L17,0) -> 0 | AL17: =IF(AN17=21,L17,0) -> 0 | AN17: 12 | AO17: =H17*1 -> 0 | AP17: =H17*(1-1) -> 0 | AQ17: 7 | AV17: =ROUND(AW17+AX17,2) -> 0 | AW17: =ROUND(G17*AO17,2) -> 0 | AX17: =ROUND(G17*AP17,2) -> 0 | AY17: 713_ | AZ17: 71_ | BA17: _ | BC17: =AW17+AX17 -> 0 | BD17: =H17/(100-BE17)*100 -> 0 | BE17: 0 | BF17: =O17 -> 0.03315 | BH17: =G17*AO17 -> 0 | BI17: =G17*AP17 -> 0 | BJ17: =G17*H17 -> 0 | BK17: M | BL17: 713 | BW17: =I17 -> 0 | BX17: Pouzdro potrubní izolační ROCKWOOL 800 42/30 mm
A18: 6 | C18: 631547118 | D18: Pouzdro potrubní izolační ROCKWOOL 800 54/30 mm | F18: m | G18: 90 | J18: =ROUND(G18*AO18,2) -> 0 | K18: =ROUND(G18*AP18,2) -> 0 | L18: =ROUND(G18*H18,2) -> 0 | M18: =L18*(1+BW18/100) -> 0 | N18: 0.00047 | O18: =G18*N18 -> 0.0423 | P18: RTS I / 2025 | Z18: =ROUND(IF(AQ18="5",BJ18,0),2) -> 0 | AB18: =ROUND(IF(AQ18="1",BH18,0),2) -> 0 | AC18: =ROUND(IF(AQ18="1",BI18,0),2) -> 0 | AD18: =ROUND(IF(AQ18="7",BH18,0),2) -> 0 | AE18: =ROUND(IF(AQ18="7",BI18,0),2) -> 0 | AF18: =ROUND(IF(AQ18="2",BH18,0),2) -> 0 | AG18: =ROUND(IF(AQ18="2",BI18,0),2) -> 0 | AH18: =ROUND(IF(AQ18="0",BJ18,0),2) -> 0 | AJ18: =IF(AN18=0,L18,0) -> 0 | AK18: =IF(AN18=12,L18,0) -> 0 | AL18: =IF(AN18=21,L18,0) -> 0 | AN18: 12 | AO18: =H18*1 -> 0 | AP18: =H18*(1-1) -> 0 | AQ18: 7 | AV18: =ROUND(AW18+AX18,2) -> 0 | AW18: =ROUND(G18*AO18,2) -> 0 | AX18: =ROUND(G18*AP18,2) -> 0 | AY18: 713_ | AZ18: 71_ | BA18: _ | BC18: =AW18+AX18 -> 0 | BD18: =H18/(100-BE18)*100 -> 0 | BE18: 0 | BF18: =O18 -> 0.0423 | BH18: =G18*AO18 -> 0 | BI18: =G18*AP18 -> 0 | BJ18: =G18*H18 -> 0 | BK18: M | BL18: 713 | BW18: =I18 -> 0 | BX18: Pouzdro potrubní izolační ROCKWOOL 800 54/30 mm
A19: 7 | C19: 631547220 | D19: Pouzdro potrubní izolační ROCKWOOL 800 64/40 mm | F19: m | G19: 45 | J19: =ROUND(G19*AO19,2) -> 0 | K19: =ROUND(G19*AP19,2) -> 0 | L19: =ROUND(G19*H19,2) -> 0 | M19: =L19*(1+BW19/100) -> 0 | N19: 0.00097 | O19: =G19*N19 -> 0.04365 | P19: RTS I / 2025 | Z19: =ROUND(IF(AQ19="5",BJ19,0),2) -> 0 | AB19: =ROUND(IF(AQ19="1",BH19,0),2) -> 0 | AC19: =ROUND(IF(AQ19="1",BI19,0),2) -> 0 | AD19: =ROUND(IF(AQ19="7",BH19,0),2) -> 0 | AE19: =ROUND(IF(AQ19="7",BI19,0),2) -> 0 | AF19: =ROUND(IF(AQ19="2",BH19,0),2) -> 0 | AG19: =ROUND(IF(AQ19="2",BI19,0),2) -> 0 | AH19: =ROUND(IF(AQ19="0",BJ19,0),2) -> 0 | AJ19: =IF(AN19=0,L19,0) -> 0 | AK19: =IF(AN19=12,L19,0) -> 0 | AL19: =IF(AN19=21,L19,0) -> 0 | AN19: 12 | AO19: =H19*1 -> 0 | AP19: =H19*(1-1) -> 0 | AQ19: 7 | AV19: =ROUND(AW19+AX19,2) -> 0 | AW19: =ROUND(G19*AO19,2) -> 0 | AX19: =ROUND(G19*AP19,2) -> 0 | AY19: 713_ | AZ19: 71_ | BA19: _ | BC19: =AW19+AX19 -> 0 | BD19: =H19/(100-BE19)*100 -> 0 | BE19: 0 | BF19: =O19 -> 0.04365 | BH19: =G19*AO19 -> 0 | BI19: =G19*AP19 -> 0 | BJ19: =G19*H19 -> 0 | BK19: M | BL19: 713 | BW19: =I19 -> 0 | BX19: Pouzdro potrubní izolační ROCKWOOL 800 64/40 mm
C20: 721 | D20: Vnitřní kanalizace | J20: =SUM(J21:J51) -> 0 | K20: =SUM(K21:K51) -> 0 | L20: =SUM(L21:L51) -> 0 | M20: =SUM(M21:M51) -> 0 | O20: =SUM(O21:O51) -> 4.58462 | AS20: =SUM(AJ21:AJ51) -> 0 | AT20: =SUM(AK21:AK51) -> 0 | AU20: =SUM(AL21:AL51) -> 0
A21: 8 | C21: 721176101R00 | D21: Potrubí HT připojovací, D 32 x 1,8 mm | F21: m | G21: 75 | J21: =ROUND(G21*AO21,2) -> 0 | K21: =ROUND(G21*AP21,2) -> 0 | L21: =ROUND(G21*H21,2) -> 0 | M21: =L21*(1+BW21/100) -> 0 | N21: 0.00034 | O21: =G21*N21 -> 0.0255 | P21: RTS I / 2025 | Z21: =ROUND(IF(AQ21="5",BJ21,0),2) -> 0 | AB21: =ROUND(IF(AQ21="1",BH21,0),2) -> 0 | AC21: =ROUND(IF(AQ21="1",BI21,0),2) -> 0 | AD21: =ROUND(IF(AQ21="7",BH21,0),2) -> 0 | AE21: =ROUND(IF(AQ21="7",BI21,0),2) -> 0 | AF21: =ROUND(IF(AQ21="2",BH21,0),2) -> 0 | AG21: =ROUND(IF(AQ21="2",BI21,0),2) -> 0 | AH21: =ROUND(IF(AQ21="0",BJ21,0),2) -> 0 | AJ21: =IF(AN21=0,L21,0) -> 0 | AK21: =IF(AN21=12,L21,0) -> 0 | AL21: =IF(AN21=21,L21,0) -> 0 | AN21: 12 | AO21: =H21*0.306450617 -> 0 | AP21: =H21*(1-0.306450617) -> 0 | AQ21: 7 | AV21: =ROUND(AW21+AX21,2) -> 0 | AW21: =ROUND(G21*AO21,2) -> 0 | AX21: =ROUND(G21*AP21,2) -> 0 | AY21: 721_ | AZ21: 72_ | BA21: _ | BC21: =AW21+AX21 -> 0 | BD21: =H21/(100-BE21)*100 -> 0 | BE21: 0 | BF21: =O21 -> 0.0255 | BH21: =G21*AO21 -> 0 | BI21: =G21*AP21 -> 0 | BJ21: =G21*H21 -> 0 | BK21: P | BL21: 721 | BW21: =I21 -> 0 | BX21: Potrubí HT připojovací, D 32 x 1,8 mm
A22: 9 | C22: 721176102R00 | D22: Potrubí HT připojovací D 40 x 1,8 mm | F22: m | G22: 40 | J22: =ROUND(G22*AO22,2) -> 0 | K22: =ROUND(G22*AP22,2) -> 0 | L22: =ROUND(G22*H22,2) -> 0 | M22: =L22*(1+BW22/100) -> 0 | N22: 0.00038 | O22: =G22*N22 -> 0.0152 | P22: RTS I / 2025 | Z22: =ROUND(IF(AQ22="5",BJ22,0),2) -> 0 | AB22: =ROUND(IF(AQ22="1",BH22,0),2) -> 0 | AC22: =ROUND(IF(AQ22="1",BI22,0),2) -> 0 | AD22: =ROUND(IF(AQ22="7",BH22,0),2) -> 0 | AE22: =ROUND(IF(AQ22="7",BI22,0),2) -> 0 | AF22: =ROUND(IF(AQ22="2",BH22,0),2) -> 0 | AG22: =ROUND(IF(AQ22="2",BI22,0),2) -> 0 | AH22: =ROUND(IF(AQ22="0",BJ22,0),2) -> 0 | AJ22: =IF(AN22=0,L22,0) -> 0 | AK22: =IF(AN22=12,L22,0) -> 0 | AL22: =IF(AN22=21,L22,0) -> 0 | AN22: 12 | AO22: =H22*0.259176594 -> 0 | AP22: =H22*(1-0.259176594) -> 0 | AQ22: 7 | AV22: =ROUND(AW22+AX22,2) -> 0 | AW22: =ROUND(G22*AO22,2) -> 0 | AX22: =ROUND(G22*AP22,2) -> 0 | AY22: 721_ | AZ22: 72_ | BA22: _ | BC22: =AW22+AX22 -> 0 | BD22: =H22/(100-BE22)*100 -> 0 | BE22: 0 | BF22: =O22 -> 0.0152 | BH22: =G22*AO22 -> 0 | BI22: =G22*AP22 -> 0 | BJ22: =G22*H22 -> 0 | BK22: P | BL22: 721 | BW22: =I22 -> 0 | BX22: Potrubí HT připojovací D 40 x 1,8 mm
A23: 10 | C23: 721176103R00 | D23: Potrubí HT připojovací D 50 x 1,8 mm | F23: m | G23: 40 | J23: =ROUND(G23*AO23,2) -> 0 | K23: =ROUND(G23*AP23,2) -> 0 | L23: =ROUND(G23*H23,2) -> 0 | M23: =L23*(1+BW23/100) -> 0 | N23: 0.00047 | O23: =G23*N23 -> 0.0188 | P23: RTS I / 2025 | Z23: =ROUND(IF(AQ23="5",BJ23,0),2) -> 0 | AB23: =ROUND(IF(AQ23="1",BH23,0),2) -> 0 | AC23: =ROUND(IF(AQ23="1",BI23,0),2) -> 0 | AD23: =ROUND(IF(AQ23="7",BH23,0),2) -> 0 | AE23: =ROUND(IF(AQ23="7",BI23,0),2) -> 0 | AF23: =ROUND(IF(AQ23="2",BH23,0),2) -> 0 | AG23: =ROUND(IF(AQ23="2",BI23,0),2) -> 0 | AH23: =ROUND(IF(AQ23="0",BJ23,0),2) -> 0 | AJ23: =IF(AN23=0,L23,0) -> 0 | AK23: =IF(AN23=12,L23,0) -> 0 | AL23: =IF(AN23=21,L23,0) -> 0 | AN23: 12 | AO23: =H23*0.268268346 -> 0 | AP23: =H23*(1-0.268268346) -> 0 | AQ23: 7 | AV23: =ROUND(AW23+AX23,2) -> 0 | AW23: =ROUND(G23*AO23,2) -> 0 | AX23: =ROUND(G23*AP23,2) -> 0 | AY23: 721_ | AZ23: 72_ | BA23: _ | BC23: =AW23+AX23 -> 0 | BD23: =H23/(100-BE23)*100 -> 0 | BE23: 0 | BF23: =O23 -> 0.0188 | BH23: =G23*AO23 -> 0 | BI23: =G23*AP23 -> 0 | BJ23: =G23*H23 -> 0 | BK23: P | BL23: 721 | BW23: =I23 -> 0 | BX23: Potrubí HT připojovací D 50 x 1,8 mm
A24: 11 | C24: 721176105R00 | D24: Potrubí HT připojovací D 110 x 2,7 mm | F24: m | G24: 45 | J24: =ROUND(G24*AO24,2) -> 0 | K24: =ROUND(G24*AP24,2) -> 0 | L24: =ROUND(G24*H24,2) -> 0 | M24: =L24*(1+BW24/100) -> 0 | N24: 0.00152 | O24: =G24*N24 -> 0.0684 | P24: RTS I / 2025 | Z24: =ROUND(IF(AQ24="5",BJ24,0),2) -> 0 | AB24: =ROUND(IF(AQ24="1",BH24,0),2) -> 0 | AC24: =ROUND(IF(AQ24="1",BI24,0),2) -> 0 | AD24: =ROUND(IF(AQ24="7",BH24,0),2) -> 0 | AE24: =ROUND(IF(AQ24="7",BI24,0),2) -> 0 | AF24: =ROUND(IF(AQ24="2",BH24,0),2) -> 0 | AG24: =ROUND(IF(AQ24="2",BI24,0),2) -> 0 | AH24: =ROUND(IF(AQ24="0",BJ24,0),2) -> 0 | AJ24: =IF(AN24=0,L24,0) -> 0 | AK24: =IF(AN24=12,L24,0) -> 0 | AL24: =IF(AN24=21,L24,0) -> 0 | AN24: 12 | AO24: =H24*0.244082569 -> 0 | AP24: =H24*(1-0.244082569) -> 0 | AQ24: 7 | AV24: =ROUND(AW24+AX24,2) -> 0 | AW24: =ROUND(G24*AO24,2) -> 0 | AX24: =ROUND(G24*AP24,2) -> 0 | AY24: 721_ | AZ24: 72_ | BA24: _ | BC24: =AW24+AX24 -> 0 | BD24: =H24/(100-BE24)*100 -> 0 | BE24: 0 | BF24: =O24 -> 0.0684 | BH24: =G24*AO24 -> 0 | BI24: =G24*AP24 -> 0 | BJ24: =G24*H24 -> 0 | BK24: P | BL24: 721 | BW24: =I24 -> 0 | BX24: Potrubí HT připojovací D 110 x 2,7 mm
A25: 12 | C25: 721177715R00 | D25: Potrubí Wavin SiTech+ odpadní svislé D 110 x 3,6mm | F25: m | G25: 60 | J25: =ROUND(G25*AO25,2) -> 0 | K25: =ROUND(G25*AP25,2) -> 0 | L25: =ROUND(G25*H25,2) -> 0 | M25: =L25*(1+BW25/100) -> 0 | N25: 0.00206 | O25: =G25*N25 -> 0.1236 | P25: RTS I / 2025 | Z25: =ROUND(IF(AQ25="5",BJ25,0),2) -> 0 | AB25: =ROUND(IF(AQ25="1",BH25,0),2) -> 0 | AC25: =ROUND(IF(AQ25="1",BI25,0),2) -> 0 | AD25: =ROUND(IF(AQ25="7",BH25,0),2) -> 0 | AE25: =ROUND(IF(AQ25="7",BI25,0),2) -> 0 | AF25: =ROUND(IF(AQ25="2",BH25,0),2) -> 0 | AG25: =ROUND(IF(AQ25="2",BI25,0),2) -> 0 | AH25: =ROUND(IF(AQ25="0",BJ25,0),2) -> 0 | AJ25: =IF(AN25=0,L25,0) -> 0 | AK25: =IF(AN25=12,L25,0) -> 0 | AL25: =IF(AN25=21,L25,0) -> 0 | AN25: 12 | AO25: =H25*0.540411237 -> 0 | AP25: =H25*(1-0.540411237) -> 0 | AQ25: 7 | AV25: =ROUND(AW25+AX25,2) -> 0 | AW25: =ROUND(G25*AO25,2) -> 0 | AX25: =ROUND(G25*AP25,2) -> 0 | AY25: 721_ | AZ25: 72_ | BA25: _ | BC25: =AW25+AX25 -> 0 | BD25: =H25/(100-BE25)*100 -> 0 | BE25: 0 | BF25: =O25 -> 0.1236 | BH25: =G25*AO25 -> 0 | BI25: =G25*AP25 -> 0 | BJ25: =G25*H25 -> 0 | BK25: P | BL25: 721 | BW25: =I25 -> 0 | BX25: Potrubí Wavin SiTech+ odpadní svislé D 110 x 3,6mm
A26: 13 | C26: 721177716R00 | D26: Potrubí Wavin SiTech+ odpadní svislé D 125 x 4,0mm | F26: m | G26: 80 | J26: =ROUND(G26*AO26,2) -> 0 | K26: =ROUND(G26*AP26,2) -> 0 | L26: =ROUND(G26*H26,2) -> 0 | M26: =L26*(1+BW26/100) -> 0 | N26: 0.0025 | O26: =G26*N26 -> 0.2 | P26: RTS I / 2025 | Z26: =ROUND(IF(AQ26="5",BJ26,0),2) -> 0 | AB26: =ROUND(IF(AQ26="1",BH26,0),2) -> 0 | AC26: =ROUND(IF(AQ26="1",BI26,0),2) -> 0 | AD26: =ROUND(IF(AQ26="7",BH26,0),2) -> 0 | AE26: =ROUND(IF(AQ26="7",BI26,0),2) -> 0 | AF26: =ROUND(IF(AQ26="2",BH26,0),2) -> 0 | AG26: =ROUND(IF(AQ26="2",BI26,0),2) -> 0 | AH26: =ROUND(IF(AQ26="0",BJ26,0),2) -> 0 | AJ26: =IF(AN26=0,L26,0) -> 0 | AK26: =IF(AN26=12,L26,0) -> 0 | AL26: =IF(AN26=21,L26,0) -> 0 | AN26: 12 | AO26: =H26*0.622900994 -> 0 | AP26: =H26*(1-0.622900994) -> 0 | AQ26: 7 | AV26: =ROUND(AW26+AX26,2) -> 0 | AW26: =ROUND(G26*AO26,2) -> 0 | AX26: =ROUND(G26*AP26,2) -> 0 | AY26: 721_ | AZ26: 72_ | BA26: _ | BC26: =AW26+AX26 -> 0 | BD26: =H26/(100-BE26)*100 -> 0 | BE26: 0 | BF26: =O26 -> 0.2 | BH26: =G26*AO26 -> 0 | BI26: =G26*AP26 -> 0 | BJ26: =G26*H26 -> 0 | BK26: P | BL26: 721 | BW26: =I26 -> 0 | BX26: Potrubí Wavin SiTech+ odpadní svislé D 125 x 4,0mm
A27: 14 | C27: 721177717R00 | D27: Potrubí Wavin SiTech+ odpadní svislé D 160 x 5,0mm | F27: m | G27: 300 | J27: =ROUND(G27*AO27,2) -> 0 | K27: =ROUND(G27*AP27,2) -> 0 | L27: =ROUND(G27*H27,2) -> 0 | M27: =L27*(1+BW27/100) -> 0 | N27: 0.00373 | O27: =G27*N27 -> 1.119 | P27: RTS I / 2025 | Z27: =ROUND(IF(AQ27="5",BJ27,0),2) -> 0 | AB27: =ROUND(IF(AQ27="1",BH27,0),2) -> 0 | AC27: =ROUND(IF(AQ27="1",BI27,0),2) -> 0 | AD27: =ROUND(IF(AQ27="7",BH27,0),2) -> 0 | AE27: =ROUND(IF(AQ27="7",BI27,0),2) -> 0 | AF27: =ROUND(IF(AQ27="2",BH27,0),2) -> 0 | AG27: =ROUND(IF(AQ27="2",BI27,0),2) -> 0 | AH27: =ROUND(IF(AQ27="0",BJ27,0),2) -> 0 | AJ27: =IF(AN27=0,L27,0) -> 0 | AK27: =IF(AN27=12,L27,0) -> 0 | AL27: =IF(AN27=21,L27,0) -> 0 | AN27: 12 | AO27: =H27*0.760747153 -> 0 | AP27: =H27*(1-0.760747153) -> 0 | AQ27: 7 | AV27: =ROUND(AW27+AX27,2) -> 0 | AW27: =ROUND(G27*AO27,2) -> 0 | AX27: =ROUND(G27*AP27,2) -> 0 | AY27: 721_ | AZ27: 72_ | BA27: _ | BC27: =AW27+AX27 -> 0 | BD27: =H27/(100-BE27)*100 -> 0 | BE27: 0 | BF27: =O27 -> 1.119 | BH27: =G27*AO27 -> 0 | BI27: =G27*AP27 -> 0 | BJ27: =G27*H27 -> 0 | BK27: P | BL27: 721 | BW27: =I27 -> 0 | BX27: Potrubí Wavin SiTech+ odpadní svislé D 160 x 5,0mm
A28: 15 | C28: 721177725R00 | D28: Čisticí kus Wavin SiTech+, odpadní svislé D 110 | F28: kus | G28: 30 | J28: =ROUND(G28*AO28,2) -> 0 | K28: =ROUND(G28*AP28,2) -> 0 | L28: =ROUND(G28*H28,2) -> 0 | M28: =L28*(1+BW28/100) -> 0 | N28: 0.00024 | O28: =G28*N28 -> 0.0072 | P28: RTS I / 2025 | Z28: =ROUND(IF(AQ28="5",BJ28,0),2) -> 0 | AB28: =ROUND(IF(AQ28="1",BH28,0),2) -> 0 | AC28: =ROUND(IF(AQ28="1",BI28,0),2) -> 0 | AD28: =ROUND(IF(AQ28="7",BH28,0),2) -> 0 | AE28: =ROUND(IF(AQ28="7",BI28,0),2) -> 0 | AF28: =ROUND(IF(AQ28="2",BH28,0),2) -> 0 | AG28: =ROUND(IF(AQ28="2",BI28,0),2) -> 0 | AH28: =ROUND(IF(AQ28="0",BJ28,0),2) -> 0 | AJ28: =IF(AN28=0,L28,0) -> 0 | AK28: =IF(AN28=12,L28,0) -> 0 | AL28: =IF(AN28=21,L28,0) -> 0 | AN28: 12 | AO28: =H28*0.560580205 -> 0 | AP28: =H28*(1-0.560580205) -> 0 | AQ28: 7 | AV28: =ROUND(AW28+AX28,2) -> 0 | AW28: =ROUND(G28*AO28,2) -> 0 | AX28: =ROUND(G28*AP28,2) -> 0 | AY28: 721_ | AZ28: 72_ | BA28: _ | BC28: =AW28+AX28 -> 0 | BD28: =H28/(100-BE28)*100 -> 0 | BE28: 0 | BF28: =O28 -> 0.0072 | BH28: =G28*AO28 -> 0 | BI28: =G28*AP28 -> 0 | BJ28: =G28*H28 -> 0 | BK28: P | BL28: 721 | BW28: =I28 -> 0 | BX28: Čisticí kus Wavin SiTech+, odpadní svislé D 110
A29: 16 | C29: 721176222R00 | D29: Potrubí KG svodné (ležaté) v zemi D 110 x 3,2 mm | F29: m | G29: 35 | J29: =ROUND(G29*AO29,2) -> 0 | K29: =ROUND(G29*AP29,2) -> 0 | L29: =ROUND(G29*H29,2) -> 0 | M29: =L29*(1+BW29/100) -> 0 | N29: 0.0021 | O29: =G29*N29 -> 0.0735 | P29: RTS I / 2025 | Z29: =ROUND(IF(AQ29="5",BJ29,0),2) -> 0 | AB29: =ROUND(IF(AQ29="1",BH29,0),2) -> 0 | AC29: =ROUND(IF(AQ29="1",BI29,0),2) -> 0 | AD29: =ROUND(IF(AQ29="7",BH29,0),2) -> 0 | AE29: =ROUND(IF(AQ29="7",BI29,0),2) -> 0 | AF29: =ROUND(IF(AQ29="2",BH29,0),2) -> 0 | AG29: =ROUND(IF(AQ29="2",BI29,0),2) -> 0 | AH29: =ROUND(IF(AQ29="0",BJ29,0),2) -> 0 | AJ29: =IF(AN29=0,L29,0) -> 0 | AK29: =IF(AN29=12,L29,0) -> 0 | AL29: =IF(AN29=21,L29,0) -> 0 | AN29: 12 | AO29: =H29*0.342947433 -> 0 | AP29: =H29*(1-0.342947433) -> 0 | AQ29: 7 | AV29: =ROUND(AW29+AX29,2) -> 0 | AW29: =ROUND(G29*AO29,2) -> 0 | AX29: =ROUND(G29*AP29,2) -> 0 | AY29: 721_ | AZ29: 72_ | BA29: _ | BC29: =AW29+AX29 -> 0 | BD29: =H29/(100-BE29)*100 -> 0 | BE29: 0 | BF29: =O29 -> 0.0735 | BH29: =G29*AO29 -> 0 | BI29: =G29*AP29 -> 0 | BJ29: =G29*H29 -> 0 | BK29: P | BL29: 721 | BW29: =I29 -> 0 | BX29: Potrubí KG svodné (ležaté) v zemi D 110 x 3,2 mm
A30: 17 | C30: 721176223R00 | D30: Potrubí KG svodné (ležaté) v zemi, D 125 x 3,2 mm | F30: m | G30: 70 | J30: =ROUND(G30*AO30,2) -> 0 | K30: =ROUND(G30*AP30,2) -> 0 | L30: =ROUND(G30*H30,2) -> 0 | M30: =L30*(1+BW30/100) -> 0 | N30: 0.00252 | O30: =G30*N30 -> 0.1764 | P30: RTS I / 2025 | Z30: =ROUND(IF(AQ30="5",BJ30,0),2) -> 0 | AB30: =ROUND(IF(AQ30="1",BH30,0),2) -> 0 | AC30: =ROUND(IF(AQ30="1",BI30,0),2) -> 0 | AD30: =ROUND(IF(AQ30="7",BH30,0),2) -> 0 | AE30: =ROUND(IF(AQ30="7",BI30,0),2) -> 0 | AF30: =ROUND(IF(AQ30="2",BH30,0),2) -> 0 | AG30: =ROUND(IF(AQ30="2",BI30,0),2) -> 0 | AH30: =ROUND(IF(AQ30="0",BJ30,0),2) -> 0 | AJ30: =IF(AN30=0,L30,0) -> 0 | AK30: =IF(AN30=12,L30,0) -> 0 | AL30: =IF(AN30=21,L30,0) -> 0 | AN30: 12 | AO30: =H30*0.418447205 -> 0 | AP30: =H30*(1-0.418447205) -> 0 | AQ30: 7 | AV30: =ROUND(AW30+AX30,2) -> 0 | AW30: =ROUND(G30*AO30,2) -> 0 | AX30: =ROUND(G30*AP30,2) -> 0 | AY30: 721_ | AZ30: 72_ | BA30: _ | BC30: =AW30+AX30 -> 0 | BD30: =H30/(100-BE30)*100 -> 0 | BE30: 0 | BF30: =O30 -> 0.1764 | BH30: =G30*AO30 -> 0 | BI30: =G30*AP30 -> 0 | BJ30: =G30*H30 -> 0 | BK30: P | BL30: 721 | BW30: =I30 -> 0 | BX30: Potrubí KG svodné (ležaté) v zemi, D 125 x 3,2 mm
A31: 18 | C31: 721176224R00 | D31: Potrubí KG svodné (ležaté) v zemi, D 160 x 4,0 mm | F31: m | G31: 240 | J31: =ROUND(G31*AO31,2) -> 0 | K31: =ROUND(G31*AP31,2) -> 0 | L31: =ROUND(G31*H31,2) -> 0 | M31: =L31*(1+BW31/100) -> 0 | N31: 0.00357 | O31: =G31*N31 -> 0.8568 | P31: RTS I / 2025 | Z31: =ROUND(IF(AQ31="5",BJ31,0),2) -> 0 | AB31: =ROUND(IF(AQ31="1",BH31,0),2) -> 0 | AC31: =ROUND(IF(AQ31="1",BI31,0),2) -> 0 | AD31: =ROUND(IF(AQ31="7",BH31,0),2) -> 0 | AE31: =ROUND(IF(AQ31="7",BI31,0),2) -> 0 | AF31: =ROUND(IF(AQ31="2",BH31,0),2) -> 0 | AG31: =ROUND(IF(AQ31="2",BI31,0),2) -> 0 | AH31: =ROUND(IF(AQ31="0",BJ31,0),2) -> 0 | AJ31: =IF(AN31=0,L31,0) -> 0 | AK31: =IF(AN31=12,L31,0) -> 0 | AL31: =IF(AN31=21,L31,0) -> 0 | AN31: 12 | AO31: =H31*0.573708609 -> 0 | AP31: =H31*(1-0.573708609) -> 0 | AQ31: 7 | AV31: =ROUND(AW31+AX31,2) -> 0 | AW31: =ROUND(G31*AO31,2) -> 0 | AX31: =ROUND(G31*AP31,2) -> 0 | AY31: 721_ | AZ31: 72_ | BA31: _ | BC31: =AW31+AX31 -> 0 | BD31: =H31/(100-BE31)*100 -> 0 | BE31: 0 | BF31: =O31 -> 0.8568 | BH31: =G31*AO31 -> 0 | BI31: =G31*AP31 -> 0 | BJ31: =G31*H31 -> 0 | BK31: P | BL31: 721 | BW31: =I31 -> 0 | BX31: Potrubí KG svodné (ležaté) v zemi, D 160 x 4,0 mm
A32: 19 | C32: 721176225R00 | D32: Potrubí KG svodné (ležaté) v zemi, D 200 x 4,9 mm | F32: m | G32: 140 | J32: =ROUND(G32*AO32,2) -> 0 | K32: =ROUND(G32*AP32,2) -> 0 | L32: =ROUND(G32*H32,2) -> 0 | M32: =L32*(1+BW32/100) -> 0 | N32: 0.00403 | O32: =G32*N32 -> 0.5642 | P32: RTS I / 2025 | Z32: =ROUND(IF(AQ32="5",BJ32,0),2) -> 0 | AB32: =ROUND(IF(AQ32="1",BH32,0),2) -> 0 | AC32: =ROUND(IF(AQ32="1",BI32,0),2) -> 0 | AD32: =ROUND(IF(AQ32="7",BH32,0),2) -> 0 | AE32: =ROUND(IF(AQ32="7",BI32,0),2) -> 0 | AF32: =ROUND(IF(AQ32="2",BH32,0),2) -> 0 | AG32: =ROUND(IF(AQ32="2",BI32,0),2) -> 0 | AH32: =ROUND(IF(AQ32="0",BJ32,0),2) -> 0 | AJ32: =IF(AN32=0,L32,0) -> 0 | AK32: =IF(AN32=12,L32,0) -> 0 | AL32: =IF(AN32=21,L32,0) -> 0 | AN32: 12 | AO32: =H32*0.556022719 -> 0 | AP32: =H32*(1-0.556022719) -> 0 | AQ32: 7 | AV32: =ROUND(AW32+AX32,2) -> 0 | AW32: =ROUND(G32*AO32,2) -> 0 | AX32: =ROUND(G32*AP32,2) -> 0 | AY32: 721_ | AZ32: 72_ | BA32: _ | BC32: =AW32+AX32 -> 0 | BD32: =H32/(100-BE32)*100 -> 0 | BE32: 0 | BF32: =O32 -> 0.5642 | BH32: =G32*AO32 -> 0 | BI32: =G32*AP32 -> 0 | BJ32: =G32*H32 -> 0 | BK32: P | BL32: 721 | BW32: =I32 -> 0 | BX32: Potrubí KG svodné (ležaté) v zemi, D 200 x 4,9 mm
A33: 20 | C33: 721176226R00 | D33: Potrubí KG svodné (ležaté) v zemi, DN 250 x 6,2 mm | F33: m | G33: 160 | J33: =ROUND(G33*AO33,2) -> 0 | K33: =ROUND(G33*AP33,2) -> 0 | L33: =ROUND(G33*H33,2) -> 0 | M33: =L33*(1+BW33/100) -> 0 | N33: 0.00698 | O33: =G33*N33 -> 1.1168 | P33: RTS I / 2025 | Z33: =ROUND(IF(AQ33="5",BJ33,0),2) -> 0 | AB33: =ROUND(IF(AQ33="1",BH33,0),2) -> 0 | AC33: =ROUND(IF(AQ33="1",BI33,0),2) -> 0 | AD33: =ROUND(IF(AQ33="7",BH33,0),2) -> 0 | AE33: =ROUND(IF(AQ33="7",BI33,0),2) -> 0 | AF33: =ROUND(IF(AQ33="2",BH33,0),2) -> 0 | AG33: =ROUND(IF(AQ33="2",BI33,0),2) -> 0 | AH33: =ROUND(IF(AQ33="0",BJ33,0),2) -> 0 | AJ33: =IF(AN33=0,L33,0) -> 0 | AK33: =IF(AN33=12,L33,0) -> 0 | AL33: =IF(AN33=21,L33,0) -> 0 | AN33: 12 | AO33: =H33*0.599097606 -> 0 | AP33: =H33*(1-0.599097606) -> 0 | AQ33: 7 | AV33: =ROUND(AW33+AX33,2) -> 0 | AW33: =ROUND(G33*AO33,2) -> 0 | AX33: =ROUND(G33*AP33,2) -> 0 | AY33: 721_ | AZ33: 72_ | BA33: _ | BC33: =AW33+AX33 -> 0 | BD33: =H33/(100-BE33)*100 -> 0 | BE33: 0 | BF33: =O33 -> 1.1168 | BH33: =G33*AO33 -> 0 | BI33: =G33*AP33 -> 0 | BJ33: =G33*H33 -> 0 | BK33: P | BL33: 721 | BW33: =I33 -> 0 | BX33: Potrubí KG svodné (ležaté) v zemi, DN 250 x 6,2 mm
A34: 21 | C34: 721194104R00 | D34: Vyvedení odpadních výpustek D 40 x 1,8 | F34: kus | G34: 33 | J34: =ROUND(G34*AO34,2) -> 0 | K34: =ROUND(G34*AP34,2) -> 0 | L34: =ROUND(G34*H34,2) -> 0 | M34: =L34*(1+BW34/100) -> 0 | N34: 0 | O34: =G34*N34 -> 0 | P34: RTS I / 2025 | Z34: =ROUND(IF(AQ34="5",BJ34,0),2) -> 0 | AB34: =ROUND(IF(AQ34="1",BH34,0),2) -> 0 | AC34: =ROUND(IF(AQ34="1",BI34,0),2) -> 0 | AD34: =ROUND(IF(AQ34="7",BH34,0),2) -> 0 | AE34: =ROUND(IF(AQ34="7",BI34,0),2) -> 0 | AF34: =ROUND(IF(AQ34="2",BH34,0),2) -> 0 | AG34: =ROUND(IF(AQ34="2",BI34,0),2) -> 0 | AH34: =ROUND(IF(AQ34="0",BJ34,0),2) -> 0 | AJ34: =IF(AN34=0,L34,0) -> 0 | AK34: =IF(AN34=12,L34,0) -> 0 | AL34: =IF(AN34=21,L34,0) -> 0 | AN34: 12 | AO34: =H34*0 -> 0 | AP34: =H34*(1-0) -> 0 | AQ34: 7 | AV34: =ROUND(AW34+AX34,2) -> 0 | AW34: =ROUND(G34*AO34,2) -> 0 | AX34: =ROUND(G34*AP34,2) -> 0 | AY34: 721_ | AZ34: 72_ | BA34: _ | BC34: =AW34+AX34 -> 0 | BD34: =H34/(100-BE34)*100 -> 0 | BE34: 0 | BF34: =O34 -> 0 | BH34: =G34*AO34 -> 0 | BI34: =G34*AP34 -> 0 | BJ34: =G34*H34 -> 0 | BK34: P | BL34: 721 | BW34: =I34 -> 0 | BX34: Vyvedení odpadních výpustek D 40 x 1,8
A35: 22 | C35: 721194105R00 | D35: Vyvedení odpadních výpustek D 50 x 1,8 | F35: kus | G35: 30 | J35: =ROUND(G35*AO35,2) -> 0 | K35: =ROUND(G35*AP35,2) -> 0 | L35: =ROUND(G35*H35,2) -> 0 | M35: =L35*(1+BW35/100) -> 0 | N35: 0 | O35: =G35*N35 -> 0 | P35: RTS I / 2025 | Z35: =ROUND(IF(AQ35="5",BJ35,0),2) -> 0 | AB35: =ROUND(IF(AQ35="1",BH35,0),2) -> 0 | AC35: =ROUND(IF(AQ35="1",BI35,0),2) -> 0 | AD35: =ROUND(IF(AQ35="7",BH35,0),2) -> 0 | AE35: =ROUND(IF(AQ35="7",BI35,0),2) -> 0 | AF35: =ROUND(IF(AQ35="2",BH35,0),2) -> 0 | AG35: =ROUND(IF(AQ35="2",BI35,0),2) -> 0 | AH35: =ROUND(IF(AQ35="0",BJ35,0),2) -> 0 | AJ35: =IF(AN35=0,L35,0) -> 0 | AK35: =IF(AN35=12,L35,0) -> 0 | AL35: =IF(AN35=21,L35,0) -> 0 | AN35: 12 | AO35: =H35*0 -> 0 | AP35: =H35*(1-0) -> 0 | AQ35: 7 | AV35: =ROUND(AW35+AX35,2) -> 0 | AW35: =ROUND(G35*AO35,2) -> 0 | AX35: =ROUND(G35*AP35,2) -> 0 | AY35: 721_ | AZ35: 72_ | BA35: _ | BC35: =AW35+AX35 -> 0 | BD35: =H35/(100-BE35)*100 -> 0 | BE35: 0 | BF35: =O35 -> 0 | BH35: =G35*AO35 -> 0 | BI35: =G35*AP35 -> 0 | BJ35: =G35*H35 -> 0 | BK35: P | BL35: 721 | BW35: =I35 -> 0 | BX35: Vyvedení odpadních výpustek D 50 x 1,8
A36: 23 | C36: 721194109R00 | D36: Vyvedení odpadních výpustek D 110 x 2,3 | F36: kus | G36: 21 | J36: =ROUND(G36*AO36,2) -> 0 | K36: =ROUND(G36*AP36,2) -> 0 | L36: =ROUND(G36*H36,2) -> 0 | M36: =L36*(1+BW36/100) -> 0 | N36: 0 | O36: =G36*N36 -> 0 | P36: RTS I / 2025 | Z36: =ROUND(IF(AQ36="5",BJ36,0),2) -> 0 | AB36: =ROUND(IF(AQ36="1",BH36,0),2) -> 0 | AC36: =ROUND(IF(AQ36="1",BI36,0),2) -> 0 | AD36: =ROUND(IF(AQ36="7",BH36,0),2) -> 0 | AE36: =ROUND(IF(AQ36="7",BI36,0),2) -> 0 | AF36: =ROUND(IF(AQ36="2",BH36,0),2) -> 0 | AG36: =ROUND(IF(AQ36="2",BI36,0),2) -> 0 | AH36: =ROUND(IF(AQ36="0",BJ36,0),2) -> 0 | AJ36: =IF(AN36=0,L36,0) -> 0 | AK36: =IF(AN36=12,L36,0) -> 0 | AL36: =IF(AN36=21,L36,0) -> 0 | AN36: 12 | AO36: =H36*0 -> 0 | AP36: =H36*(1-0) -> 0 | AQ36: 7 | AV36: =ROUND(AW36+AX36,2) -> 0 | AW36: =ROUND(G36*AO36,2) -> 0 | AX36: =ROUND(G36*AP36,2) -> 0 | AY36: 721_ | AZ36: 72_ | BA36: _ | BC36: =AW36+AX36 -> 0 | BD36: =H36/(100-BE36)*100 -> 0 | BE36: 0 | BF36: =O36 -> 0 | BH36: =G36*AO36 -> 0 | BI36: =G36*AP36 -> 0 | BJ36: =G36*H36 -> 0 | BK36: P | BL36: 721 | BW36: =I36 -> 0 | BX36: Vyvedení odpadních výpustek D 110 x 2,3
A37: 24 | C37: 721273200RT2 | D37: Souprava ventilační střešní HL | F37: kus | G37: 6 | J37: =ROUND(G37*AO37,2) -> 0 | K37: =ROUND(G37*AP37,2) -> 0 | L37: =ROUND(G37*H37,2) -> 0 | M37: =L37*(1+BW37/100) -> 0 | N37: 0.00013 | O37: =G37*N37 -> 0.00078 | P37: RTS I / 2025 | Z37: =ROUND(IF(AQ37="5",BJ37,0),2) -> 0 | AB37: =ROUND(IF(AQ37="1",BH37,0),2) -> 0 | AC37: =ROUND(IF(AQ37="1",BI37,0),2) -> 0 | AD37: =ROUND(IF(AQ37="7",BH37,0),2) -> 0 | AE37: =ROUND(IF(AQ37="7",BI37,0),2) -> 0 | AF37: =ROUND(IF(AQ37="2",BH37,0),2) -> 0 | AG37: =ROUND(IF(AQ37="2",BI37,0),2) -> 0 | AH37: =ROUND(IF(AQ37="0",BJ37,0),2) -> 0 | AJ37: =IF(AN37=0,L37,0) -> 0 | AK37: =IF(AN37=12,L37,0) -> 0 | AL37: =IF(AN37=21,L37,0) -> 0 | AN37: 12 | AO37: =H37*0.835483251 -> 0 | AP37: =H37*(1-0.835483251) -> 0 | AQ37: 7 | AV37: =ROUND(AW37+AX37,2) -> 0 | AW37: =ROUND(G37*AO37,2) -> 0 | AX37: =ROUND(G37*AP37,2) -> 0 | AY37: 721_ | AZ37: 72_ | BA37: _ | BC37: =AW37+AX37 -> 0 | BD37: =H37/(100-BE37)*100 -> 0 | BE37: 0 | BF37: =O37 -> 0.00078 | BH37: =G37*AO37 -> 0 | BI37: =G37*AP37 -> 0 | BJ37: =G37*H37 -> 0 | BK37: P | BL37: 721 | BW37: =I37 -> 0 | BX37: Souprava ventilační střešní HL
C38: Varianta: | D38: souprava větrací hlavice PP HL807 D 75 mm
A39: 25 | C39: 721223423RT2 | D39: Vpusť podlahová se zápachovou uzávěrkou HL 310N | F39: kus | G39: 5 | J39: =ROUND(G39*AO39,2) -> 0 | K39: =ROUND(G39*AP39,2) -> 0 | L39: =ROUND(G39*H39,2) -> 0 | M39: =L39*(1+BW39/100) -> 0 | N39: 0.00075 | O39: =G39*N39 -> 0.00375 | P39: RTS I / 2025 | Z39: =ROUND(IF(AQ39="5",BJ39,0),2) -> 0 | AB39: =ROUND(IF(AQ39="1",BH39,0),2) -> 0 | AC39: =ROUND(IF(AQ39="1",BI39,0),2) -> 0 | AD39: =ROUND(IF(AQ39="7",BH39,0),2) -> 0 | AE39: =ROUND(IF(AQ39="7",BI39,0),2) -> 0 | AF39: =ROUND(IF(AQ39="2",BH39,0),2) -> 0 | AG39: =ROUND(IF(AQ39="2",BI39,0),2) -> 0 | AH39: =ROUND(IF(AQ39="0",BJ39,0),2) -> 0 | AJ39: =IF(AN39=0,L39,0) -> 0 | AK39: =IF(AN39=12,L39,0) -> 0 | AL39: =IF(AN39=21,L39,0) -> 0 | AN39: 12 | AO39: =H39*0.931151961 -> 0 | AP39: =H39*(1-0.931151961) -> 0 | AQ39: 7 | AV39: =ROUND(AW39+AX39,2) -> 0 | AW39: =ROUND(G39*AO39,2) -> 0 | AX39: =ROUND(G39*AP39,2) -> 0 | AY39: 721_ | AZ39: 72_ | BA39: _ | BC39: =AW39+AX39 -> 0 | BD39: =H39/(100-BE39)*100 -> 0 | BE39: 0 | BF39: =O39 -> 0.00375 | BH39: =G39*AO39 -> 0 | BI39: =G39*AP39 -> 0 | BJ39: =G39*H39 -> 0 | BK39: P | BL39: 721 | BW39: =I39 -> 0 | BX39: Vpusť podlahová se zápachovou uzávěrkou HL 310N
C40: Varianta: | D40: mřížka nerez 115 x 115 D 50/75/110 mm, Primus
A41: 26 | C41: 721242110R00 | D41: Lapač střešních splavenin PP HL600, kloub | F41: kus | G41: 1 | J41: =ROUND(G41*AO41,2) -> 0 | K41: =ROUND(G41*AP41,2) -> 0 | L41: =ROUND(G41*H41,2) -> 0 | M41: =L41*(1+BW41/100) -> 0 | N41: 0.07663 | O41: =G41*N41 -> 0.07663 | P41: RTS I / 2025 | Z41: =ROUND(IF(AQ41="5",BJ41,0),2) -> 0 | AB41: =ROUND(IF(AQ41="1",BH41,0),2) -> 0 | AC41: =ROUND(IF(AQ41="1",BI41,0),2) -> 0 | AD41: =ROUND(IF(AQ41="7",BH41,0),2) -> 0 | AE41: =ROUND(IF(AQ41="7",BI41,0),2) -> 0 | AF41: =ROUND(IF(AQ41="2",BH41,0),2) -> 0 | AG41: =ROUND(IF(AQ41="2",BI41,0),2) -> 0 | AH41: =ROUND(IF(AQ41="0",BJ41,0),2) -> 0 | AJ41: =IF(AN41=0,L41,0) -> 0 | AK41: =IF(AN41=12,L41,0) -> 0 | AL41: =IF(AN41=21,L41,0) -> 0 | AN41: 12 | AO41: =H41*0.909155366 -> 0 | AP41: =H41*(1-0.909155366) -> 0 | AQ41: 7 | AV41: =ROUND(AW41+AX41,2) -> 0 | AW41: =ROUND(G41*AO41,2) -> 0 | AX41: =ROUND(G41*AP41,2) -> 0 | AY41: 721_ | AZ41: 72_ | BA41: _ | BC41: =AW41+AX41 -> 0 | BD41: =H41/(100-BE41)*100 -> 0 | BE41: 0 | BF41: =O41 -> 0.07663 | BH41: =G41*AO41 -> 0 | BI41: =G41*AP41 -> 0 | BJ41: =G41*H41 -> 0 | BK41: P | BL41: 721 | BW41: =I41 -> 0 | BX41: Lapač střešních splavenin PP HL600, kloub
A42: 27 | C42: 721290111R00 | D42: Zkouška těsnosti kanalizace vodou DN 125 | F42: m | G42: 900 | J42: =ROUND(G42*AO42,2) -> 0 | K42: =ROUND(G42*AP42,2) -> 0 | L42: =ROUND(G42*H42,2) -> 0 | M42: =L42*(1+BW42/100) -> 0 | N42: 0 | O42: =G42*N42 -> 0 | P42: RTS I / 2025 | Z42: =ROUND(IF(AQ42="5",BJ42,0),2) -> 0 | AB42: =ROUND(IF(AQ42="1",BH42,0),2) -> 0 | AC42: =ROUND(IF(AQ42="1",BI42,0),2) -> 0 | AD42: =ROUND(IF(AQ42="7",BH42,0),2) -> 0 | AE42: =ROUND(IF(AQ42="7",BI42,0),2) -> 0 | AF42: =ROUND(IF(AQ42="2",BH42,0),2) -> 0 | AG42: =ROUND(IF(AQ42="2",BI42,0),2) -> 0 | AH42: =ROUND(IF(AQ42="0",BJ42,0),2) -> 0 | AJ42: =IF(AN42=0,L42,0) -> 0 | AK42: =IF(AN42=12,L42,0) -> 0 | AL42: =IF(AN42=21,L42,0) -> 0 | AN42: 12 | AO42: =H42*0.026021685 -> 0 | AP42: =H42*(1-0.026021685) -> 0 | AQ42: 7 | AV42: =ROUND(AW42+AX42,2) -> 0 | AW42: =ROUND(G42*AO42,2) -> 0 | AX42: =ROUND(G42*AP42,2) -> 0 | AY42: 721_ | AZ42: 72_ | BA42: _ | BC42: =AW42+AX42 -> 0 | BD42: =H42/(100-BE42)*100 -> 0 | BE42: 0 | BF42: =O42 -> 0 | BH42: =G42*AO42 -> 0 | BI42: =G42*AP42 -> 0 | BJ42: =G42*H42 -> 0 | BK42: P | BL42: 721 | BW42: =I42 -> 0 | BX42: Zkouška těsnosti kanalizace vodou DN 125
A43: 28 | C43: 721231144VL1 | D43: Vtok terasový TW pod dlažbou, zateplení 300 mm + zápachová uzávěrka TW | F43: kpl | G43: 14 | J43: =ROUND(G43*AO43,2) -> 0 | K43: =ROUND(G43*AP43,2) -> 0 | L43: =ROUND(G43*H43,2) -> 0 | M43: =L43*(1+BW43/100) -> 0 | N43: 0.00242 | O43: =G43*N43 -> 0.03388 | P43: RTS I / 2022 | Z43: =ROUND(IF(AQ43="5",BJ43,0),2) -> 0 | AB43: =ROUND(IF(AQ43="1",BH43,0),2) -> 0 | AC43: =ROUND(IF(AQ43="1",BI43,0),2) -> 0 | AD43: =ROUND(IF(AQ43="7",BH43,0),2) -> 0 | AE43: =ROUND(IF(AQ43="7",BI43,0),2) -> 0 | AF43: =ROUND(IF(AQ43="2",BH43,0),2) -> 0 | AG43: =ROUND(IF(AQ43="2",BI43,0),2) -> 0 | AH43: =ROUND(IF(AQ43="0",BJ43,0),2) -> 0 | AJ43: =IF(AN43=0,L43,0) -> 0 | AK43: =IF(AN43=12,L43,0) -> 0 | AL43: =IF(AN43=21,L43,0) -> 0 | AN43: 12 | AO43: =H43*0.93172311 -> 0 | AP43: =H43*(1-0.93172311) -> 0 | AQ43: 7 | AV43: =ROUND(AW43+AX43,2) -> 0 | AW43: =ROUND(G43*AO43,2) -> 0 | AX43: =ROUND(G43*AP43,2) -> 0 | AY43: 721_ | AZ43: 72_ | BA43: _ | BC43: =AW43+AX43 -> 0 | BD43: =H43/(100-BE43)*100 -> 0 | BE43: 0 | BF43: =O43 -> 0.03388 | BH43: =G43*AO43 -> 0 | BI43: =G43*AP43 -> 0 | BJ43: =G43*H43 -> 0 | BK43: P | BL43: 721 | BW43: =I43 -> 0 | BX43: Vtok terasový TW pod dlažbou, zateplení 300 mm + zápachová uzávěrka TW
C44: Varianta: | D44: průměr 75-125 mm
A45: 29 | C45: 721231114RT4 | D45: Vtok střešní TW v povlakové krytině, zateplená střecha, výška izolace 300 mm | F45: kus | G45: 33 | J45: =ROUND(G45*AO45,2) -> 0 | K45: =ROUND(G45*AP45,2) -> 0 | L45: =ROUND(G45*H45,2) -> 0 | M45: =L45*(1+BW45/100) -> 0 | N45: 0.00226 | O45: =G45*N45 -> 0.07458 | P45: RTS I / 2025 | Z45: =ROUND(IF(AQ45="5",BJ45,0),2) -> 0 | AB45: =ROUND(IF(AQ45="1",BH45,0),2) -> 0 | AC45: =ROUND(IF(AQ45="1",BI45,0),2) -> 0 | AD45: =ROUND(IF(AQ45="7",BH45,0),2) -> 0 | AE45: =ROUND(IF(AQ45="7",BI45,0),2) -> 0 | AF45: =ROUND(IF(AQ45="2",BH45,0),2) -> 0 | AG45: =ROUND(IF(AQ45="2",BI45,0),2) -> 0 | AH45: =ROUND(IF(AQ45="0",BJ45,0),2) -> 0 | AJ45: =IF(AN45=0,L45,0) -> 0 | AK45: =IF(AN45=12,L45,0) -> 0 | AL45: =IF(AN45=21,L45,0) -> 0 | AN45: 12 | AO45: =H45*0.832411198 -> 0 | AP45: =H45*(1-0.832411198) -> 0 | AQ45: 7 | AV45: =ROUND(AW45+AX45,2) -> 0 | AW45: =ROUND(G45*AO45,2) -> 0 | AX45: =ROUND(G45*AP45,2) -> 0 | AY45: 721_ | AZ45: 72_ | BA45: _ | BC45: =AW45+AX45 -> 0 | BD45: =H45/(100-BE45)*100 -> 0 | BE45: 0 | BF45: =O45 -> 0.07458 | BH45: =G45*AO45 -> 0 | BI45: =G45*AP45 -> 0 | BJ45: =G45*H45 -> 0 | BK45: P | BL45: 721 | BW45: =I45 -> 0 | BX45: Vtok střešní TW v povlakové krytině, zateplená střecha, výška izolace 300 mm
C46: Varianta: | D46: průměr 75 - 125 mm
A47: 30 | C47: 721231331R00 | D47: Vyhřívací sada pro střešní vtoky TopWet | F47: kus | G47: 33 | J47: =ROUND(G47*AO47,2) -> 0 | K47: =ROUND(G47*AP47,2) -> 0 | L47: =ROUND(G47*H47,2) -> 0 | M47: =L47*(1+BW47/100) -> 0 | N47: 0.0004 | O47: =G47*N47 -> 0.0132 | P47: RTS I / 2025 | Z47: =ROUND(IF(AQ47="5",BJ47,0),2) -> 0 | AB47: =ROUND(IF(AQ47="1",BH47,0),2) -> 0 | AC47: =ROUND(IF(AQ47="1",BI47,0),2) -> 0 | AD47: =ROUND(IF(AQ47="7",BH47,0),2) -> 0 | AE47: =ROUND(IF(AQ47="7",BI47,0),2) -> 0 | AF47: =ROUND(IF(AQ47="2",BH47,0),2) -> 0 | AG47: =ROUND(IF(AQ47="2",BI47,0),2) -> 0 | AH47: =ROUND(IF(AQ47="0",BJ47,0),2) -> 0 | AJ47: =IF(AN47=0,L47,0) -> 0 | AK47: =IF(AN47=12,L47,0) -> 0 | AL47: =IF(AN47=21,L47,0) -> 0 | AN47: 12 | AO47: =H47*0.927750995 -> 0 | AP47: =H47*(1-0.927750995) -> 0 | AQ47: 7 | AV47: =ROUND(AW47+AX47,2) -> 0 | AW47: =ROUND(G47*AO47,2) -> 0 | AX47: =ROUND(G47*AP47,2) -> 0 | AY47: 721_ | AZ47: 72_ | BA47: _ | BC47: =AW47+AX47 -> 0 | BD47: =H47/(100-BE47)*100 -> 0 | BE47: 0 | BF47: =O47 -> 0.0132 | BH47: =G47*AO47 -> 0 | BI47: =G47*AP47 -> 0 | BJ47: =G47*H47 -> 0 | BK47: P | BL47: 721 | BW47: =I47 -> 0 | BX47: Vyhřívací sada pro střešní vtoky TopWet
A48: 31 | C48: 721000201VL | D48: Bezpečnostní přepad Topwet DN110 s integrovaným límcem | F48: kus | G48: 10 | J48: =ROUND(G48*AO48,2) -> 0 | K48: =ROUND(G48*AP48,2) -> 0 | L48: =ROUND(G48*H48,2) -> 0 | M48: =L48*(1+BW48/100) -> 0 | N48: 0.00014 | O48: =G48*N48 -> 0.0014 | P48: RTS I / 2016 | Z48: =ROUND(IF(AQ48="5",BJ48,0),2) -> 0 | AB48: =ROUND(IF(AQ48="1",BH48,0),2) -> 0 | AC48: =ROUND(IF(AQ48="1",BI48,0),2) -> 0 | AD48: =ROUND(IF(AQ48="7",BH48,0),2) -> 0 | AE48: =ROUND(IF(AQ48="7",BI48,0),2) -> 0 | AF48: =ROUND(IF(AQ48="2",BH48,0),2) -> 0 | AG48: =ROUND(IF(AQ48="2",BI48,0),2) -> 0 | AH48: =ROUND(IF(AQ48="0",BJ48,0),2) -> 0 | AJ48: =IF(AN48=0,L48,0) -> 0 | AK48: =IF(AN48=12,L48,0) -> 0 | AL48: =IF(AN48=21,L48,0) -> 0 | AN48: 12 | AO48: =H48*0.897186038 -> 0 | AP48: =H48*(1-0.897186038) -> 0 | AQ48: 7 | AV48: =ROUND(AW48+AX48,2) -> 0 | AW48: =ROUND(G48*AO48,2) -> 0 | AX48: =ROUND(G48*AP48,2) -> 0 | AY48: 721_ | AZ48: 72_ | BA48: _ | BC48: =AW48+AX48 -> 0 | BD48: =H48/(100-BE48)*100 -> 0 | BE48: 0 | BF48: =O48 -> 0.0014 | BH48: =G48*AO48 -> 0 | BI48: =G48*AP48 -> 0 | BJ48: =G48*H48 -> 0 | BK48: P | BL48: 721 | BW48: =I48 -> 0 | BX48: Bezpečnostní přepad Topwet DN110 s integrovaným límcem
A49: 32 | C49: 112-906Z | D49: Protipořární manžeta DN75 EI 60 DP1 | F49: kus | G49: 15 | J49: =ROUND(G49*AO49,2) -> 0 | K49: =ROUND(G49*AP49,2) -> 0 | L49: =ROUND(G49*H49,2) -> 0 | M49: =L49*(1+BW49/100) -> 0 | N49: 0.0005 | O49: =G49*N49 -> 0.0075 | Z49: =ROUND(IF(AQ49="5",BJ49,0),2) -> 0 | AB49: =ROUND(IF(AQ49="1",BH49,0),2) -> 0 | AC49: =ROUND(IF(AQ49="1",BI49,0),2) -> 0 | AD49: =ROUND(IF(AQ49="7",BH49,0),2) -> 0 | AE49: =ROUND(IF(AQ49="7",BI49,0),2) -> 0 | AF49: =ROUND(IF(AQ49="2",BH49,0),2) -> 0 | AG49: =ROUND(IF(AQ49="2",BI49,0),2) -> 0 | AH49: =ROUND(IF(AQ49="0",BJ49,0),2) -> 0 | AJ49: =IF(AN49=0,L49,0) -> 0 | AK49: =IF(AN49=12,L49,0) -> 0 | AL49: =IF(AN49=21,L49,0) -> 0 | AN49: 12 | AO49: =H49*0.670769231 -> 0 | AP49: =H49*(1-0.670769231) -> 0 | AQ49: 7 | AV49: =ROUND(AW49+AX49,2) -> 0 | AW49: =ROUND(G49*AO49,2) -> 0 | AX49: =ROUND(G49*AP49,2) -> 0 | AY49: 721_ | AZ49: 72_ | BA49: _ | BC49: =AW49+AX49 -> 0 | BD49: =H49/(100-BE49)*100 -> 0 | BE49: 0 | BF49: =O49 -> 0.0075 | BH49: =G49*AO49 -> 0 | BI49: =G49*AP49 -> 0 | BJ49: =G49*H49 -> 0 | BK49: P | BL49: 721 | BW49: =I49 -> 0 | BX49: Protipořární manžeta DN75 EI 60 DP1
A50: 33 | C50: 112-907Z | D50: Protipořární manžeta DN110 EI 60 DP1 | F50: kus | G50: 15 | J50: =ROUND(G50*AO50,2) -> 0 | K50: =ROUND(G50*AP50,2) -> 0 | L50: =ROUND(G50*H50,2) -> 0 | M50: =L50*(1+BW50/100) -> 0 | N50: 0.0005 | O50: =G50*N50 -> 0.0075 | Z50: =ROUND(IF(AQ50="5",BJ50,0),2) -> 0 | AB50: =ROUND(IF(AQ50="1",BH50,0),2) -> 0 | AC50: =ROUND(IF(AQ50="1",BI50,0),2) -> 0 | AD50: =ROUND(IF(AQ50="7",BH50,0),2) -> 0 | AE50: =ROUND(IF(AQ50="7",BI50,0),2) -> 0 | AF50: =ROUND(IF(AQ50="2",BH50,0),2) -> 0 | AG50: =ROUND(IF(AQ50="2",BI50,0),2) -> 0 | AH50: =ROUND(IF(AQ50="0",BJ50,0),2) -> 0 | AJ50: =IF(AN50=0,L50,0) -> 0 | AK50: =IF(AN50=12,L50,0) -> 0 | AL50: =IF(AN50=21,L50,0) -> 0 | AN50: 12 | AO50: =H50*0.858278146 -> 0 | AP50: =H50*(1-0.858278146) -> 0 | AQ50: 7 | AV50: =ROUND(AW50+AX50,2) -> 0 | AW50: =ROUND(G50*AO50,2) -> 0 | AX50: =ROUND(G50*AP50,2) -> 0 | AY50: 721_ | AZ50: 72_ | BA50: _ | BC50: =AW50+AX50 -> 0 | BD50: =H50/(100-BE50)*100 -> 0 | BE50: 0 | BF50: =O50 -> 0.0075 | BH50: =G50*AO50 -> 0 | BI50: =G50*AP50 -> 0 | BJ50: =G50*H50 -> 0 | BK50: P | BL50: 721 | BW50: =I50 -> 0 | BX50: Protipořární manžeta DN110 EI 60 DP1
A51: 34 | C51: 721290823R00 | D51: Přesun vybouraných hmot - kanalizace, H 12 - 24 m | F51: t | G51: 4.1444 | J51: =ROUND(G51*AO51,2) -> 0 | K51: =ROUND(G51*AP51,2) -> 0 | L51: =ROUND(G51*H51,2) -> 0 | M51: =L51*(1+BW51/100) -> 0 | N51: 0 | O51: =G51*N51 -> 0 | P51: RTS I / 2025 | Z51: =ROUND(IF(AQ51="5",BJ51,0),2) -> 0 | AB51: =ROUND(IF(AQ51="1",BH51,0),2) -> 0 | AC51: =ROUND(IF(AQ51="1",BI51,0),2) -> 0 | AD51: =ROUND(IF(AQ51="7",BH51,0),2) -> 0 | AE51: =ROUND(IF(AQ51="7",BI51,0),2) -> 0 | AF51: =ROUND(IF(AQ51="2",BH51,0),2) -> 0 | AG51: =ROUND(IF(AQ51="2",BI51,0),2) -> 0 | AH51: =ROUND(IF(AQ51="0",BJ51,0),2) -> 0 | AJ51: =IF(AN51=0,L51,0) -> 0 | AK51: =IF(AN51=12,L51,0) -> 0 | AL51: =IF(AN51=21,L51,0) -> 0 | AN51: 12 | AO51: =H51*0 -> 0 | AP51: =H51*(1-0) -> 0 | AQ51: 7 | AV51: =ROUND(AW51+AX51,2) -> 0 | AW51: =ROUND(G51*AO51,2) -> 0 | AX51: =ROUND(G51*AP51,2) -> 0 | AY51: 721_ | AZ51: 72_ | BA51: _ | BC51: =AW51+AX51 -> 0 | BD51: =H51/(100-BE51)*100 -> 0 | BE51: 0 | BF51: =O51 -> 0 | BH51: =G51*AO51 -> 0 | BI51: =G51*AP51 -> 0 | BJ51: =G51*H51 -> 0 | BK51: P | BL51: 721 | BW51: =I51 -> 0 | BX51: Přesun vybouraných hmot - kanalizace, H 12 - 24 m
C52: 722 | D52: Vnitřní vodovod | J52: =SUM(J53:J113) -> 0 | K52: =SUM(K53:K113) -> 0 | L52: =SUM(L53:L113) -> 0 | M52: =SUM(M53:M113) -> 0 | O52: =SUM(O53:O113) -> 1.66158 | AS52: =SUM(AJ53:AJ113) -> 0 | AT52: =SUM(AK53:AK113) -> 0 | AU52: =SUM(AL53:AL113) -> 0
A53: 35 | C53: 722171216R00 | D53: Potrubí z PEHD, D 63 x 5,8 mm | F53: m | G53: 3 | J53: =ROUND(G53*AO53,2) -> 0 | K53: =ROUND(G53*AP53,2) -> 0 | L53: =ROUND(G53*H53,2) -> 0 | M53: =L53*(1+BW53/100) -> 0 | N53: 0.0015 | O53: =G53*N53 -> 0.0045 | P53: RTS I / 2025 | Z53: =ROUND(IF(AQ53="5",BJ53,0),2) -> 0 | AB53: =ROUND(IF(AQ53="1",BH53,0),2) -> 0 | AC53: =ROUND(IF(AQ53="1",BI53,0),2) -> 0 | AD53: =ROUND(IF(AQ53="7",BH53,0),2) -> 0 | AE53: =ROUND(IF(AQ53="7",BI53,0),2) -> 0 | AF53: =ROUND(IF(AQ53="2",BH53,0),2) -> 0 | AG53: =ROUND(IF(AQ53="2",BI53,0),2) -> 0 | AH53: =ROUND(IF(AQ53="0",BJ53,0),2) -> 0 | AJ53: =IF(AN53=0,L53,0) -> 0 | AK53: =IF(AN53=12,L53,0) -> 0 | AL53: =IF(AN53=21,L53,0) -> 0 | AN53: 12 | AO53: =H53*0.483927711 -> 0 | AP53: =H53*(1-0.483927711) -> 0 | AQ53: 7 | AV53: =ROUND(AW53+AX53,2) -> 0 | AW53: =ROUND(G53*AO53,2) -> 0 | AX53: =ROUND(G53*AP53,2) -> 0 | AY53: 722_ | AZ53: 72_ | BA53: _ | BC53: =AW53+AX53 -> 0 | BD53: =H53/(100-BE53)*100 -> 0 | BE53: 0 | BF53: =O53 -> 0.0045 | BH53: =G53*AO53 -> 0 | BI53: =G53*AP53 -> 0 | BJ53: =G53*H53 -> 0 | BK53: P | BL53: 722 | BW53: =I53 -> 0 | BX53: Potrubí z PEHD, D 63 x 5,8 mm
A54: 36 | C54: 722172411R00 | D54: Potrubí z PPR, D 20 x 2,8 mm, PN 16, vč.zed.výpom. | F54: m | G54: 300 | J54: =ROUND(G54*AO54,2) -> 0 | K54: =ROUND(G54*AP54,2) -> 0 | L54: =ROUND(G54*H54,2) -> 0 | M54: =L54*(1+BW54/100) -> 0 | N54: 0.00046 | O54: =G54*N54 -> 0.138 | P54: RTS I / 2025 | Z54: =ROUND(IF(AQ54="5",BJ54,0),2) -> 0 | AB54: =ROUND(IF(AQ54="1",BH54,0),2) -> 0 | AC54: =ROUND(IF(AQ54="1",BI54,0),2) -> 0 | AD54: =ROUND(IF(AQ54="7",BH54,0),2) -> 0 | AE54: =ROUND(IF(AQ54="7",BI54,0),2) -> 0 | AF54: =ROUND(IF(AQ54="2",BH54,0),2) -> 0 | AG54: =ROUND(IF(AQ54="2",BI54,0),2) -> 0 | AH54: =ROUND(IF(AQ54="0",BJ54,0),2) -> 0 | AJ54: =IF(AN54=0,L54,0) -> 0 | AK54: =IF(AN54=12,L54,0) -> 0 | AL54: =IF(AN54=21,L54,0) -> 0 | AN54: 12 | AO54: =H54*0.226015393 -> 0 | AP54: =H54*(1-0.226015393) -> 0 | AQ54: 7 | AV54: =ROUND(AW54+AX54,2) -> 0 | AW54: =ROUND(G54*AO54,2) -> 0 | AX54: =ROUND(G54*AP54,2) -> 0 | AY54: 722_ | AZ54: 72_ | BA54: _ | BC54: =AW54+AX54 -> 0 | BD54: =H54/(100-BE54)*100 -> 0 | BE54: 0 | BF54: =O54 -> 0.138 | BH54: =G54*AO54 -> 0 | BI54: =G54*AP54 -> 0 | BJ54: =G54*H54 -> 0 | BK54: P | BL54: 722 | BW54: =I54 -> 0 | BX54: Potrubí z PPR, D 20 x 2,8 mm, PN 16, vč.zed.výpom.
A55: 37 | C55: 722172412R00 | D55: Potrubí z PPR, D 25 x 3,5 mm, PN 16, vč.zed.výpom. | F55: m | G55: 130 | J55: =ROUND(G55*AO55,2) -> 0 | K55: =ROUND(G55*AP55,2) -> 0 | L55: =ROUND(G55*H55,2) -> 0 | M55: =L55*(1+BW55/100) -> 0 | N55: 0.00058 | O55: =G55*N55 -> 0.0754 | P55: RTS I / 2025 | Z55: =ROUND(IF(AQ55="5",BJ55,0),2) -> 0 | AB55: =ROUND(IF(AQ55="1",BH55,0),2) -> 0 | AC55: =ROUND(IF(AQ55="1",BI55,0),2) -> 0 | AD55: =ROUND(IF(AQ55="7",BH55,0),2) -> 0 | AE55: =ROUND(IF(AQ55="7",BI55,0),2) -> 0 | AF55: =ROUND(IF(AQ55="2",BH55,0),2) -> 0 | AG55: =ROUND(IF(AQ55="2",BI55,0),2) -> 0 | AH55: =ROUND(IF(AQ55="0",BJ55,0),2) -> 0 | AJ55: =IF(AN55=0,L55,0) -> 0 | AK55: =IF(AN55=12,L55,0) -> 0 | AL55: =IF(AN55=21,L55,0) -> 0 | AN55: 12 | AO55: =H55*0.270882804 -> 0 | AP55: =H55*(1-0.270882804) -> 0 | AQ55: 7 | AV55: =ROUND(AW55+AX55,2) -> 0 | AW55: =ROUND(G55*AO55,2) -> 0 | AX55: =ROUND(G55*AP55,2) -> 0 | AY55: 722_ | AZ55: 72_ | BA55: _ | BC55: =AW55+AX55 -> 0 | BD55: =H55/(100-BE55)*100 -> 0 | BE55: 0 | BF55: =O55 -> 0.0754 | BH55: =G55*AO55 -> 0 | BI55: =G55*AP55 -> 0 | BJ55: =G55*H55 -> 0 | BK55: P | BL55: 722 | BW55: =I55 -> 0 | BX55: Potrubí z PPR, D 25 x 3,5 mm, PN 16, vč.zed.výpom.
A56: 38 | C56: 722172413R00 | D56: Potrubí z PPR, D 32 x 4,4 mm, PN 16, vč.zed.výpom. | F56: m | G56: 0 | J56: =ROUND(G56*AO56,2) -> 0 | K56: =ROUND(G56*AP56,2) -> 0 | L56: =ROUND(G56*H56,2) -> 0 | M56: =L56*(1+BW56/100) -> 0 | N56: 0.00074 | O56: =G56*N56 -> 0 | P56: RTS I / 2025 | Z56: =ROUND(IF(AQ56="5",BJ56,0),2) -> 0 | AB56: =ROUND(IF(AQ56="1",BH56,0),2) -> 0 | AC56: =ROUND(IF(AQ56="1",BI56,0),2) -> 0 | AD56: =ROUND(IF(AQ56="7",BH56,0),2) -> 0 | AE56: =ROUND(IF(AQ56="7",BI56,0),2) -> 0 | AF56: =ROUND(IF(AQ56="2",BH56,0),2) -> 0 | AG56: =ROUND(IF(AQ56="2",BI56,0),2) -> 0 | AH56: =ROUND(IF(AQ56="0",BJ56,0),2) -> 0 | AJ56: =IF(AN56=0,L56,0) -> 0 | AK56: =IF(AN56=12,L56,0) -> 0 | AL56: =IF(AN56=21,L56,0) -> 0 | AN56: 12 | AO56: =H56*0 -> 0 | AP56: =H56*(1-0) -> 0 | AQ56: 7 | AV56: =ROUND(AW56+AX56,2) -> 0 | AW56: =ROUND(G56*AO56,2) -> 0 | AX56: =ROUND(G56*AP56,2) -> 0 | AY56: 722_ | AZ56: 72_ | BA56: _ | BC56: =AW56+AX56 -> 0 | BD56: =H56/(100-BE56)*100 -> 0 | BE56: 0 | BF56: =O56 -> 0 | BH56: =G56*AO56 -> 0 | BI56: =G56*AP56 -> 0 | BJ56: =G56*H56 -> 0 | BK56: P | BL56: 722 | BW56: =I56 -> 0 | BX56: Potrubí z PPR, D 32 x 4,4 mm, PN 16, vč.zed.výpom.
A57: 39 | C57: 722172414R00 | D57: Potrubí z PPR, D 40 x 5,5 mm, PN 16, vč.zed.výpom. | F57: m | G57: 0 | J57: =ROUND(G57*AO57,2) -> 0 | K57: =ROUND(G57*AP57,2) -> 0 | L57: =ROUND(G57*H57,2) -> 0 | M57: =L57*(1+BW57/100) -> 0 | N57: 0.00111 | O57: =G57*N57 -> 0 | P57: RTS I / 2025 | Z57: =ROUND(IF(AQ57="5",BJ57,0),2) -> 0 | AB57: =ROUND(IF(AQ57="1",BH57,0),2) -> 0 | AC57: =ROUND(IF(AQ57="1",BI57,0),2) -> 0 | AD57: =ROUND(IF(AQ57="7",BH57,0),2) -> 0 | AE57: =ROUND(IF(AQ57="7",BI57,0),2) -> 0 | AF57: =ROUND(IF(AQ57="2",BH57,0),2) -> 0 | AG57: =ROUND(IF(AQ57="2",BI57,0),2) -> 0 | AH57: =ROUND(IF(AQ57="0",BJ57,0),2) -> 0 | AJ57: =IF(AN57=0,L57,0) -> 0 | AK57: =IF(AN57=12,L57,0) -> 0 | AL57: =IF(AN57=21,L57,0) -> 0 | AN57: 12 | AO57: =H57*0 -> 0 | AP57: =H57*(1-0) -> 0 | AQ57: 7 | AV57: =ROUND(AW57+AX57,2) -> 0 | AW57: =ROUND(G57*AO57,2) -> 0 | AX57: =ROUND(G57*AP57,2) -> 0 | AY57: 722_ | AZ57: 72_ | BA57: _ | BC57: =AW57+AX57 -> 0 | BD57: =H57/(100-BE57)*100 -> 0 | BE57: 0 | BF57: =O57 -> 0 | BH57: =G57*AO57 -> 0 | BI57: =G57*AP57 -> 0 | BJ57: =G57*H57 -> 0 | BK57: P | BL57: 722 | BW57: =I57 -> 0 | BX57: Potrubí z PPR, D 40 x 5,5 mm, PN 16, vč.zed.výpom.
A58: 40 | C58: 722172415R00 | D58: Potrubí z PPR, D 50 x 6,9 mm, PN 16, vč.zed.výpom. | F58: m | G58: 0 | J58: =ROUND(G58*AO58,2) -> 0 | K58: =ROUND(G58*AP58,2) -> 0 | L58: =ROUND(G58*H58,2) -> 0 | M58: =L58*(1+BW58/100) -> 0 | N58: 0.006 | O58: =G58*N58 -> 0 | P58: RTS I / 2025 | Z58: =ROUND(IF(AQ58="5",BJ58,0),2) -> 0 | AB58: =ROUND(IF(AQ58="1",BH58,0),2) -> 0 | AC58: =ROUND(IF(AQ58="1",BI58,0),2) -> 0 | AD58: =ROUND(IF(AQ58="7",BH58,0),2) -> 0 | AE58: =ROUND(IF(AQ58="7",BI58,0),2) -> 0 | AF58: =ROUND(IF(AQ58="2",BH58,0),2) -> 0 | AG58: =ROUND(IF(AQ58="2",BI58,0),2) -> 0 | AH58: =ROUND(IF(AQ58="0",BJ58,0),2) -> 0 | AJ58: =IF(AN58=0,L58,0) -> 0 | AK58: =IF(AN58=12,L58,0) -> 0 | AL58: =IF(AN58=21,L58,0) -> 0 | AN58: 12 | AO58: =H58*0 -> 0 | AP58: =H58*(1-0) -> 0 | AQ58: 7 | AV58: =ROUND(AW58+AX58,2) -> 0 | AW58: =ROUND(G58*AO58,2) -> 0 | AX58: =ROUND(G58*AP58,2) -> 0 | AY58: 722_ | AZ58: 72_ | BA58: _ | BC58: =AW58+AX58 -> 0 | BD58: =H58/(100-BE58)*100 -> 0 | BE58: 0 | BF58: =O58 -> 0 | BH58: =G58*AO58 -> 0 | BI58: =G58*AP58 -> 0 | BJ58: =G58*H58 -> 0 | BK58: P | BL58: 722 | BW58: =I58 -> 0 | BX58: Potrubí z PPR, D 50 x 6,9 mm, PN 16, vč.zed.výpom.
A59: 41 | C59: 722172416R00 | D59: Potrubí z PPR, D 63 x 8,6 mm, PN 16, vč.zed.výpom. | F59: m | G59: 0 | J59: =ROUND(G59*AO59,2) -> 0 | K59: =ROUND(G59*AP59,2) -> 0 | L59: =ROUND(G59*H59,2) -> 0 | M59: =L59*(1+BW59/100) -> 0 | N59: 0.00677 | O59: =G59*N59 -> 0 | P59: RTS I / 2025 | Z59: =ROUND(IF(AQ59="5",BJ59,0),2) -> 0 | AB59: =ROUND(IF(AQ59="1",BH59,0),2) -> 0 | AC59: =ROUND(IF(AQ59="1",BI59,0),2) -> 0 | AD59: =ROUND(IF(AQ59="7",BH59,0),2) -> 0 | AE59: =ROUND(IF(AQ59="7",BI59,0),2) -> 0 | AF59: =ROUND(IF(AQ59="2",BH59,0),2) -> 0 | AG59: =ROUND(IF(AQ59="2",BI59,0),2) -> 0 | AH59: =ROUND(IF(AQ59="0",BJ59,0),2) -> 0 | AJ59: =IF(AN59=0,L59,0) -> 0 | AK59: =IF(AN59=12,L59,0) -> 0 | AL59: =IF(AN59=21,L59,0) -> 0 | AN59: 12 | AO59: =H59*0 -> 0 | AP59: =H59*(1-0) -> 0 | AQ59: 7 | AV59: =ROUND(AW59+AX59,2) -> 0 | AW59: =ROUND(G59*AO59,2) -> 0 | AX59: =ROUND(G59*AP59,2) -> 0 | AY59: 722_ | AZ59: 72_ | BA59: _ | BC59: =AW59+AX59 -> 0 | BD59: =H59/(100-BE59)*100 -> 0 | BE59: 0 | BF59: =O59 -> 0 | BH59: =G59*AO59 -> 0 | BI59: =G59*AP59 -> 0 | BJ59: =G59*H59 -> 0 | BK59: P | BL59: 722 | BW59: =I59 -> 0 | BX59: Potrubí z PPR, D 63 x 8,6 mm, PN 16, vč.zed.výpom.
A60: 42 | C60: 722178711R00 | D60: Potrubí vícevrst.vod.Wavin Basalt Plus,D 20x2,8 mm | F60: m | G60: 0 | J60: =ROUND(G60*AO60,2) -> 0 | K60: =ROUND(G60*AP60,2) -> 0 | L60: =ROUND(G60*H60,2) -> 0 | M60: =L60*(1+BW60/100) -> 0 | N60: 0.00043 | O60: =G60*N60 -> 0 | P60: RTS I / 2025 | Z60: =ROUND(IF(AQ60="5",BJ60,0),2) -> 0 | AB60: =ROUND(IF(AQ60="1",BH60,0),2) -> 0 | AC60: =ROUND(IF(AQ60="1",BI60,0),2) -> 0 | AD60: =ROUND(IF(AQ60="7",BH60,0),2) -> 0 | AE60: =ROUND(IF(AQ60="7",BI60,0),2) -> 0 | AF60: =ROUND(IF(AQ60="2",BH60,0),2) -> 0 | AG60: =ROUND(IF(AQ60="2",BI60,0),2) -> 0 | AH60: =ROUND(IF(AQ60="0",BJ60,0),2) -> 0 | AJ60: =IF(AN60=0,L60,0) -> 0 | AK60: =IF(AN60=12,L60,0) -> 0 | AL60: =IF(AN60=21,L60,0) -> 0 | AN60: 12 | AO60: =H60*0 -> 0 | AP60: =H60*(1-0) -> 0 | AQ60: 7 | AV60: =ROUND(AW60+AX60,2) -> 0 | AW60: =ROUND(G60*AO60,2) -> 0 | AX60: =ROUND(G60*AP60,2) -> 0 | AY60: 722_ | AZ60: 72_ | BA60: _ | BC60: =AW60+AX60 -> 0 | BD60: =H60/(100-BE60)*100 -> 0 | BE60: 0 | BF60: =O60 -> 0 | BH60: =G60*AO60 -> 0 | BI60: =G60*AP60 -> 0 | BJ60: =G60*H60 -> 0 | BK60: P | BL60: 722 | BW60: =I60 -> 0 | BX60: Potrubí vícevrst.vod.Wavin Basalt Plus,D 20x2,8 mm
A61: 43 | C61: 722178712R00 | D61: Potrubí vícevrst.vod.Wavin Basalt Plus,D 25x3,5 mm | F61: m | G61: 0 | J61: =ROUND(G61*AO61,2) -> 0 | K61: =ROUND(G61*AP61,2) -> 0 | L61: =ROUND(G61*H61,2) -> 0 | M61: =L61*(1+BW61/100) -> 0 | N61: 0.00053 | O61: =G61*N61 -> 0 | P61: RTS I / 2025 | Z61: =ROUND(IF(AQ61="5",BJ61,0),2) -> 0 | AB61: =ROUND(IF(AQ61="1",BH61,0),2) -> 0 | AC61: =ROUND(IF(AQ61="1",BI61,0),2) -> 0 | AD61: =ROUND(IF(AQ61="7",BH61,0),2) -> 0 | AE61: =ROUND(IF(AQ61="7",BI61,0),2) -> 0 | AF61: =ROUND(IF(AQ61="2",BH61,0),2) -> 0 | AG61: =ROUND(IF(AQ61="2",BI61,0),2) -> 0 | AH61: =ROUND(IF(AQ61="0",BJ61,0),2) -> 0 | AJ61: =IF(AN61=0,L61,0) -> 0 | AK61: =IF(AN61=12,L61,0) -> 0 | AL61: =IF(AN61=21,L61,0) -> 0 | AN61: 12 | AO61: =H61*0 -> 0 | AP61: =H61*(1-0) -> 0 | AQ61: 7 | AV61: =ROUND(AW61+AX61,2) -> 0 | AW61: =ROUND(G61*AO61,2) -> 0 | AX61: =ROUND(G61*AP61,2) -> 0 | AY61: 722_ | AZ61: 72_ | BA61: _ | BC61: =AW61+AX61 -> 0 | BD61: =H61/(100-BE61)*100 -> 0 | BE61: 0 | BF61: =O61 -> 0 | BH61: =G61*AO61 -> 0 | BI61: =G61*AP61 -> 0 | BJ61: =G61*H61 -> 0 | BK61: P | BL61: 722 | BW61: =I61 -> 0 | BX61: Potrubí vícevrst.vod.Wavin Basalt Plus,D 25x3,5 mm
A62: 44 | C62: 722178713R00 | D62: Potrubí vícevrst.vod.Wavin Basalt Plus,D 32x4,4 mm | F62: m | G62: 70 | J62: =ROUND(G62*AO62,2) -> 0 | K62: =ROUND(G62*AP62,2) -> 0 | L62: =ROUND(G62*H62,2) -> 0 | M62: =L62*(1+BW62/100) -> 0 | N62: 0.00073 | O62: =G62*N62 -> 0.0511 | P62: RTS I / 2025 | Z62: =ROUND(IF(AQ62="5",BJ62,0),2) -> 0 | AB62: =ROUND(IF(AQ62="1",BH62,0),2) -> 0 | AC62: =ROUND(IF(AQ62="1",BI62,0),2) -> 0 | AD62: =ROUND(IF(AQ62="7",BH62,0),2) -> 0 | AE62: =ROUND(IF(AQ62="7",BI62,0),2) -> 0 | AF62: =ROUND(IF(AQ62="2",BH62,0),2) -> 0 | AG62: =ROUND(IF(AQ62="2",BI62,0),2) -> 0 | AH62: =ROUND(IF(AQ62="0",BJ62,0),2) -> 0 | AJ62: =IF(AN62=0,L62,0) -> 0 | AK62: =IF(AN62=12,L62,0) -> 0 | AL62: =IF(AN62=21,L62,0) -> 0 | AN62: 12 | AO62: =H62*0.554517759 -> 0 | AP62: =H62*(1-0.554517759) -> 0 | AQ62: 7 | AV62: =ROUND(AW62+AX62,2) -> 0 | AW62: =ROUND(G62*AO62,2) -> 0 | AX62: =ROUND(G62*AP62,2) -> 0 | AY62: 722_ | AZ62: 72_ | BA62: _ | BC62: =AW62+AX62 -> 0 | BD62: =H62/(100-BE62)*100 -> 0 | BE62: 0 | BF62: =O62 -> 0.0511 | BH62: =G62*AO62 -> 0 | BI62: =G62*AP62 -> 0 | BJ62: =G62*H62 -> 0 | BK62: P | BL62: 722 | BW62: =I62 -> 0 | BX62: Potrubí vícevrst.vod.Wavin Basalt Plus,D 32x4,4 mm
A63: 45 | C63: 722178714R00 | D63: Potrubí vícevrst.vod.Wavin Basalt Plus,D 40x5,5 mm | F63: m | G63: 85 | J63: =ROUND(G63*AO63,2) -> 0 | K63: =ROUND(G63*AP63,2) -> 0 | L63: =ROUND(G63*H63,2) -> 0 | M63: =L63*(1+BW63/100) -> 0 | N63: 0.00102 | O63: =G63*N63 -> 0.0867 | P63: RTS I / 2025 | Z63: =ROUND(IF(AQ63="5",BJ63,0),2) -> 0 | AB63: =ROUND(IF(AQ63="1",BH63,0),2) -> 0 | AC63: =ROUND(IF(AQ63="1",BI63,0),2) -> 0 | AD63: =ROUND(IF(AQ63="7",BH63,0),2) -> 0 | AE63: =ROUND(IF(AQ63="7",BI63,0),2) -> 0 | AF63: =ROUND(IF(AQ63="2",BH63,0),2) -> 0 | AG63: =ROUND(IF(AQ63="2",BI63,0),2) -> 0 | AH63: =ROUND(IF(AQ63="0",BJ63,0),2) -> 0 | AJ63: =IF(AN63=0,L63,0) -> 0 | AK63: =IF(AN63=12,L63,0) -> 0 | AL63: =IF(AN63=21,L63,0) -> 0 | AN63: 12 | AO63: =H63*0.658248547 -> 0 | AP63: =H63*(1-0.658248547) -> 0 | AQ63: 7 | AV63: =ROUND(AW63+AX63,2) -> 0 | AW63: =ROUND(G63*AO63,2) -> 0 | AX63: =ROUND(G63*AP63,2) -> 0 | AY63: 722_ | AZ63: 72_ | BA63: _ | BC63: =AW63+AX63 -> 0 | BD63: =H63/(100-BE63)*100 -> 0 | BE63: 0 | BF63: =O63 -> 0.0867 | BH63: =G63*AO63 -> 0 | BI63: =G63*AP63 -> 0 | BJ63: =G63*H63 -> 0 | BK63: P | BL63: 722 | BW63: =I63 -> 0 | BX63: Potrubí vícevrst.vod.Wavin Basalt Plus,D 40x5,5 mm
A64: 46 | C64: 722178715R00 | D64: Potrubí vícevrst.vod.Wavin Basalt Plus,D 50x6,9 mm | F64: m | G64: 90 | J64: =ROUND(G64*AO64,2) -> 0 | K64: =ROUND(G64*AP64,2) -> 0 | L64: =ROUND(G64*H64,2) -> 0 | M64: =L64*(1+BW64/100) -> 0 | N64: 0.00138 | O64: =G64*N64 -> 0.1242 | P64: RTS I / 2025 | Z64: =ROUND(IF(AQ64="5",BJ64,0),2) -> 0 | AB64: =ROUND(IF(AQ64="1",BH64,0),2) -> 0 | AC64: =ROUND(IF(AQ64="1",BI64,0),2) -> 0 | AD64: =ROUND(IF(AQ64="7",BH64,0),2) -> 0 | AE64: =ROUND(IF(AQ64="7",BI64,0),2) -> 0 | AF64: =ROUND(IF(AQ64="2",BH64,0),2) -> 0 | AG64: =ROUND(IF(AQ64="2",BI64,0),2) -> 0 | AH64: =ROUND(IF(AQ64="0",BJ64,0),2) -> 0 | AJ64: =IF(AN64=0,L64,0) -> 0 | AK64: =IF(AN64=12,L64,0) -> 0 | AL64: =IF(AN64=21,L64,0) -> 0 | AN64: 12 | AO64: =H64*0.655336538 -> 0 | AP64: =H64*(1-0.655336538) -> 0 | AQ64: 7 | AV64: =ROUND(AW64+AX64,2) -> 0 | AW64: =ROUND(G64*AO64,2) -> 0 | AX64: =ROUND(G64*AP64,2) -> 0 | AY64: 722_ | AZ64: 72_ | BA64: _ | BC64: =AW64+AX64 -> 0 | BD64: =H64/(100-BE64)*100 -> 0 | BE64: 0 | BF64: =O64 -> 0.1242 | BH64: =G64*AO64 -> 0 | BI64: =G64*AP64 -> 0 | BJ64: =G64*H64 -> 0 | BK64: P | BL64: 722 | BW64: =I64 -> 0 | BX64: Potrubí vícevrst.vod.Wavin Basalt Plus,D 50x6,9 mm
A65: 47 | C65: 722178716R00 | D65: Potrubí vícevrst.vod.Wavin Basalt Plus,D 63x8,6 mm | F65: m | G65: 95 | J65: =ROUND(G65*AO65,2) -> 0 | K65: =ROUND(G65*AP65,2) -> 0 | L65: =ROUND(G65*H65,2) -> 0 | M65: =L65*(1+BW65/100) -> 0 | N65: 0.0021 | O65: =G65*N65 -> 0.1995 | P65: RTS I / 2025 | Z65: =ROUND(IF(AQ65="5",BJ65,0),2) -> 0 | AB65: =ROUND(IF(AQ65="1",BH65,0),2) -> 0 | AC65: =ROUND(IF(AQ65="1",BI65,0),2) -> 0 | AD65: =ROUND(IF(AQ65="7",BH65,0),2) -> 0 | AE65: =ROUND(IF(AQ65="7",BI65,0),2) -> 0 | AF65: =ROUND(IF(AQ65="2",BH65,0),2) -> 0 | AG65: =ROUND(IF(AQ65="2",BI65,0),2) -> 0 | AH65: =ROUND(IF(AQ65="0",BJ65,0),2) -> 0 | AJ65: =IF(AN65=0,L65,0) -> 0 | AK65: =IF(AN65=12,L65,0) -> 0 | AL65: =IF(AN65=21,L65,0) -> 0 | AN65: 12 | AO65: =H65*0.715333361 -> 0 | AP65: =H65*(1-0.715333361) -> 0 | AQ65: 7 | AV65: =ROUND(AW65+AX65,2) -> 0 | AW65: =ROUND(G65*AO65,2) -> 0 | AX65: =ROUND(G65*AP65,2) -> 0 | AY65: 722_ | AZ65: 72_ | BA65: _ | BC65: =AW65+AX65 -> 0 | BD65: =H65/(100-BE65)*100 -> 0 | BE65: 0 | BF65: =O65 -> 0.1995 | BH65: =G65*AO65 -> 0 | BI65: =G65*AP65 -> 0 | BJ65: =G65*H65 -> 0 | BK65: P | BL65: 722 | BW65: =I65 -> 0 | BX65: Potrubí vícevrst.vod.Wavin Basalt Plus,D 63x8,6 mm
A66: 48 | C66: 722132114R00 | D66: Potrubí ocel vně/vni pozink.Geberit Mapress 22x1,5 | F66: m | G66: 15 | J66: =ROUND(G66*AO66,2) -> 0 | K66: =ROUND(G66*AP66,2) -> 0 | L66: =ROUND(G66*H66,2) -> 0 | M66: =L66*(1+BW66/100) -> 0 | N66: 0.00107 | O66: =G66*N66 -> 0.01605 | P66: RTS I / 2025 | Z66: =ROUND(IF(AQ66="5",BJ66,0),2) -> 0 | AB66: =ROUND(IF(AQ66="1",BH66,0),2) -> 0 | AC66: =ROUND(IF(AQ66="1",BI66,0),2) -> 0 | AD66: =ROUND(IF(AQ66="7",BH66,0),2) -> 0 | AE66: =ROUND(IF(AQ66="7",BI66,0),2) -> 0 | AF66: =ROUND(IF(AQ66="2",BH66,0),2) -> 0 | AG66: =ROUND(IF(AQ66="2",BI66,0),2) -> 0 | AH66: =ROUND(IF(AQ66="0",BJ66,0),2) -> 0 | AJ66: =IF(AN66=0,L66,0) -> 0 | AK66: =IF(AN66=12,L66,0) -> 0 | AL66: =IF(AN66=21,L66,0) -> 0 | AN66: 12 | AO66: =H66*0.560640577 -> 0 | AP66: =H66*(1-0.560640577) -> 0 | AQ66: 7 | AV66: =ROUND(AW66+AX66,2) -> 0 | AW66: =ROUND(G66*AO66,2) -> 0 | AX66: =ROUND(G66*AP66,2) -> 0 | AY66: 722_ | AZ66: 72_ | BA66: _ | BC66: =AW66+AX66 -> 0 | BD66: =H66/(100-BE66)*100 -> 0 | BE66: 0 | BF66: =O66 -> 0.01605 | BH66: =G66*AO66 -> 0 | BI66: =G66*AP66 -> 0 | BJ66: =G66*H66 -> 0 | BK66: P | BL66: 722 | BW66: =I66 -> 0 | BX66: Potrubí ocel vně/vni pozink.Geberit Mapress 22x1,5
A67: 49 | C67: 722132116R00 | D67: Potrubí ocel vně/vni pozink.Geberit Mapress 35x1,5 | F67: m | G67: 150 | J67: =ROUND(G67*AO67,2) -> 0 | K67: =ROUND(G67*AP67,2) -> 0 | L67: =ROUND(G67*H67,2) -> 0 | M67: =L67*(1+BW67/100) -> 0 | N67: 0.00162 | O67: =G67*N67 -> 0.243 | P67: RTS I / 2025 | Z67: =ROUND(IF(AQ67="5",BJ67,0),2) -> 0 | AB67: =ROUND(IF(AQ67="1",BH67,0),2) -> 0 | AC67: =ROUND(IF(AQ67="1",BI67,0),2) -> 0 | AD67: =ROUND(IF(AQ67="7",BH67,0),2) -> 0 | AE67: =ROUND(IF(AQ67="7",BI67,0),2) -> 0 | AF67: =ROUND(IF(AQ67="2",BH67,0),2) -> 0 | AG67: =ROUND(IF(AQ67="2",BI67,0),2) -> 0 | AH67: =ROUND(IF(AQ67="0",BJ67,0),2) -> 0 | AJ67: =IF(AN67=0,L67,0) -> 0 | AK67: =IF(AN67=12,L67,0) -> 0 | AL67: =IF(AN67=21,L67,0) -> 0 | AN67: 12 | AO67: =H67*0.684410685 -> 0 | AP67: =H67*(1-0.684410685) -> 0 | AQ67: 7 | AV67: =ROUND(AW67+AX67,2) -> 0 | AW67: =ROUND(G67*AO67,2) -> 0 | AX67: =ROUND(G67*AP67,2) -> 0 | AY67: 722_ | AZ67: 72_ | BA67: _ | BC67: =AW67+AX67 -> 0 | BD67: =H67/(100-BE67)*100 -> 0 | BE67: 0 | BF67: =O67 -> 0.243 | BH67: =G67*AO67 -> 0 | BI67: =G67*AP67 -> 0 | BJ67: =G67*H67 -> 0 | BK67: P | BL67: 722 | BW67: =I67 -> 0 | BX67: Potrubí ocel vně/vni pozink.Geberit Mapress 35x1,5
A68: 50 | C68: 722132117R00 | D68: Potrubí ocel vně/vni pozink.Geberit Mapress 42x1,5 | F68: m | G68: 200 | J68: =ROUND(G68*AO68,2) -> 0 | K68: =ROUND(G68*AP68,2) -> 0 | L68: =ROUND(G68*H68,2) -> 0 | M68: =L68*(1+BW68/100) -> 0 | N68: 0.00193 | O68: =G68*N68 -> 0.386 | P68: RTS I / 2025 | Z68: =ROUND(IF(AQ68="5",BJ68,0),2) -> 0 | AB68: =ROUND(IF(AQ68="1",BH68,0),2) -> 0 | AC68: =ROUND(IF(AQ68="1",BI68,0),2) -> 0 | AD68: =ROUND(IF(AQ68="7",BH68,0),2) -> 0 | AE68: =ROUND(IF(AQ68="7",BI68,0),2) -> 0 | AF68: =ROUND(IF(AQ68="2",BH68,0),2) -> 0 | AG68: =ROUND(IF(AQ68="2",BI68,0),2) -> 0 | AH68: =ROUND(IF(AQ68="0",BJ68,0),2) -> 0 | AJ68: =IF(AN68=0,L68,0) -> 0 | AK68: =IF(AN68=12,L68,0) -> 0 | AL68: =IF(AN68=21,L68,0) -> 0 | AN68: 12 | AO68: =H68*0.698255234 -> 0 | AP68: =H68*(1-0.698255234) -> 0 | AQ68: 7 | AV68: =ROUND(AW68+AX68,2) -> 0 | AW68: =ROUND(G68*AO68,2) -> 0 | AX68: =ROUND(G68*AP68,2) -> 0 | AY68: 722_ | AZ68: 72_ | BA68: _ | BC68: =AW68+AX68 -> 0 | BD68: =H68/(100-BE68)*100 -> 0 | BE68: 0 | BF68: =O68 -> 0.386 | BH68: =G68*AO68 -> 0 | BI68: =G68*AP68 -> 0 | BJ68: =G68*H68 -> 0 | BK68: P | BL68: 722 | BW68: =I68 -> 0 | BX68: Potrubí ocel vně/vni pozink.Geberit Mapress 42x1,5
A69: 51 | C69: 722280106R00 | D69: Tlaková zkouška vodovodního potrubí DN 32 | F69: m | G69: 90 | J69: =ROUND(G69*AO69,2) -> 0 | K69: =ROUND(G69*AP69,2) -> 0 | L69: =ROUND(G69*H69,2) -> 0 | M69: =L69*(1+BW69/100) -> 0 | N69: 0 | O69: =G69*N69 -> 0 | P69: RTS I / 2025 | Z69: =ROUND(IF(AQ69="5",BJ69,0),2) -> 0 | AB69: =ROUND(IF(AQ69="1",BH69,0),2) -> 0 | AC69: =ROUND(IF(AQ69="1",BI69,0),2) -> 0 | AD69: =ROUND(IF(AQ69="7",BH69,0),2) -> 0 | AE69: =ROUND(IF(AQ69="7",BI69,0),2) -> 0 | AF69: =ROUND(IF(AQ69="2",BH69,0),2) -> 0 | AG69: =ROUND(IF(AQ69="2",BI69,0),2) -> 0 | AH69: =ROUND(IF(AQ69="0",BJ69,0),2) -> 0 | AJ69: =IF(AN69=0,L69,0) -> 0 | AK69: =IF(AN69=12,L69,0) -> 0 | AL69: =IF(AN69=21,L69,0) -> 0 | AN69: 12 | AO69: =H69*0.013526346 -> 0 | AP69: =H69*(1-0.013526346) -> 0 | AQ69: 7 | AV69: =ROUND(AW69+AX69,2) -> 0 | AW69: =ROUND(G69*AO69,2) -> 0 | AX69: =ROUND(G69*AP69,2) -> 0 | AY69: 722_ | AZ69: 72_ | BA69: _ | BC69: =AW69+AX69 -> 0 | BD69: =H69/(100-BE69)*100 -> 0 | BE69: 0 | BF69: =O69 -> 0 | BH69: =G69*AO69 -> 0 | BI69: =G69*AP69 -> 0 | BJ69: =G69*H69 -> 0 | BK69: P | BL69: 722 | BW69: =I69 -> 0 | BX69: Tlaková zkouška vodovodního potrubí DN 32
A70: 52 | C70: 722280108R00 | D70: Tlaková zkouška vodovodního potrubí DN 50 | F70: m | G70: 195 | J70: =ROUND(G70*AO70,2) -> 0 | K70: =ROUND(G70*AP70,2) -> 0 | L70: =ROUND(G70*H70,2) -> 0 | M70: =L70*(1+BW70/100) -> 0 | N70: 0 | O70: =G70*N70 -> 0 | P70: RTS I / 2025 | Z70: =ROUND(IF(AQ70="5",BJ70,0),2) -> 0 | AB70: =ROUND(IF(AQ70="1",BH70,0),2) -> 0 | AC70: =ROUND(IF(AQ70="1",BI70,0),2) -> 0 | AD70: =ROUND(IF(AQ70="7",BH70,0),2) -> 0 | AE70: =ROUND(IF(AQ70="7",BI70,0),2) -> 0 | AF70: =ROUND(IF(AQ70="2",BH70,0),2) -> 0 | AG70: =ROUND(IF(AQ70="2",BI70,0),2) -> 0 | AH70: =ROUND(IF(AQ70="0",BJ70,0),2) -> 0 | AJ70: =IF(AN70=0,L70,0) -> 0 | AK70: =IF(AN70=12,L70,0) -> 0 | AL70: =IF(AN70=21,L70,0) -> 0 | AN70: 12 | AO70: =H70*0.017942164 -> 0 | AP70: =H70*(1-0.017942164) -> 0 | AQ70: 7 | AV70: =ROUND(AW70+AX70,2) -> 0 | AW70: =ROUND(G70*AO70,2) -> 0 | AX70: =ROUND(G70*AP70,2) -> 0 | AY70: 722_ | AZ70: 72_ | BA70: _ | BC70: =AW70+AX70 -> 0 | BD70: =H70/(100-BE70)*100 -> 0 | BE70: 0 | BF70: =O70 -> 0 | BH70: =G70*AO70 -> 0 | BI70: =G70*AP70 -> 0 | BJ70: =G70*H70 -> 0 | BK70: P | BL70: 722 | BW70: =I70 -> 0 | BX70: Tlaková zkouška vodovodního potrubí DN 50
A71: 53 | C71: 722280109R00 | D71: Tlaková zkouška vodovodního potrubí DN 65 | F71: m | G71: 160 | J71: =ROUND(G71*AO71,2) -> 0 | K71: =ROUND(G71*AP71,2) -> 0 | L71: =ROUND(G71*H71,2) -> 0 | M71: =L71*(1+BW71/100) -> 0 | N71: 0 | O71: =G71*N71 -> 0 | P71: RTS I / 2025 | Z71: =ROUND(IF(AQ71="5",BJ71,0),2) -> 0 | AB71: =ROUND(IF(AQ71="1",BH71,0),2) -> 0 | AC71: =ROUND(IF(AQ71="1",BI71,0),2) -> 0 | AD71: =ROUND(IF(AQ71="7",BH71,0),2) -> 0 | AE71: =ROUND(IF(AQ71="7",BI71,0),2) -> 0 | AF71: =ROUND(IF(AQ71="2",BH71,0),2) -> 0 | AG71: =ROUND(IF(AQ71="2",BI71,0),2) -> 0 | AH71: =ROUND(IF(AQ71="0",BJ71,0),2) -> 0 | AJ71: =IF(AN71=0,L71,0) -> 0 | AK71: =IF(AN71=12,L71,0) -> 0 | AL71: =IF(AN71=21,L71,0) -> 0 | AN71: 12 | AO71: =H71*0.016586718 -> 0 | AP71: =H71*(1-0.016586718) -> 0 | AQ71: 7 | AV71: =ROUND(AW71+AX71,2) -> 0 | AW71: =ROUND(G71*AO71,2) -> 0 | AX71: =ROUND(G71*AP71,2) -> 0 | AY71: 722_ | AZ71: 72_ | BA71: _ | BC71: =AW71+AX71 -> 0 | BD71: =H71/(100-BE71)*100 -> 0 | BE71: 0 | BF71: =O71 -> 0 | BH71: =G71*AO71 -> 0 | BI71: =G71*AP71 -> 0 | BJ71: =G71*H71 -> 0 | BK71: P | BL71: 722 | BW71: =I71 -> 0 | BX71: Tlaková zkouška vodovodního potrubí DN 65
A72: 54 | C72: 722290234R00 | D72: Proplach a dezinfekce vodovod.potrubí DN 80 | F72: m | G72: 1710 | J72: =ROUND(G72*AO72,2) -> 0 | K72: =ROUND(G72*AP72,2) -> 0 | L72: =ROUND(G72*H72,2) -> 0 | M72: =L72*(1+BW72/100) -> 0 | N72: 1e-05 | O72: =G72*N72 -> 0.0171 | P72: RTS I / 2025 | Z72: =ROUND(IF(AQ72="5",BJ72,0),2) -> 0 | AB72: =ROUND(IF(AQ72="1",BH72,0),2) -> 0 | AC72: =ROUND(IF(AQ72="1",BI72,0),2) -> 0 | AD72: =ROUND(IF(AQ72="7",BH72,0),2) -> 0 | AE72: =ROUND(IF(AQ72="7",BI72,0),2) -> 0 | AF72: =ROUND(IF(AQ72="2",BH72,0),2) -> 0 | AG72: =ROUND(IF(AQ72="2",BI72,0),2) -> 0 | AH72: =ROUND(IF(AQ72="0",BJ72,0),2) -> 0 | AJ72: =IF(AN72=0,L72,0) -> 0 | AK72: =IF(AN72=12,L72,0) -> 0 | AL72: =IF(AN72=21,L72,0) -> 0 | AN72: 12 | AO72: =H72*0.047043972 -> 0 | AP72: =H72*(1-0.047043972) -> 0 | AQ72: 7 | AV72: =ROUND(AW72+AX72,2) -> 0 | AW72: =ROUND(G72*AO72,2) -> 0 | AX72: =ROUND(G72*AP72,2) -> 0 | AY72: 722_ | AZ72: 72_ | BA72: _ | BC72: =AW72+AX72 -> 0 | BD72: =H72/(100-BE72)*100 -> 0 | BE72: 0 | BF72: =O72 -> 0.0171 | BH72: =G72*AO72 -> 0 | BI72: =G72*AP72 -> 0 | BJ72: =G72*H72 -> 0 | BK72: P | BL72: 722 | BW72: =I72 -> 0 | BX72: Proplach a dezinfekce vodovod.potrubí DN 80
A73: 55 | C73: 722181213RT7 | D73: Izolace návleková MIRELON PRO tl. stěny 13 mm | F73: m | G73: 300 | J73: =ROUND(G73*AO73,2) -> 0 | K73: =ROUND(G73*AP73,2) -> 0 | L73: =ROUND(G73*H73,2) -> 0 | M73: =L73*(1+BW73/100) -> 0 | N73: 4e-05 | O73: =G73*N73 -> 0.012 | P73: RTS I / 2025 | Z73: =ROUND(IF(AQ73="5",BJ73,0),2) -> 0 | AB73: =ROUND(IF(AQ73="1",BH73,0),2) -> 0 | AC73: =ROUND(IF(AQ73="1",BI73,0),2) -> 0 | AD73: =ROUND(IF(AQ73="7",BH73,0),2) -> 0 | AE73: =ROUND(IF(AQ73="7",BI73,0),2) -> 0 | AF73: =ROUND(IF(AQ73="2",BH73,0),2) -> 0 | AG73: =ROUND(IF(AQ73="2",BI73,0),2) -> 0 | AH73: =ROUND(IF(AQ73="0",BJ73,0),2) -> 0 | AJ73: =IF(AN73=0,L73,0) -> 0 | AK73: =IF(AN73=12,L73,0) -> 0 | AL73: =IF(AN73=21,L73,0) -> 0 | AN73: 12 | AO73: =H73*0.248868778 -> 0 | AP73: =H73*(1-0.248868778) -> 0 | AQ73: 7 | AV73: =ROUND(AW73+AX73,2) -> 0 | AW73: =ROUND(G73*AO73,2) -> 0 | AX73: =ROUND(G73*AP73,2) -> 0 | AY73: 722_ | AZ73: 72_ | BA73: _ | BC73: =AW73+AX73 -> 0 | BD73: =H73/(100-BE73)*100 -> 0 | BE73: 0 | BF73: =O73 -> 0.012 | BH73: =G73*AO73 -> 0 | BI73: =G73*AP73 -> 0 | BJ73: =G73*H73 -> 0 | BK73: P | BL73: 722 | BW73: =I73 -> 0 | BX73: Izolace návleková MIRELON PRO tl. stěny 13 mm
C74: Varianta: | D74: vnitřní průměr 22 mm
A75: 56 | C75: 722181213RT8 | D75: Izolace návleková MIRELON PRO tl. stěny 13 mm | F75: m | G75: 130 | J75: =ROUND(G75*AO75,2) -> 0 | K75: =ROUND(G75*AP75,2) -> 0 | L75: =ROUND(G75*H75,2) -> 0 | M75: =L75*(1+BW75/100) -> 0 | N75: 6e-05 | O75: =G75*N75 -> 0.0078 | P75: RTS I / 2025 | Z75: =ROUND(IF(AQ75="5",BJ75,0),2) -> 0 | AB75: =ROUND(IF(AQ75="1",BH75,0),2) -> 0 | AC75: =ROUND(IF(AQ75="1",BI75,0),2) -> 0 | AD75: =ROUND(IF(AQ75="7",BH75,0),2) -> 0 | AE75: =ROUND(IF(AQ75="7",BI75,0),2) -> 0 | AF75: =ROUND(IF(AQ75="2",BH75,0),2) -> 0 | AG75: =ROUND(IF(AQ75="2",BI75,0),2) -> 0 | AH75: =ROUND(IF(AQ75="0",BJ75,0),2) -> 0 | AJ75: =IF(AN75=0,L75,0) -> 0 | AK75: =IF(AN75=12,L75,0) -> 0 | AL75: =IF(AN75=21,L75,0) -> 0 | AN75: 12 | AO75: =H75*0.269338946 -> 0 | AP75: =H75*(1-0.269338946) -> 0 | AQ75: 7 | AV75: =ROUND(AW75+AX75,2) -> 0 | AW75: =ROUND(G75*AO75,2) -> 0 | AX75: =ROUND(G75*AP75,2) -> 0 | AY75: 722_ | AZ75: 72_ | BA75: _ | BC75: =AW75+AX75 -> 0 | BD75: =H75/(100-BE75)*100 -> 0 | BE75: 0 | BF75: =O75 -> 0.0078 | BH75: =G75*AO75 -> 0 | BI75: =G75*AP75 -> 0 | BJ75: =G75*H75 -> 0 | BK75: P | BL75: 722 | BW75: =I75 -> 0 | BX75: Izolace návleková MIRELON PRO tl. stěny 13 mm
C76: Varianta: | D76: vnitřní průměr 25 mm
A77: 57 | C77: 722181213RU2 | D77: Izolace návleková MIRELON PRO tl. stěny 13 mm | F77: m | G77: 70 | J77: =ROUND(G77*AO77,2) -> 0 | K77: =ROUND(G77*AP77,2) -> 0 | L77: =ROUND(G77*H77,2) -> 0 | M77: =L77*(1+BW77/100) -> 0 | N77: 6e-05 | O77: =G77*N77 -> 0.0042 | P77: RTS I / 2025 | Z77: =ROUND(IF(AQ77="5",BJ77,0),2) -> 0 | AB77: =ROUND(IF(AQ77="1",BH77,0),2) -> 0 | AC77: =ROUND(IF(AQ77="1",BI77,0),2) -> 0 | AD77: =ROUND(IF(AQ77="7",BH77,0),2) -> 0 | AE77: =ROUND(IF(AQ77="7",BI77,0),2) -> 0 | AF77: =ROUND(IF(AQ77="2",BH77,0),2) -> 0 | AG77: =ROUND(IF(AQ77="2",BI77,0),2) -> 0 | AH77: =ROUND(IF(AQ77="0",BJ77,0),2) -> 0 | AJ77: =IF(AN77=0,L77,0) -> 0 | AK77: =IF(AN77=12,L77,0) -> 0 | AL77: =IF(AN77=21,L77,0) -> 0 | AN77: 12 | AO77: =H77*0.311569365 -> 0 | AP77: =H77*(1-0.311569365) -> 0 | AQ77: 7 | AV77: =ROUND(AW77+AX77,2) -> 0 | AW77: =ROUND(G77*AO77,2) -> 0 | AX77: =ROUND(G77*AP77,2) -> 0 | AY77: 722_ | AZ77: 72_ | BA77: _ | BC77: =AW77+AX77 -> 0 | BD77: =H77/(100-BE77)*100 -> 0 | BE77: 0 | BF77: =O77 -> 0.0042 | BH77: =G77*AO77 -> 0 | BI77: =G77*AP77 -> 0 | BJ77: =G77*H77 -> 0 | BK77: P | BL77: 722 | BW77: =I77 -> 0 | BX77: Izolace návleková MIRELON PRO tl. stěny 13 mm
C78: Varianta: | D78: vnitřní průměr 35 mm
A79: 58 | C79: 722181213RV9 | D79: Izolace návleková MIRELON PRO tl. stěny 13 mm | F79: m | G79: 85 | J79: =ROUND(G79*AO79,2) -> 0 | K79: =ROUND(G79*AP79,2) -> 0 | L79: =ROUND(G79*H79,2) -> 0 | M79: =L79*(1+BW79/100) -> 0 | N79: 0.00011 | O79: =G79*N79 -> 0.00935 | P79: RTS I / 2025 | Z79: =ROUND(IF(AQ79="5",BJ79,0),2) -> 0 | AB79: =ROUND(IF(AQ79="1",BH79,0),2) -> 0 | AC79: =ROUND(IF(AQ79="1",BI79,0),2) -> 0 | AD79: =ROUND(IF(AQ79="7",BH79,0),2) -> 0 | AE79: =ROUND(IF(AQ79="7",BI79,0),2) -> 0 | AF79: =ROUND(IF(AQ79="2",BH79,0),2) -> 0 | AG79: =ROUND(IF(AQ79="2",BI79,0),2) -> 0 | AH79: =ROUND(IF(AQ79="0",BJ79,0),2) -> 0 | AJ79: =IF(AN79=0,L79,0) -> 0 | AK79: =IF(AN79=12,L79,0) -> 0 | AL79: =IF(AN79=21,L79,0) -> 0 | AN79: 12 | AO79: =H79*0.304482759 -> 0 | AP79: =H79*(1-0.304482759) -> 0 | AQ79: 7 | AV79: =ROUND(AW79+AX79,2) -> 0 | AW79: =ROUND(G79*AO79,2) -> 0 | AX79: =ROUND(G79*AP79,2) -> 0 | AY79: 722_ | AZ79: 72_ | BA79: _ | BC79: =AW79+AX79 -> 0 | BD79: =H79/(100-BE79)*100 -> 0 | BE79: 0 | BF79: =O79 -> 0.00935 | BH79: =G79*AO79 -> 0 | BI79: =G79*AP79 -> 0 | BJ79: =G79*H79 -> 0 | BK79: P | BL79: 722 | BW79: =I79 -> 0 | BX79: Izolace návleková MIRELON PRO tl. stěny 13 mm
C80: Varianta: | D80: vnitřní průměr 40 mm
A81: 59 | C81: 722181213RW6 | D81: Izolace návleková MIRELON PRO tl. stěny 13 mm | F81: m | G81: 0 | J81: =ROUND(G81*AO81,2) -> 0 | K81: =ROUND(G81*AP81,2) -> 0 | L81: =ROUND(G81*H81,2) -> 0 | M81: =L81*(1+BW81/100) -> 0 | N81: 0.00014 | O81: =G81*N81 -> 0 | P81: RTS I / 2025 | Z81: =ROUND(IF(AQ81="5",BJ81,0),2) -> 0 | AB81: =ROUND(IF(AQ81="1",BH81,0),2) -> 0 | AC81: =ROUND(IF(AQ81="1",BI81,0),2) -> 0 | AD81: =ROUND(IF(AQ81="7",BH81,0),2) -> 0 | AE81: =ROUND(IF(AQ81="7",BI81,0),2) -> 0 | AF81: =ROUND(IF(AQ81="2",BH81,0),2) -> 0 | AG81: =ROUND(IF(AQ81="2",BI81,0),2) -> 0 | AH81: =ROUND(IF(AQ81="0",BJ81,0),2) -> 0 | AJ81: =IF(AN81=0,L81,0) -> 0 | AK81: =IF(AN81=12,L81,0) -> 0 | AL81: =IF(AN81=21,L81,0) -> 0 | AN81: 12 | AO81: =H81*0 -> 0 | AP81: =H81*(1-0) -> 0 | AQ81: 7 | AV81: =ROUND(AW81+AX81,2) -> 0 | AW81: =ROUND(G81*AO81,2) -> 0 | AX81: =ROUND(G81*AP81,2) -> 0 | AY81: 722_ | AZ81: 72_ | BA81: _ | BC81: =AW81+AX81 -> 0 | BD81: =H81/(100-BE81)*100 -> 0 | BE81: 0 | BF81: =O81 -> 0 | BH81: =G81*AO81 -> 0 | BI81: =G81*AP81 -> 0 | BJ81: =G81*H81 -> 0 | BK81: P | BL81: 722 | BW81: =I81 -> 0 | BX81: Izolace návleková MIRELON PRO tl. stěny 13 mm
C82: Varianta: | D82: vnitřní průměr 50 mm
A83: 60 | C83: 722181213RY3 | D83: Izolace návleková MIRELON PRO tl. stěny 13 mm | F83: m | G83: 0 | J83: =ROUND(G83*AO83,2) -> 0 | K83: =ROUND(G83*AP83,2) -> 0 | L83: =ROUND(G83*H83,2) -> 0 | M83: =L83*(1+BW83/100) -> 0 | N83: 0.00019 | O83: =G83*N83 -> 0 | P83: RTS I / 2025 | Z83: =ROUND(IF(AQ83="5",BJ83,0),2) -> 0 | AB83: =ROUND(IF(AQ83="1",BH83,0),2) -> 0 | AC83: =ROUND(IF(AQ83="1",BI83,0),2) -> 0 | AD83: =ROUND(IF(AQ83="7",BH83,0),2) -> 0 | AE83: =ROUND(IF(AQ83="7",BI83,0),2) -> 0 | AF83: =ROUND(IF(AQ83="2",BH83,0),2) -> 0 | AG83: =ROUND(IF(AQ83="2",BI83,0),2) -> 0 | AH83: =ROUND(IF(AQ83="0",BJ83,0),2) -> 0 | AJ83: =IF(AN83=0,L83,0) -> 0 | AK83: =IF(AN83=12,L83,0) -> 0 | AL83: =IF(AN83=21,L83,0) -> 0 | AN83: 12 | AO83: =H83*0 -> 0 | AP83: =H83*(1-0) -> 0 | AQ83: 7 | AV83: =ROUND(AW83+AX83,2) -> 0 | AW83: =ROUND(G83*AO83,2) -> 0 | AX83: =ROUND(G83*AP83,2) -> 0 | AY83: 722_ | AZ83: 72_ | BA83: _ | BC83: =AW83+AX83 -> 0 | BD83: =H83/(100-BE83)*100 -> 0 | BE83: 0 | BF83: =O83 -> 0 | BH83: =G83*AO83 -> 0 | BI83: =G83*AP83 -> 0 | BJ83: =G83*H83 -> 0 | BK83: P | BL83: 722 | BW83: =I83 -> 0 | BX83: Izolace návleková MIRELON PRO tl. stěny 13 mm
C84: Varianta: | D84: vnitřní průměr 63 mm
A85: 61 | C85: 722181213RY5 | D85: Izolace návleková MIRELON PRO tl. stěny 13 mm | F85: m | G85: 45 | J85: =ROUND(G85*AO85,2) -> 0 | K85: =ROUND(G85*AP85,2) -> 0 | L85: =ROUND(G85*H85,2) -> 0 | M85: =L85*(1+BW85/100) -> 0 | N85: 0.0002 | O85: =G85*N85 -> 0.009 | P85: RTS I / 2025 | Z85: =ROUND(IF(AQ85="5",BJ85,0),2) -> 0 | AB85: =ROUND(IF(AQ85="1",BH85,0),2) -> 0 | AC85: =ROUND(IF(AQ85="1",BI85,0),2) -> 0 | AD85: =ROUND(IF(AQ85="7",BH85,0),2) -> 0 | AE85: =ROUND(IF(AQ85="7",BI85,0),2) -> 0 | AF85: =ROUND(IF(AQ85="2",BH85,0),2) -> 0 | AG85: =ROUND(IF(AQ85="2",BI85,0),2) -> 0 | AH85: =ROUND(IF(AQ85="0",BJ85,0),2) -> 0 | AJ85: =IF(AN85=0,L85,0) -> 0 | AK85: =IF(AN85=12,L85,0) -> 0 | AL85: =IF(AN85=21,L85,0) -> 0 | AN85: 12 | AO85: =H85*0.343942993 -> 0 | AP85: =H85*(1-0.343942993) -> 0 | AQ85: 7 | AV85: =ROUND(AW85+AX85,2) -> 0 | AW85: =ROUND(G85*AO85,2) -> 0 | AX85: =ROUND(G85*AP85,2) -> 0 | AY85: 722_ | AZ85: 72_ | BA85: _ | BC85: =AW85+AX85 -> 0 | BD85: =H85/(100-BE85)*100 -> 0 | BE85: 0 | BF85: =O85 -> 0.009 | BH85: =G85*AO85 -> 0 | BI85: =G85*AP85 -> 0 | BJ85: =G85*H85 -> 0 | BK85: P | BL85: 722 | BW85: =I85 -> 0 | BX85: Izolace návleková MIRELON PRO tl. stěny 13 mm
C86: Varianta: | D86: vnitřní průměr 76 mm
A87: 62 | C87: 722181214RT7 | D87: Izolace návleková MIRELON PRO tl. stěny 20 mm | F87: m | G87: 0 | J87: =ROUND(G87*AO87,2) -> 0 | K87: =ROUND(G87*AP87,2) -> 0 | L87: =ROUND(G87*H87,2) -> 0 | M87: =L87*(1+BW87/100) -> 0 | N87: 5e-05 | O87: =G87*N87 -> 0 | P87: RTS I / 2025 | Z87: =ROUND(IF(AQ87="5",BJ87,0),2) -> 0 | AB87: =ROUND(IF(AQ87="1",BH87,0),2) -> 0 | AC87: =ROUND(IF(AQ87="1",BI87,0),2) -> 0 | AD87: =ROUND(IF(AQ87="7",BH87,0),2) -> 0 | AE87: =ROUND(IF(AQ87="7",BI87,0),2) -> 0 | AF87: =ROUND(IF(AQ87="2",BH87,0),2) -> 0 | AG87: =ROUND(IF(AQ87="2",BI87,0),2) -> 0 | AH87: =ROUND(IF(AQ87="0",BJ87,0),2) -> 0 | AJ87: =IF(AN87=0,L87,0) -> 0 | AK87: =IF(AN87=12,L87,0) -> 0 | AL87: =IF(AN87=21,L87,0) -> 0 | AN87: 12 | AO87: =H87*0 -> 0 | AP87: =H87*(1-0) -> 0 | AQ87: 7 | AV87: =ROUND(AW87+AX87,2) -> 0 | AW87: =ROUND(G87*AO87,2) -> 0 | AX87: =ROUND(G87*AP87,2) -> 0 | AY87: 722_ | AZ87: 72_ | BA87: _ | BC87: =AW87+AX87 -> 0 | BD87: =H87/(100-BE87)*100 -> 0 | BE87: 0 | BF87: =O87 -> 0 | BH87: =G87*AO87 -> 0 | BI87: =G87*AP87 -> 0 | BJ87: =G87*H87 -> 0 | BK87: P | BL87: 722 | BW87: =I87 -> 0 | BX87: Izolace návleková MIRELON PRO tl. stěny 20 mm
C88: Varianta: | D88: vnitřní průměr 22 mm
A89: 63 | C89: 722181214RT8 | D89: Izolace návleková MIRELON PRO tl. stěny 20 mm | F89: m | G89: 0 | J89: =ROUND(G89*AO89,2) -> 0 | K89: =ROUND(G89*AP89,2) -> 0 | L89: =ROUND(G89*H89,2) -> 0 | M89: =L89*(1+BW89/100) -> 0 | N89: 7e-05 | O89: =G89*N89 -> 0 | P89: RTS I / 2025 | Z89: =ROUND(IF(AQ89="5",BJ89,0),2) -> 0 | AB89: =ROUND(IF(AQ89="1",BH89,0),2) -> 0 | AC89: =ROUND(IF(AQ89="1",BI89,0),2) -> 0 | AD89: =ROUND(IF(AQ89="7",BH89,0),2) -> 0 | AE89: =ROUND(IF(AQ89="7",BI89,0),2) -> 0 | AF89: =ROUND(IF(AQ89="2",BH89,0),2) -> 0 | AG89: =ROUND(IF(AQ89="2",BI89,0),2) -> 0 | AH89: =ROUND(IF(AQ89="0",BJ89,0),2) -> 0 | AJ89: =IF(AN89=0,L89,0) -> 0 | AK89: =IF(AN89=12,L89,0) -> 0 | AL89: =IF(AN89=21,L89,0) -> 0 | AN89: 12 | AO89: =H89*0 -> 0 | AP89: =H89*(1-0) -> 0 | AQ89: 7 | AV89: =ROUND(AW89+AX89,2) -> 0 | AW89: =ROUND(G89*AO89,2) -> 0 | AX89: =ROUND(G89*AP89,2) -> 0 | AY89: 722_ | AZ89: 72_ | BA89: _ | BC89: =AW89+AX89 -> 0 | BD89: =H89/(100-BE89)*100 -> 0 | BE89: 0 | BF89: =O89 -> 0 | BH89: =G89*AO89 -> 0 | BI89: =G89*AP89 -> 0 | BJ89: =G89*H89 -> 0 | BK89: P | BL89: 722 | BW89: =I89 -> 0 | BX89: Izolace návleková MIRELON PRO tl. stěny 20 mm
C90: Varianta: | D90: vnitřní průměr 25 mm
A91: 64 | C91: 722191111R00 | D91: Hadice flexibilní k baterii,DN 15 x M10,délka 0,4m | F91: soubor | G91: 80 | J91: =ROUND(G91*AO91,2) -> 0 | K91: =ROUND(G91*AP91,2) -> 0 | L91: =ROUND(G91*H91,2) -> 0 | M91: =L91*(1+BW91/100) -> 0 | N91: 0 | O91: =G91*N91 -> 0 | P91: RTS I / 2025 | Z91: =ROUND(IF(AQ91="5",BJ91,0),2) -> 0 | AB91: =ROUND(IF(AQ91="1",BH91,0),2) -> 0 | AC91: =ROUND(IF(AQ91="1",BI91,0),2) -> 0 | AD91: =ROUND(IF(AQ91="7",BH91,0),2) -> 0 | AE91: =ROUND(IF(AQ91="7",BI91,0),2) -> 0 | AF91: =ROUND(IF(AQ91="2",BH91,0),2) -> 0 | AG91: =ROUND(IF(AQ91="2",BI91,0),2) -> 0 | AH91: =ROUND(IF(AQ91="0",BJ91,0),2) -> 0 | AJ91: =IF(AN91=0,L91,0) -> 0 | AK91: =IF(AN91=12,L91,0) -> 0 | AL91: =IF(AN91=21,L91,0) -> 0 | AN91: 12 | AO91: =H91*0.632199894 -> 0 | AP91: =H91*(1-0.632199894) -> 0 | AQ91: 7 | AV91: =ROUND(AW91+AX91,2) -> 0 | AW91: =ROUND(G91*AO91,2) -> 0 | AX91: =ROUND(G91*AP91,2) -> 0 | AY91: 722_ | AZ91: 72_ | BA91: _ | BC91: =AW91+AX91 -> 0 | BD91: =H91/(100-BE91)*100 -> 0 | BE91: 0 | BF91: =O91 -> 0 | BH91: =G91*AO91 -> 0 | BI91: =G91*AP91 -> 0 | BJ91: =G91*H91 -> 0 | BK91: P | BL91: 722 | BW91: =I91 -> 0 | BX91: Hadice flexibilní k baterii,DN 15 x M10,délka 0,4m
A92: 65 | C92: 722190401R00 | D92: Vyvedení a upevnění výpustek DN 15 | F92: kus | G92: 160 | J92: =ROUND(G92*AO92,2) -> 0 | K92: =ROUND(G92*AP92,2) -> 0 | L92: =ROUND(G92*H92,2) -> 0 | M92: =L92*(1+BW92/100) -> 0 | N92: 0 | O92: =G92*N92 -> 0 | P92: RTS I / 2025 | Z92: =ROUND(IF(AQ92="5",BJ92,0),2) -> 0 | AB92: =ROUND(IF(AQ92="1",BH92,0),2) -> 0 | AC92: =ROUND(IF(AQ92="1",BI92,0),2) -> 0 | AD92: =ROUND(IF(AQ92="7",BH92,0),2) -> 0 | AE92: =ROUND(IF(AQ92="7",BI92,0),2) -> 0 | AF92: =ROUND(IF(AQ92="2",BH92,0),2) -> 0 | AG92: =ROUND(IF(AQ92="2",BI92,0),2) -> 0 | AH92: =ROUND(IF(AQ92="0",BJ92,0),2) -> 0 | AJ92: =IF(AN92=0,L92,0) -> 0 | AK92: =IF(AN92=12,L92,0) -> 0 | AL92: =IF(AN92=21,L92,0) -> 0 | AN92: 12 | AO92: =H92*0 -> 0 | AP92: =H92*(1-0) -> 0 | AQ92: 7 | AV92: =ROUND(AW92+AX92,2) -> 0 | AW92: =ROUND(G92*AO92,2) -> 0 | AX92: =ROUND(G92*AP92,2) -> 0 | AY92: 722_ | AZ92: 72_ | BA92: _ | BC92: =AW92+AX92 -> 0 | BD92: =H92/(100-BE92)*100 -> 0 | BE92: 0 | BF92: =O92 -> 0 | BH92: =G92*AO92 -> 0 | BI92: =G92*AP92 -> 0 | BJ92: =G92*H92 -> 0 | BK92: P | BL92: 722 | BW92: =I92 -> 0 | BX92: Vyvedení a upevnění výpustek DN 15
A93: 66 | C93: 722237121R00 | D93: Kohout vod.kul.,2xvnitř.záv.GIACOMINI R250D DN 15 | F93: kus | G93: 16 | J93: =ROUND(G93*AO93,2) -> 0 | K93: =ROUND(G93*AP93,2) -> 0 | L93: =ROUND(G93*H93,2) -> 0 | M93: =L93*(1+BW93/100) -> 0 | N93: 0.00018 | O93: =G93*N93 -> 0.00288 | P93: RTS I / 2025 | Z93: =ROUND(IF(AQ93="5",BJ93,0),2) -> 0 | AB93: =ROUND(IF(AQ93="1",BH93,0),2) -> 0 | AC93: =ROUND(IF(AQ93="1",BI93,0),2) -> 0 | AD93: =ROUND(IF(AQ93="7",BH93,0),2) -> 0 | AE93: =ROUND(IF(AQ93="7",BI93,0),2) -> 0 | AF93: =ROUND(IF(AQ93="2",BH93,0),2) -> 0 | AG93: =ROUND(IF(AQ93="2",BI93,0),2) -> 0 | AH93: =ROUND(IF(AQ93="0",BJ93,0),2) -> 0 | AJ93: =IF(AN93=0,L93,0) -> 0 | AK93: =IF(AN93=12,L93,0) -> 0 | AL93: =IF(AN93=21,L93,0) -> 0 | AN93: 12 | AO93: =H93*0.672674182 -> 0 | AP93: =H93*(1-0.672674182) -> 0 | AQ93: 7 | AV93: =ROUND(AW93+AX93,2) -> 0 | AW93: =ROUND(G93*AO93,2) -> 0 | AX93: =ROUND(G93*AP93,2) -> 0 | AY93: 722_ | AZ93: 72_ | BA93: _ | BC93: =AW93+AX93 -> 0 | BD93: =H93/(100-BE93)*100 -> 0 | BE93: 0 | BF93: =O93 -> 0.00288 | BH93: =G93*AO93 -> 0 | BI93: =G93*AP93 -> 0 | BJ93: =G93*H93 -> 0 | BK93: P | BL93: 722 | BW93: =I93 -> 0 | BX93: Kohout vod.kul.,2xvnitř.záv.GIACOMINI R250D DN 15
A94: 67 | C94: 722237122R00 | D94: Kohout vod.kul.,2xvnitř.záv.GIACOMINI R250D DN 20 | F94: kus | G94: 25 | J94: =ROUND(G94*AO94,2) -> 0 | K94: =ROUND(G94*AP94,2) -> 0 | L94: =ROUND(G94*H94,2) -> 0 | M94: =L94*(1+BW94/100) -> 0 | N94: 0.00031 | O94: =G94*N94 -> 0.00775 | P94: RTS I / 2025 | Z94: =ROUND(IF(AQ94="5",BJ94,0),2) -> 0 | AB94: =ROUND(IF(AQ94="1",BH94,0),2) -> 0 | AC94: =ROUND(IF(AQ94="1",BI94,0),2) -> 0 | AD94: =ROUND(IF(AQ94="7",BH94,0),2) -> 0 | AE94: =ROUND(IF(AQ94="7",BI94,0),2) -> 0 | AF94: =ROUND(IF(AQ94="2",BH94,0),2) -> 0 | AG94: =ROUND(IF(AQ94="2",BI94,0),2) -> 0 | AH94: =ROUND(IF(AQ94="0",BJ94,0),2) -> 0 | AJ94: =IF(AN94=0,L94,0) -> 0 | AK94: =IF(AN94=12,L94,0) -> 0 | AL94: =IF(AN94=21,L94,0) -> 0 | AN94: 12 | AO94: =H94*0.717760974 -> 0 | AP94: =H94*(1-0.717760974) -> 0 | AQ94: 7 | AV94: =ROUND(AW94+AX94,2) -> 0 | AW94: =ROUND(G94*AO94,2) -> 0 | AX94: =ROUND(G94*AP94,2) -> 0 | AY94: 722_ | AZ94: 72_ | BA94: _ | BC94: =AW94+AX94 -> 0 | BD94: =H94/(100-BE94)*100 -> 0 | BE94: 0 | BF94: =O94 -> 0.00775 | BH94: =G94*AO94 -> 0 | BI94: =G94*AP94 -> 0 | BJ94: =G94*H94 -> 0 | BK94: P | BL94: 722 | BW94: =I94 -> 0 | BX94: Kohout vod.kul.,2xvnitř.záv.GIACOMINI R250D DN 20
A95: 68 | C95: 722237123R00 | D95: Kohout vod.kul.,2xvnitř.záv.GIACOMINI R250D DN 25 | F95: kus | G95: 2 | J95: =ROUND(G95*AO95,2) -> 0 | K95: =ROUND(G95*AP95,2) -> 0 | L95: =ROUND(G95*H95,2) -> 0 | M95: =L95*(1+BW95/100) -> 0 | N95: 0.00048 | O95: =G95*N95 -> 0.00096 | P95: RTS I / 2025 | Z95: =ROUND(IF(AQ95="5",BJ95,0),2) -> 0 | AB95: =ROUND(IF(AQ95="1",BH95,0),2) -> 0 | AC95: =ROUND(IF(AQ95="1",BI95,0),2) -> 0 | AD95: =ROUND(IF(AQ95="7",BH95,0),2) -> 0 | AE95: =ROUND(IF(AQ95="7",BI95,0),2) -> 0 | AF95: =ROUND(IF(AQ95="2",BH95,0),2) -> 0 | AG95: =ROUND(IF(AQ95="2",BI95,0),2) -> 0 | AH95: =ROUND(IF(AQ95="0",BJ95,0),2) -> 0 | AJ95: =IF(AN95=0,L95,0) -> 0 | AK95: =IF(AN95=12,L95,0) -> 0 | AL95: =IF(AN95=21,L95,0) -> 0 | AN95: 12 | AO95: =H95*0.783425219 -> 0 | AP95: =H95*(1-0.783425219) -> 0 | AQ95: 7 | AV95: =ROUND(AW95+AX95,2) -> 0 | AW95: =ROUND(G95*AO95,2) -> 0 | AX95: =ROUND(G95*AP95,2) -> 0 | AY95: 722_ | AZ95: 72_ | BA95: _ | BC95: =AW95+AX95 -> 0 | BD95: =H95/(100-BE95)*100 -> 0 | BE95: 0 | BF95: =O95 -> 0.00096 | BH95: =G95*AO95 -> 0 | BI95: =G95*AP95 -> 0 | BJ95: =G95*H95 -> 0 | BK95: P | BL95: 722 | BW95: =I95 -> 0 | BX95: Kohout vod.kul.,2xvnitř.záv.GIACOMINI R250D DN 25
A96: 69 | C96: 722237124R00 | D96: Kohout vod.kul.,2xvnitř.záv.GIACOMINI R250D DN 32 | F96: kus | G96: 6 | J96: =ROUND(G96*AO96,2) -> 0 | K96: =ROUND(G96*AP96,2) -> 0 | L96: =ROUND(G96*H96,2) -> 0 | M96: =L96*(1+BW96/100) -> 0 | N96: 0.00068 | O96: =G96*N96 -> 0.00408 | P96: RTS I / 2025 | Z96: =ROUND(IF(AQ96="5",BJ96,0),2) -> 0 | AB96: =ROUND(IF(AQ96="1",BH96,0),2) -> 0 | AC96: =ROUND(IF(AQ96="1",BI96,0),2) -> 0 | AD96: =ROUND(IF(AQ96="7",BH96,0),2) -> 0 | AE96: =ROUND(IF(AQ96="7",BI96,0),2) -> 0 | AF96: =ROUND(IF(AQ96="2",BH96,0),2) -> 0 | AG96: =ROUND(IF(AQ96="2",BI96,0),2) -> 0 | AH96: =ROUND(IF(AQ96="0",BJ96,0),2) -> 0 | AJ96: =IF(AN96=0,L96,0) -> 0 | AK96: =IF(AN96=12,L96,0) -> 0 | AL96: =IF(AN96=21,L96,0) -> 0 | AN96: 12 | AO96: =H96*0.812596783 -> 0 | AP96: =H96*(1-0.812596783) -> 0 | AQ96: 7 | AV96: =ROUND(AW96+AX96,2) -> 0 | AW96: =ROUND(G96*AO96,2) -> 0 | AX96: =ROUND(G96*AP96,2) -> 0 | AY96: 722_ | AZ96: 72_ | BA96: _ | BC96: =AW96+AX96 -> 0 | BD96: =H96/(100-BE96)*100 -> 0 | BE96: 0 | BF96: =O96 -> 0.00408 | BH96: =G96*AO96 -> 0 | BI96: =G96*AP96 -> 0 | BJ96: =G96*H96 -> 0 | BK96: P | BL96: 722 | BW96: =I96 -> 0 | BX96: Kohout vod.kul.,2xvnitř.záv.GIACOMINI R250D DN 32
A97: 70 | C97: 722237125R00 | D97: Kohout vod.kul.,2xvnitř.záv.GIACOMINI R250D DN 40 | F97: kus | G97: 1 | J97: =ROUND(G97*AO97,2) -> 0 | K97: =ROUND(G97*AP97,2) -> 0 | L97: =ROUND(G97*H97,2) -> 0 | M97: =L97*(1+BW97/100) -> 0 | N97: 0.00104 | O97: =G97*N97 -> 0.00104 | P97: RTS I / 2025 | Z97: =ROUND(IF(AQ97="5",BJ97,0),2) -> 0 | AB97: =ROUND(IF(AQ97="1",BH97,0),2) -> 0 | AC97: =ROUND(IF(AQ97="1",BI97,0),2) -> 0 | AD97: =ROUND(IF(AQ97="7",BH97,0),2) -> 0 | AE97: =ROUND(IF(AQ97="7",BI97,0),2) -> 0 | AF97: =ROUND(IF(AQ97="2",BH97,0),2) -> 0 | AG97: =ROUND(IF(AQ97="2",BI97,0),2) -> 0 | AH97: =ROUND(IF(AQ97="0",BJ97,0),2) -> 0 | AJ97: =IF(AN97=0,L97,0) -> 0 | AK97: =IF(AN97=12,L97,0) -> 0 | AL97: =IF(AN97=21,L97,0) -> 0 | AN97: 12 | AO97: =H97*0.830598529 -> 0 | AP97: =H97*(1-0.830598529) -> 0 | AQ97: 7 | AV97: =ROUND(AW97+AX97,2) -> 0 | AW97: =ROUND(G97*AO97,2) -> 0 | AX97: =ROUND(G97*AP97,2) -> 0 | AY97: 722_ | AZ97: 72_ | BA97: _ | BC97: =AW97+AX97 -> 0 | BD97: =H97/(100-BE97)*100 -> 0 | BE97: 0 | BF97: =O97 -> 0.00104 | BH97: =G97*AO97 -> 0 | BI97: =G97*AP97 -> 0 | BJ97: =G97*H97 -> 0 | BK97: P | BL97: 722 | BW97: =I97 -> 0 | BX97: Kohout vod.kul.,2xvnitř.záv.GIACOMINI R250D DN 40
A98: 71 | C98: 722237126R00 | D98: Kohout vod.kul.,2xvnitř.záv.GIACOMINI R250D DN 50 | F98: kus | G98: 8 | J98: =ROUND(G98*AO98,2) -> 0 | K98: =ROUND(G98*AP98,2) -> 0 | L98: =ROUND(G98*H98,2) -> 0 | M98: =L98*(1+BW98/100) -> 0 | N98: 0.00163 | O98: =G98*N98 -> 0.01304 | P98: RTS I / 2025 | Z98: =ROUND(IF(AQ98="5",BJ98,0),2) -> 0 | AB98: =ROUND(IF(AQ98="1",BH98,0),2) -> 0 | AC98: =ROUND(IF(AQ98="1",BI98,0),2) -> 0 | AD98: =ROUND(IF(AQ98="7",BH98,0),2) -> 0 | AE98: =ROUND(IF(AQ98="7",BI98,0),2) -> 0 | AF98: =ROUND(IF(AQ98="2",BH98,0),2) -> 0 | AG98: =ROUND(IF(AQ98="2",BI98,0),2) -> 0 | AH98: =ROUND(IF(AQ98="0",BJ98,0),2) -> 0 | AJ98: =IF(AN98=0,L98,0) -> 0 | AK98: =IF(AN98=12,L98,0) -> 0 | AL98: =IF(AN98=21,L98,0) -> 0 | AN98: 12 | AO98: =H98*0.8615161 -> 0 | AP98: =H98*(1-0.8615161) -> 0 | AQ98: 7 | AV98: =ROUND(AW98+AX98,2) -> 0 | AW98: =ROUND(G98*AO98,2) -> 0 | AX98: =ROUND(G98*AP98,2) -> 0 | AY98: 722_ | AZ98: 72_ | BA98: _ | BC98: =AW98+AX98 -> 0 | BD98: =H98/(100-BE98)*100 -> 0 | BE98: 0 | BF98: =O98 -> 0.01304 | BH98: =G98*AO98 -> 0 | BI98: =G98*AP98 -> 0 | BJ98: =G98*H98 -> 0 | BK98: P | BL98: 722 | BW98: =I98 -> 0 | BX98: Kohout vod.kul.,2xvnitř.záv.GIACOMINI R250D DN 50
A99: 72 | C99: 722237127R00 | D99: Kohout vod.kul.,2xvnitř.záv.GIACOMINI R250D DN 65 | F99: kus | G99: 1 | J99: =ROUND(G99*AO99,2) -> 0 | K99: =ROUND(G99*AP99,2) -> 0 | L99: =ROUND(G99*H99,2) -> 0 | M99: =L99*(1+BW99/100) -> 0 | N99: 0.00311 | O99: =G99*N99 -> 0.00311 | P99: RTS I / 2025 | Z99: =ROUND(IF(AQ99="5",BJ99,0),2) -> 0 | AB99: =ROUND(IF(AQ99="1",BH99,0),2) -> 0 | AC99: =ROUND(IF(AQ99="1",BI99,0),2) -> 0 | AD99: =ROUND(IF(AQ99="7",BH99,0),2) -> 0 | AE99: =ROUND(IF(AQ99="7",BI99,0),2) -> 0 | AF99: =ROUND(IF(AQ99="2",BH99,0),2) -> 0 | AG99: =ROUND(IF(AQ99="2",BI99,0),2) -> 0 | AH99: =ROUND(IF(AQ99="0",BJ99,0),2) -> 0 | AJ99: =IF(AN99=0,L99,0) -> 0 | AK99: =IF(AN99=12,L99,0) -> 0 | AL99: =IF(AN99=21,L99,0) -> 0 | AN99: 12 | AO99: =H99*0.909185466 -> 0 | AP99: =H99*(1-0.909185466) -> 0 | AQ99: 7 | AV99: =ROUND(AW99+AX99,2) -> 0 | AW99: =ROUND(G99*AO99,2) -> 0 | AX99: =ROUND(G99*AP99,2) -> 0 | AY99: 722_ | AZ99: 72_ | BA99: _ | BC99: =AW99+AX99 -> 0 | BD99: =H99/(100-BE99)*100 -> 0 | BE99: 0 | BF99: =O99 -> 0.00311 | BH99: =G99*AO99 -> 0 | BI99: =G99*AP99 -> 0 | BJ99: =G99*H99 -> 0 | BK99: P | BL99: 722 | BW99: =I99 -> 0 | BX99: Kohout vod.kul.,2xvnitř.záv.GIACOMINI R250D DN 65
A100: 73 | C100: 722237622R00 | D100: Ventil vod.zpět.,2xvnitř.závit GIACOMINI R60 DN 20 | F100: kus | G100: 1 | J100: =ROUND(G100*AO100,2) -> 0 | K100: =ROUND(G100*AP100,2) -> 0 | L100: =ROUND(G100*H100,2) -> 0 | M100: =L100*(1+BW100/100) -> 0 | N100: 0.0002 | O100: =G100*N100 -> 0.0002 | P100: RTS I / 2025 | Z100: =ROUND(IF(AQ100="5",BJ100,0),2) -> 0 | AB100: =ROUND(IF(AQ100="1",BH100,0),2) -> 0 | AC100: =ROUND(IF(AQ100="1",BI100,0),2) -> 0 | AD100: =ROUND(IF(AQ100="7",BH100,0),2) -> 0 | AE100: =ROUND(IF(AQ100="7",BI100,0),2) -> 0 | AF100: =ROUND(IF(AQ100="2",BH100,0),2) -> 0 | AG100: =ROUND(IF(AQ100="2",BI100,0),2) -> 0 | AH100: =ROUND(IF(AQ100="0",BJ100,0),2) -> 0 | AJ100: =IF(AN100=0,L100,0) -> 0 | AK100: =IF(AN100=12,L100,0) -> 0 | AL100: =IF(AN100=21,L100,0) -> 0 | AN100: 12 | AO100: =H100*0.700311267 -> 0 | AP100: =H100*(1-0.700311267) -> 0 | AQ100: 7 | AV100: =ROUND(AW100+AX100,2) -> 0 | AW100: =ROUND(G100*AO100,2) -> 0 | AX100: =ROUND(G100*AP100,2) -> 0 | AY100: 722_ | AZ100: 72_ | BA100: _ | BC100: =AW100+AX100 -> 0 | BD100: =H100/(100-BE100)*100 -> 0 | BE100: 0 | BF100: =O100 -> 0.0002 | BH100: =G100*AO100 -> 0 | BI100: =G100*AP100 -> 0 | BJ100: =G100*H100 -> 0 | BK100: P | BL100: 722 | BW100: =I100 -> 0 | BX100: Ventil vod.zpět.,2xvnitř.závit GIACOMINI R60 DN 20
A101: 74 | C101: 722237626R00 | D101: Ventil vod.zpět.,2xvnitř.závit GIACOMINI R60 DN 50 | F101: kus | G101: 2 | J101: =ROUND(G101*AO101,2) -> 0 | K101: =ROUND(G101*AP101,2) -> 0 | L101: =ROUND(G101*H101,2) -> 0 | M101: =L101*(1+BW101/100) -> 0 | N101: 0.00077 | O101: =G101*N101 -> 0.00154 | P101: RTS I / 2025 | Z101: =ROUND(IF(AQ101="5",BJ101,0),2) -> 0 | AB101: =ROUND(IF(AQ101="1",BH101,0),2) -> 0 | AC101: =ROUND(IF(AQ101="1",BI101,0),2) -> 0 | AD101: =ROUND(IF(AQ101="7",BH101,0),2) -> 0 | AE101: =ROUND(IF(AQ101="7",BI101,0),2) -> 0 | AF101: =ROUND(IF(AQ101="2",BH101,0),2) -> 0 | AG101: =ROUND(IF(AQ101="2",BI101,0),2) -> 0 | AH101: =ROUND(IF(AQ101="0",BJ101,0),2) -> 0 | AJ101: =IF(AN101=0,L101,0) -> 0 | AK101: =IF(AN101=12,L101,0) -> 0 | AL101: =IF(AN101=21,L101,0) -> 0 | AN101: 12 | AO101: =H101*0.811794953 -> 0 | AP101: =H101*(1-0.811794953) -> 0 | AQ101: 7 | AV101: =ROUND(AW101+AX101,2) -> 0 | AW101: =ROUND(G101*AO101,2) -> 0 | AX101: =ROUND(G101*AP101,2) -> 0 | AY101: 722_ | AZ101: 72_ | BA101: _ | BC101: =AW101+AX101 -> 0 | BD101: =H101/(100-BE101)*100 -> 0 | BE101: 0 | BF101: =O101 -> 0.00154 | BH101: =G101*AO101 -> 0 | BI101: =G101*AP101 -> 0 | BJ101: =G101*H101 -> 0 | BK101: P | BL101: 722 | BW101: =I101 -> 0 | BX101: Ventil vod.zpět.,2xvnitř.závit GIACOMINI R60 DN 50
A102: 75 | C102: 722223182R00 | D102: Kohout vod.kul.výtokový, GIACOMINI R621 DN 20 | F102: kus | G102: 1 | J102: =ROUND(G102*AO102,2) -> 0 | K102: =ROUND(G102*AP102,2) -> 0 | L102: =ROUND(G102*H102,2) -> 0 | M102: =L102*(1+BW102/100) -> 0 | N102: 0.00031 | O102: =G102*N102 -> 0.00031 | P102: RTS I / 2025 | Z102: =ROUND(IF(AQ102="5",BJ102,0),2) -> 0 | AB102: =ROUND(IF(AQ102="1",BH102,0),2) -> 0 | AC102: =ROUND(IF(AQ102="1",BI102,0),2) -> 0 | AD102: =ROUND(IF(AQ102="7",BH102,0),2) -> 0 | AE102: =ROUND(IF(AQ102="7",BI102,0),2) -> 0 | AF102: =ROUND(IF(AQ102="2",BH102,0),2) -> 0 | AG102: =ROUND(IF(AQ102="2",BI102,0),2) -> 0 | AH102: =ROUND(IF(AQ102="0",BJ102,0),2) -> 0 | AJ102: =IF(AN102=0,L102,0) -> 0 | AK102: =IF(AN102=12,L102,0) -> 0 | AL102: =IF(AN102=21,L102,0) -> 0 | AN102: 12 | AO102: =H102*0.844264442 -> 0 | AP102: =H102*(1-0.844264442) -> 0 | AQ102: 7 | AV102: =ROUND(AW102+AX102,2) -> 0 | AW102: =ROUND(G102*AO102,2) -> 0 | AX102: =ROUND(G102*AP102,2) -> 0 | AY102: 722_ | AZ102: 72_ | BA102: _ | BC102: =AW102+AX102 -> 0 | BD102: =H102/(100-BE102)*100 -> 0 | BE102: 0 | BF102: =O102 -> 0.00031 | BH102: =G102*AO102 -> 0 | BI102: =G102*AP102 -> 0 | BJ102: =G102*H102 -> 0 | BK102: P | BL102: 722 | BW102: =I102 -> 0 | BX102: Kohout vod.kul.výtokový, GIACOMINI R621 DN 20
A103: 76 | C103: 734295212R00 | D103: Filtr, vnitřní-vnitřní z. GIACOMINI R74A DN 20 | F103: kus | G103: 1 | J103: =ROUND(G103*AO103,2) -> 0 | K103: =ROUND(G103*AP103,2) -> 0 | L103: =ROUND(G103*H103,2) -> 0 | M103: =L103*(1+BW103/100) -> 0 | N103: 0.00025 | O103: =G103*N103 -> 0.00025 | P103: RTS I / 2025 | Z103: =ROUND(IF(AQ103="5",BJ103,0),2) -> 0 | AB103: =ROUND(IF(AQ103="1",BH103,0),2) -> 0 | AC103: =ROUND(IF(AQ103="1",BI103,0),2) -> 0 | AD103: =ROUND(IF(AQ103="7",BH103,0),2) -> 0 | AE103: =ROUND(IF(AQ103="7",BI103,0),2) -> 0 | AF103: =ROUND(IF(AQ103="2",BH103,0),2) -> 0 | AG103: =ROUND(IF(AQ103="2",BI103,0),2) -> 0 | AH103: =ROUND(IF(AQ103="0",BJ103,0),2) -> 0 | AJ103: =IF(AN103=0,L103,0) -> 0 | AK103: =IF(AN103=12,L103,0) -> 0 | AL103: =IF(AN103=21,L103,0) -> 0 | AN103: 12 | AO103: =H103*0.651021586 -> 0 | AP103: =H103*(1-0.651021586) -> 0 | AQ103: 7 | AV103: =ROUND(AW103+AX103,2) -> 0 | AW103: =ROUND(G103*AO103,2) -> 0 | AX103: =ROUND(G103*AP103,2) -> 0 | AY103: 722_ | AZ103: 72_ | BA103: _ | BC103: =AW103+AX103 -> 0 | BD103: =H103/(100-BE103)*100 -> 0 | BE103: 0 | BF103: =O103 -> 0.00025 | BH103: =G103*AO103 -> 0 | BI103: =G103*AP103 -> 0 | BJ103: =G103*H103 -> 0 | BK103: P | BL103: 722 | BW103: =I103 -> 0 | BX103: Filtr, vnitřní-vnitřní z. GIACOMINI R74A DN 20
A104: 77 | C104: 722224111R00 | D104: Kohouty plnicí a vypouštěcí DN 15 | F104: kus | G104: 3 | J104: =ROUND(G104*AO104,2) -> 0 | K104: =ROUND(G104*AP104,2) -> 0 | L104: =ROUND(G104*H104,2) -> 0 | M104: =L104*(1+BW104/100) -> 0 | N104: 0.00039 | O104: =G104*N104 -> 0.00117 | P104: RTS I / 2025 | Z104: =ROUND(IF(AQ104="5",BJ104,0),2) -> 0 | AB104: =ROUND(IF(AQ104="1",BH104,0),2) -> 0 | AC104: =ROUND(IF(AQ104="1",BI104,0),2) -> 0 | AD104: =ROUND(IF(AQ104="7",BH104,0),2) -> 0 | AE104: =ROUND(IF(AQ104="7",BI104,0),2) -> 0 | AF104: =ROUND(IF(AQ104="2",BH104,0),2) -> 0 | AG104: =ROUND(IF(AQ104="2",BI104,0),2) -> 0 | AH104: =ROUND(IF(AQ104="0",BJ104,0),2) -> 0 | AJ104: =IF(AN104=0,L104,0) -> 0 | AK104: =IF(AN104=12,L104,0) -> 0 | AL104: =IF(AN104=21,L104,0) -> 0 | AN104: 12 | AO104: =H104*0.664043449 -> 0 | AP104: =H104*(1-0.664043449) -> 0 | AQ104: 7 | AV104: =ROUND(AW104+AX104,2) -> 0 | AW104: =ROUND(G104*AO104,2) -> 0 | AX104: =ROUND(G104*AP104,2) -> 0 | AY104: 722_ | AZ104: 72_ | BA104: _ | BC104: =AW104+AX104 -> 0 | BD104: =H104/(100-BE104)*100 -> 0 | BE104: 0 | BF104: =O104 -> 0.00117 | BH104: =G104*AO104 -> 0 | BI104: =G104*AP104 -> 0 | BJ104: =G104*H104 -> 0 | BK104: P | BL104: 722 | BW104: =I104 -> 0 | BX104: Kohouty plnicí a vypouštěcí DN 15
...

Sheet Stavební rozpočet - součet
A1: Stavební rozpočet - rekapitulace
A2: Název stavby: | C2: ='Stavební rozpočet'!D2 -> Areál společnosti FORESTINA s.r.o. – Horažďovice, Blatenská 587 | D2: Doba výstavby: | F2: Objednatel: | G2: ='Stavební rozpočet'!K2
A4: Druh stavby: | C4: ='Stavební rozpočet'!D4 -> Zdravotně technické instalace | D4: Začátek výstavby: | F4: Projektant: | G4: ='Stavební rozpočet'!K4 -> Ing. Michal Albrecht
A6: Lokalita: | C6: ='Stavební rozpočet'!D6 -> !!!! Pracovní verze !!!! | D6: Konec výstavby: | F6: Zhotovitel: | G6: ='Stavební rozpočet'!K6
A8: Zpracoval: | C8: ='Stavební rozpočet'!K8 -> Ing. Michal Albrecht | D8: Zpracováno dne: | E8: 11.06.2025 | F8: Zpracováno dne: | G8: ='Stavební rozpočet'!H8 -> 11.06.2025
A10: Objekt | B10: Kód | C10: Zkrácený popis | D10: Náklady (Kč) - dodávka | E10: Náklady (Kč) - Montáž | F10: Náklady (Kč) - celkem | G10: Celková hmotnost (t)
B11: 713 | C11: Izolace tepelné | D11: =ROUND('Stavební rozpočet'!J12,2) -> 0 | E11: =ROUND('Stavební rozpočet'!K12,2) -> 0 | F11: =ROUND('Stavební rozpočet'!L12,2) -> 0 | G11: ='Stavební rozpočet'!O12 -> 0.1191 | H11: T | I11: =IF(H11="F",0,F11) -> 0
B12: 721 | C12: Vnitřní kanalizace | D12: =ROUND('Stavební rozpočet'!J20,2) -> 0 | E12: =ROUND('Stavební rozpočet'!K20,2) -> 0 | F12: =ROUND('Stavební rozpočet'!L20,2) -> 0 | G12: ='Stavební rozpočet'!O20 -> 4.58462 | H12: T | I12: =IF(H12="F",0,F12) -> 0
B13: 722 | C13: Vnitřní vodovod | D13: =ROUND('Stavební rozpočet'!J52,2) -> 0 | E13: =ROUND('Stavební rozpočet'!K52,2) -> 0 | F13: =ROUND('Stavební rozpočet'!L52,2) -> 0 | G13: ='Stavební rozpočet'!O52 -> 1.66158 | H13: T | I13: =IF(H13="F",0,F13) -> 0
B14: 725 | C14: Zařizovací předměty | D14: =ROUND('Stavební rozpočet'!J114,2) -> 0 | E14: =ROUND('Stavební rozpočet'!K114,2) -> 0 | F14: =ROUND('Stavební rozpočet'!L114,2) -> 0 | G14: ='Stavební rozpočet'!O114 -> 2.19973 | H14: T | I14: =IF(H14="F",0,F14) -> 0
B15: 900 | C15: Ostatní | D15: =ROUND('Stavební rozpočet'!J150,2) -> 0 | E15: =ROUND('Stavební rozpočet'!K150,2) -> 0 | F15: =ROUND('Stavební rozpočet'!L150,2) -> 0 | G15: ='Stavební rozpočet'!O150 -> 0 | H15: T | I15: =IF(H15="F",0,F15) -> 0
E16: Celkem: | F16: =ROUND(SUM(I11:I15),2) -> 0

Sheet Krycí list rozpočtu
A1: Krycí list rozpočtu
A2: Název stavby: | C2: ='Stavební rozpočet'!D2 -> Areál společnosti FORESTINA s.r.o. – Horažďovice, Blatenská 587 | E2: Objednatel: | F2: ='Stavební rozpočet'!K2 | H2: IČO/DIČ:
A4: Druh stavby: | C4: ='Stavební rozpočet'!D4 -> Zdravotně technické instalace | E4: Projektant: | F4: ='Stavební rozpočet'!K4 -> Ing. Michal Albrecht | H4: IČO/DIČ:
A6: Lokalita: | C6: ='Stavební rozpočet'!D6 -> !!!! Pracovní verze !!!! | E6: Zhotovitel: | F6: ='Stavební rozpočet'!K6 | H6: IČO/DIČ:
A8: Začátek výstavby: | C8: ='Stavební rozpočet'!H4 | E8: Konec výstavby: | F8: ='Stavební rozpočet'!H6 | H8: Položek: | I8: 120
A10: JKSO: | C10: ='Stavební rozpočet'!D8 | E10: Zpracoval: | F10: ='Stavební rozpočet'!K8 -> Ing. Michal Albrecht | H10: Datum: | I10: ='Stavební rozpočet'!H8 -> 11.06.2025
A12: Rozpočtové náklady v Kč
A13: A | B13: Základní rozpočtové náklady | D13: B | E13: Doplňkové náklady | G13: C | H13: Náklady na umístění stavby (NUS)
A14: HSV | B14: Dodávky | C14: =SUM('Stavební rozpočet'!AB12:AB304) -> 0 | D14: Práce přesčas | F14: =VORN!I15 -> 0 | G14: Zařízení staveniště | I14: 0
B15: Montáž | C15: =SUM('Stavební rozpočet'!AC12:AC304) -> 0 | D15: Bez pevné podl. | F15: =VORN!I16 -> 0 | G15: Mimostav. doprava | I15: =VORN!I23 -> 0
A16: PSV | B16: Dodávky | C16: =SUM('Stavební rozpočet'!AD12:AD304) -> 0 | D16: Kulturní památka | F16: =VORN!I17 -> 0 | G16: Územní vlivy | I16: =VORN!I24 -> 0
B17: Montáž | C17: =SUM('Stavební rozpočet'!AE12:AE304) -> 0 | D17: Vytyčení podzemních | F17: =VORN!I18 -> 0 | G17: Provozní vlivy | I17: =VORN!I25 -> 0
A18: "M" | B18: Dodávky | C18: =SUM('Stavební rozpočet'!AF12:AF304) -> 0 | G18: Ostatní | I18: =VORN!I26 -> 0
B19: Montáž | C19: =SUM('Stavební rozpočet'!AG12:AG304) -> 0 | G19: NUS z rozpočtu | I19: =VORN!I27 -> 0
A20: Ostatní materiál | C20: =SUM('Stavební rozpočet'!AH12:AH304) -> 0
A21: Přesun hmot a sutí | C21: =SUM('Stavební rozpočet'!Z12:Z304) -> 0
A22: ZRN celkem | C22: =ROUND(SUM(C14:C21),2) -> 0 | D22: DN celkem | F22: =SUM(F14:F21) -> 0 | G22: NUS celkem | I22: =SUM(I14:I21) -> 0
D23: DN celkem z obj. | F23: 0 | G23: NUS celkem z obj. | I23: 0
G24: VORN celkem | I24: =vorn_sum -> 0
G25: VORN celkem z obj. | I25: 0
A27: Základ 0% | C27: =ROUND(SUM('Stavební rozpočet'!AJ12:AJ304),2) -> 0
A28: Základ 12% | C28: =ROUND(SUM('Stavební rozpočet'!AK12:AK304)+(F22+I22+F23+I23+I24+I25),2) -> 0 | D28: DPH 12% | F28: =ROUND(C28*(12/100),2) -> 0 | G28: Celkem bez DPH | I28: =ROUND(SUM(C27:C29),2) -> 0
A29: Základ 21% | C29: =ROUND(SUM('Stavební rozpočet'!AL12:AL304),2) -> 0 | D29: DPH 21% | F29: =ROUND(C29*(21/100),2) -> 0 | G29: Celkem včetně DPH | I29: =ROUND(SUM(F28:F29)+I28,2) -> 0
A31: Projektant | D31: Objednatel | G31: Zhotovitel
A35: Datum, razítko a podpis | D35: Datum, razítko a podpis | G35: Datum, razítko a podpis
A36: Poznámka:

Sheet VORN
A1: Vedlejší a ostatní rozpočtové náklady
A2: Název stavby: | C2: ='Stavební rozpočet'!D2 -> Areál společnosti FORESTINA s.r.o. – Horažďovice, Blatenská 587 | E2: Objednatel: | F2: ='Stavební rozpočet'!K2 | H2: IČO/DIČ:
A4: Druh stavby: | C4: ='Stavební rozpočet'!D4 -> Zdravotně technické instalace | E4: Projektant: | F4: ='Stavební rozpočet'!K4 -> Ing. Michal Albrecht | H4: IČO/DIČ:
A6: Lokalita: | C6: ='Stavební rozpočet'!D6 -> !!!! Pracovní verze !!!! | E6: Zhotovitel: | F6: ='Stavební rozpočet'!K6 | H6: IČO/DIČ:
A8: Začátek výstavby: | C8: ='Stavební rozpočet'!H4 | E8: Konec výstavby: | F8: ='Stavební rozpočet'!H6 | H8: Položek: | I8: 120
A10: JKSO: | C10: ='Stavební rozpočet'!D8 | E10: Zpracoval: | F10: ='Stavební rozpočet'!K8 -> Ing. Michal Albrecht | H10: Datum: | I10: ='Stavební rozpočet'!H8 -> 11.06.2025
A13: Vedlejší rozpočtové náklady VRN
A14: Doplňkové náklady DN | F14: Kč | G14: % | H14: Základna | I14: Kč
A15: Práce přesčas | F15: 0 | I15: =F15 -> 0
A16: Bez pevné podl. | F16: 0 | I16: =F16 -> 0
A17: Kulturní památka | F17: 0 | I17: =F17 -> 0
A18: Vytyčení podzemních | F18: 0 | I18: =F18 -> 0
A19: Celkem DN | I19: =SUM(I15:I18) -> 0
A21: Náklady na umístění stavby (NUS) | F21: Kč | G21: % | H21: Základna | I21: Kč
A22: Zařízení staveniště | F22: 20000 | I22: =F22 -> 20000
A23: Mimostav. doprava | F23: 0 | I23: =F23 -> 0
A24: Územní vlivy | F24: 0 | I24: =F24 -> 0
A25: Provozní vlivy | F25: 0 | I25: =F25 -> 0
A26: Ostatní | F26: 0 | I26: =F26 -> 0
A27: NUS z rozpočtu | F27: 0 | I27: =F27 -> 0
A28: Celkem NUS | I28: =SUM(I22:I27) -> 20000
A30: Celkem VRN | F30: =I19+I28 -> 20000
A34: Ostatní rozpočtové náklady ORN
A35: Ostatní rozpočtové náklady (ORN) | F35: Kč | G35: % | H35: Základna | I35: Kč
F36: 0 | I36: =F36 -> 0
A37: Celkem ORN | I37: =SUM(I36:I36) -> 0
