Workbook

Sheet Rekapitulace stavby
A1: Export Komplet | AZ1: VZ | BA1: 2.0 | BT1: False | BU1: False | BV1: {fbc1a46a-d86b-4298-981e-dbf850c2ca92}
AR2: >> skryté sloupce << | BS2: 0,01 | BT2: 21
BS3: 0,01 | BT3: 15
D4: REKAPITULACE STAVBY | AS4: v --- níže se nacházejí doplnkové a pomocné údaje k sestavám --- v | BE4: Návod na vyplnění | BS4: 0,001
D5: Kód: | K5: 2023/003 | BE5: Měnit lze pouze buňky se žlutým podbarvením!_x000D_ _x000D_ 1) v Rekapitulaci stavby vyplňte údaje o Uchazeči (přenesou se do ostatních sestav i v jiných listech)_x000D_ _x000D_ 2) na vybraných listech vyplňte v sestavě Soupis prací ceny u položek | BS5: 0,01
D6: Stavba: | K6: SKLAD ŠKROBU P-001 | BS6: 0,01
D7: KSO: | AK7: CC-CZ: | BS7: 0,01
D8: Místo: | AK8: Datum: | AN8: 45167 | BS8: 0,01
BS9: 0,01
D10: Zadavatel: | AK10: IČ: | BS10: 0,01
AK11: DIČ: | BS11: 0,01
BS12: 0,01
D13: Uchazeč: | AK13: IČ: | AN13: Vyplň údaj | BS13: 0,01
E14: Vyplň údaj | AK14: DIČ: | AN14: Vyplň údaj | BS14: 0,01
BS15: False
D16: Projektant: | AK16: IČ: | BS16: False
AK17: DIČ: | BS17: True
BS18: 0,01
D19: Zpracovatel: | AK19: IČ: | BS19: 0,01
E20: rostarek s.r.o. | AK20: DIČ: | BS20: False
D22: Poznámka:
E23: Soupis prací je sestaven s využitím Cenové soustavy ÚRS. Položky, které pochází z této cenové soustavy, jsou ve sloupci 'Cenová soustava' označeny popisem 'CS ÚRS' a úrovní příslušného kalendářního pololetí. Veškeré další informace vymezující popis a podmínky použití těchto položek z Cenové soustavy, které nejsou uvedeny přímo v soupisu prací, jsou neomezeně dálkově k dispozici na webu podminky.urs.cz.
D26: Cena bez DPH | AK26: =ROUND(AG54,2) -> 0
L28: Sazba daně | W28: Základ daně | AK28: Výše daně
D29: DPH | F29: základní | L29: 0.21 | W29: =ROUND(AZ54, 2) -> 0 | AK29: =ROUND(AV54, 2) -> 0
F30: snížená | L30: 0.15 | W30: =ROUND(BA54, 2) -> 0 | AK30: =ROUND(AW54, 2) -> 0
F31: zákl. přenesená | L31: 0.21 | W31: =ROUND(BB54, 2) -> 0 | AK31: 0
F32: sníž. přenesená | L32: 0.15 | W32: =ROUND(BC54, 2) -> 0 | AK32: 0
F33: nulová | L33: 0 | W33: =ROUND(BD54, 2) -> 0 | AK33: 0
D35: Cena s DPH | T35: v | X35: CZK | AK35: =SUM(AK26:AK33) -> 0
C42: REKAPITULACE OBJEKTŮ STAVBY A SOUPISŮ PRACÍ
C44: Kód: | L44: =K5 -> 2023/003
C45: Stavba: | L45: =K6 -> SKLAD ŠKROBU P-001
C47: Místo: | L47: =IF(K8="","",K8) | AI47: Datum: | AM47: =IF(AN8= "","",AN8) -> 45167
C49: Zadavatel: | L49: =IF(E11= "","",E11) | AI49: Projektant: | AM49: =IF(E17="","",E17) | AS49: Informatívní údaje z listů zakázek
C50: Uchazeč: | L50: =IF(E14= "Vyplň údaj","",E14) | AI50: Zpracovatel: | AM50: =IF(E20="","",E20) -> rostarek s.r.o.
C52: Kód | I52: Popis | AG52: Cena bez DPH [CZK] | AN52: Cena s DPH [CZK] | AQ52: Typ | AS52: z toho Ostat._x000D_ náklady [CZK] | AT52: DPH [CZK] | AU52: Normohodiny [h] | AV52: DPH základní [CZK] | AW52: DPH snížená [CZK] | AX52: DPH základní přenesená_x000D_ [CZK] | AY52: DPH snížená přenesená_x000D_ [CZK] | AZ52: Základna_x000D_ DPH základní | BA52: Základna_x000D_ DPH snížená | BB52: Základna_x000D_ DPH zákl. přenesená | BC52: Základna_x000D_ DPH sníž. přenesená | BD52: Základna_x000D_ DPH nulová
C54: Náklady stavby celkem | AG54: =ROUND(AG55+SUM(AG56:AG61)+SUM(AG64:AG66),2) -> 0 | AN54: =SUM(AG54,AT54) -> 0 | AS54: =ROUND(AS55+SUM(AS56:AS61)+SUM(AS64:AS66),2) -> 0 | AT54: =ROUND(SUM(AV54:AW54),2) -> 0 | AU54: =ROUND(AU55+SUM(AU56:AU61)+SUM(AU64:AU66),5) -> 0 | AV54: =ROUND(AZ54*L29,2) -> 0 | AW54: =ROUND(BA54*L30,2) -> 0 | AX54: =ROUND(BB54*L29,2) -> 0 | AY54: =ROUND(BC54*L30,2) -> 0 | AZ54: =ROUND(AZ55+SUM(AZ56:AZ61)+SUM(AZ64:AZ66),2) -> 0 | BA54: =ROUND(BA55+SUM(BA56:BA61)+SUM(BA64:BA66),2) -> 0 | BB54: =ROUND(BB55+SUM(BB56:BB61)+SUM(BB64:BB66),2) -> 0 | BC54: =ROUND(BC55+SUM(BC56:BC61)+SUM(BC64:BC66),2) -> 0 | BD54: =ROUND(BD55+SUM(BD56:BD61)+SUM(BD64:BD66),2) -> 0 | BS54: D | BT54: 0 | BU54: ###NOIMPORT### | BV54: IMPORT | BW54: {fbc1a46a-d86b-4298-981e-dbf850c2ca92} | BX54: {00000000-0000-0000-0000-000000000000}
A55: / | D55: 2023/003/a | J55: SO-21 - Stavební a konstrukční část | AG55: ='2023-003-a - SO-21 - Stav...'!J30 -> 0 | AN55: =SUM(AG55,AT55) -> 0 | AQ55: STA | AS55: 0 | AT55: =ROUND(SUM(AV55:AW55),2) -> 0 | AU55: ='2023-003-a - SO-21 - Stav...'!P95 -> 0 | AV55: ='2023-003-a - SO-21 - Stav...'!J33 -> 0 | AW55: ='2023-003-a - SO-21 - Stav...'!J34 -> 0 | AX55: ='2023-003-a - SO-21 - Stav...'!J35 -> 0 | AY55: ='2023-003-a - SO-21 - Stav...'!J36 -> 0 | AZ55: ='2023-003-a - SO-21 - Stav...'!F33 -> 0 | BA55: ='2023-003-a - SO-21 - Stav...'!F34 -> 0 | BB55: ='2023-003-a - SO-21 - Stav...'!F35 -> 0 | BC55: ='2023-003-a - SO-21 - Stav...'!F36 -> 0 | BD55: ='2023-003-a - SO-21 - Stav...'!F37 -> 0 | BT55: 1 | BV55: IMPORT | BW55: {53e5e397-cbc3-4bfc-8477-08edf2619bcd} | BX55: {fbc1a46a-d86b-4298-981e-dbf850c2ca92} | CM55: 2
A56: / | D56: 2023/003/b | J56: SO-21 - Elektroinstalace | AG56: ='2023-003-b - SO-21 - Elek...'!J30 -> 0 | AN56: =SUM(AG56,AT56) -> 0 | AQ56: STA | AS56: 0 | AT56: =ROUND(SUM(AV56:AW56),2) -> 0 | AU56: ='2023-003-b - SO-21 - Elek...'!P87 -> 0 | AV56: ='2023-003-b - SO-21 - Elek...'!J33 -> 0 | AW56: ='2023-003-b - SO-21 - Elek...'!J34 -> 0 | AX56: ='2023-003-b - SO-21 - Elek...'!J35 -> 0 | AY56: ='2023-003-b - SO-21 - Elek...'!J36 -> 0 | AZ56: ='2023-003-b - SO-21 - Elek...'!F33 -> 0 | BA56: ='2023-003-b - SO-21 - Elek...'!F34 -> 0 | BB56: ='2023-003-b - SO-21 - Elek...'!F35 -> 0 | BC56: ='2023-003-b - SO-21 - Elek...'!F36 -> 0 | BD56: ='2023-003-b - SO-21 - Elek...'!F37 -> 0 | BT56: 1 | BV56: IMPORT | BW56: {50b00f3e-97d9-45c0-a5d5-471b4cac3b75} | BX56: {fbc1a46a-d86b-4298-981e-dbf850c2ca92} | CM56: 2
A57: / | D57: 2023/003/c | J57: SO-21 - Zdravotechnika | AG57: ='2023-003-c - SO-21 - Zdra...'!J30 -> 0 | AN57: =SUM(AG57,AT57) -> 0 | AQ57: STA | AS57: 0 | AT57: =ROUND(SUM(AV57:AW57),2) -> 0 | AU57: ='2023-003-c - SO-21 - Zdra...'!P86 -> 0 | AV57: ='2023-003-c - SO-21 - Zdra...'!J33 -> 0 | AW57: ='2023-003-c - SO-21 - Zdra...'!J34 -> 0 | AX57: ='2023-003-c - SO-21 - Zdra...'!J35 -> 0 | AY57: ='2023-003-c - SO-21 - Zdra...'!J36 -> 0 | AZ57: ='2023-003-c - SO-21 - Zdra...'!F33 -> 0 | BA57: ='2023-003-c - SO-21 - Zdra...'!F34 -> 0 | BB57: ='2023-003-c - SO-21 - Zdra...'!F35 -> 0 | BC57: ='2023-003-c - SO-21 - Zdra...'!F36 -> 0 | BD57: ='2023-003-c - SO-21 - Zdra...'!F37 -> 0 | BT57: 1 | BV57: IMPORT | BW57: {641cb51b-4565-4279-be31-dc176f3dc517} | BX57: {fbc1a46a-d86b-4298-981e-dbf850c2ca92} | CM57: 2
A58: / | D58: 2023/003/d | J58: SO-21 - Vytápění | AG58: ='2023-003-d - SO-21 - Vytá...'!J30 -> 0 | AN58: =SUM(AG58,AT58) -> 0 | AQ58: STA | AS58: 0 | AT58: =ROUND(SUM(AV58:AW58),2) -> 0 | AU58: ='2023-003-d - SO-21 - Vytá...'!P83 -> 0 | AV58: ='2023-003-d - SO-21 - Vytá...'!J33 -> 0 | AW58: ='2023-003-d - SO-21 - Vytá...'!J34 -> 0 | AX58: ='2023-003-d - SO-21 - Vytá...'!J35 -> 0 | AY58: ='2023-003-d - SO-21 - Vytá...'!J36 -> 0 | AZ58: ='2023-003-d - SO-21 - Vytá...'!F33 -> 0 | BA58: ='2023-003-d - SO-21 - Vytá...'!F34 -> 0 | BB58: ='2023-003-d - SO-21 - Vytá...'!F35 -> 0 | BC58: ='2023-003-d - SO-21 - Vytá...'!F36 -> 0 | BD58: ='2023-003-d - SO-21 - Vytá...'!F37 -> 0 | BT58: 1 | BV58: IMPORT | BW58: {2b14f685-7267-4df4-b1e2-07fb37b9630f} | BX58: {fbc1a46a-d86b-4298-981e-dbf850c2ca92} | CM58: 2
A59: / | D59: 2023/003/i | J59: SO-21 - bleskosvod a uzemnění | AG59: ='2023-003-i - SO-21 - bles...'!J30 -> 0 | AN59: =SUM(AG59,AT59) -> 0 | AQ59: STA | AS59: 0 | AT59: =ROUND(SUM(AV59:AW59),2) -> 0 | AU59: ='2023-003-i - SO-21 - bles...'!P82 -> 0 | AV59: ='2023-003-i - SO-21 - bles...'!J33 -> 0 | AW59: ='2023-003-i - SO-21 - bles...'!J34 -> 0 | AX59: ='2023-003-i - SO-21 - bles...'!J35 -> 0 | AY59: ='2023-003-i - SO-21 - bles...'!J36 -> 0 | AZ59: ='2023-003-i - SO-21 - bles...'!F33 -> 0 | BA59: ='2023-003-i - SO-21 - bles...'!F34 -> 0 | BB59: ='2023-003-i - SO-21 - bles...'!F35 -> 0 | BC59: ='2023-003-i - SO-21 - bles...'!F36 -> 0 | BD59: ='2023-003-i - SO-21 - bles...'!F37 -> 0 | BT59: 1 | BV59: IMPORT | BW59: {d837e52b-1dfb-4487-ba6f-fec39e2311eb} | BX59: {fbc1a46a-d86b-4298-981e-dbf850c2ca92} | CM59: 2
A60: / | D60: 2023/003/g | J60: SO-22 - potrubní a kabelový most | AG60: ='2023-003-g - SO-22 - potr...'!J30 -> 0 | AN60: =SUM(AG60,AT60) -> 0 | AQ60: STA | AS60: 0 | AT60: =ROUND(SUM(AV60:AW60),2) -> 0 | AU60: ='2023-003-g - SO-22 - potr...'!P87 -> 0 | AV60: ='2023-003-g - SO-22 - potr...'!J33 -> 0 | AW60: ='2023-003-g - SO-22 - potr...'!J34 -> 0 | AX60: ='2023-003-g - SO-22 - potr...'!J35 -> 0 | AY60: ='2023-003-g - SO-22 - potr...'!J36 -> 0 | AZ60: ='2023-003-g - SO-22 - potr...'!F33 -> 0 | BA60: ='2023-003-g - SO-22 - potr...'!F34 -> 0 | BB60: ='2023-003-g - SO-22 - potr...'!F35 -> 0 | BC60: ='2023-003-g - SO-22 - potr...'!F36 -> 0 | BD60: ='2023-003-g - SO-22 - potr...'!F37 -> 0 | BT60: 1 | BV60: IMPORT | BW60: {eb70109f-0aaf-4741-af75-0f88da17f835} | BX60: {fbc1a46a-d86b-4298-981e-dbf850c2ca92} | CM60: 2
D61: 2023/003/h | J61: SO-23 - Nové zpevněné plochy | AG61: =ROUND(SUM(AG62:AG63),2) -> 0 | AN61: =SUM(AG61,AT61) -> 0 | AQ61: STA | AS61: =ROUND(SUM(AS62:AS63),2) -> 0 | AT61: =ROUND(SUM(AV61:AW61),2) -> 0 | AU61: =ROUND(SUM(AU62:AU63),5) -> 0 | AV61: =ROUND(AZ61*L29,2) -> 0 | AW61: =ROUND(BA61*L30,2) -> 0 | AX61: =ROUND(BB61*L29,2) -> 0 | AY61: =ROUND(BC61*L30,2) -> 0 | AZ61: =ROUND(SUM(AZ62:AZ63),2) -> 0 | BA61: =ROUND(SUM(BA62:BA63),2) -> 0 | BB61: =ROUND(SUM(BB62:BB63),2) -> 0 | BC61: =ROUND(SUM(BC62:BC63),2) -> 0 | BD61: =ROUND(SUM(BD62:BD63),2) -> 0 | BS61: D | BT61: 1 | BU61: ###NOIMPORT### | BV61: IMPORT | BW61: {003b7664-3afd-42ee-9c11-286e272c03f2} | BX61: {fbc1a46a-d86b-4298-981e-dbf850c2ca92} | CM61: 2
A62: / | E62: a | K62: příprava území | AG62: ='a - příprava území'!J32 -> 0 | AN62: =SUM(AG62,AT62) -> 0 | AQ62: Soupis | AS62: 0 | AT62: =ROUND(SUM(AV62:AW62),2) -> 0 | AU62: ='a - příprava území'!P90 -> 0 | AV62: ='a - příprava území'!J35 -> 0 | AW62: ='a - příprava území'!J36 -> 0 | AX62: ='a - příprava území'!J37 -> 0 | AY62: ='a - příprava území'!J38 -> 0 | AZ62: ='a - příprava území'!F35 -> 0 | BA62: ='a - příprava území'!F36 -> 0 | BB62: ='a - příprava území'!F37 -> 0 | BC62: ='a - příprava území'!F38 -> 0 | BD62: ='a - příprava území'!F39 -> 0 | BT62: 2 | BV62: IMPORT | BW62: {66a5eeed-aeda-4080-92f4-4cf56af3aa82} | BX62: {003b7664-3afd-42ee-9c11-286e272c03f2}
A63: / | E63: n | K63: návrh | AG63: ='n - návrh'!J32 -> 0 | AN63: =SUM(AG63,AT63) -> 0 | AQ63: Soupis | AS63: 0 | AT63: =ROUND(SUM(AV63:AW63),2) -> 0 | AU63: ='n - návrh'!P94 -> 0 | AV63: ='n - návrh'!J35 -> 0 | AW63: ='n - návrh'!J36 -> 0 | AX63: ='n - návrh'!J37 -> 0 | AY63: ='n - návrh'!J38 -> 0 | AZ63: ='n - návrh'!F35 -> 0 | BA63: ='n - návrh'!F36 -> 0 | BB63: ='n - návrh'!F37 -> 0 | BC63: ='n - návrh'!F38 -> 0 | BD63: ='n - návrh'!F39 -> 0 | BT63: 2 | BV63: IMPORT | BW63: {ec803a29-6402-4ec0-9cad-f33d115efa9a} | BX63: {003b7664-3afd-42ee-9c11-286e272c03f2}
A64: / | D64: 2023/003/e | J64: SO-24 - dešťová kanalizace | AG64: ='2023-003-e - SO-24 - dešť...'!J30 -> 0 | AN64: =SUM(AG64,AT64) -> 0 | AQ64: STA | AS64: 0 | AT64: =ROUND(SUM(AV64:AW64),2) -> 0 | AU64: ='2023-003-e - SO-24 - dešť...'!P84 -> 0 | AV64: ='2023-003-e - SO-24 - dešť...'!J33 -> 0 | AW64: ='2023-003-e - SO-24 - dešť...'!J34 -> 0 | AX64: ='2023-003-e - SO-24 - dešť...'!J35 -> 0 | AY64: ='2023-003-e - SO-24 - dešť...'!J36 -> 0 | AZ64: ='2023-003-e - SO-24 - dešť...'!F33 -> 0 | BA64: ='2023-003-e - SO-24 - dešť...'!F34 -> 0 | BB64: ='2023-003-e - SO-24 - dešť...'!F35 -> 0 | BC64: ='2023-003-e - SO-24 - dešť...'!F36 -> 0 | BD64: ='2023-003-e - SO-24 - dešť...'!F37 -> 0 | BT64: 1 | BV64: IMPORT | BW64: {fdf8f8f9-a610-4ff3-8905-8fc590894e53} | BX64: {fbc1a46a-d86b-4298-981e-dbf850c2ca92} | CM64: 2
A65: / | D65: 2023/003/f | J65: SO-25 - vodovodní přípojka | AG65: ='2023-003-f - SO-25 - vodo...'!J30 -> 0 | AN65: =SUM(AG65,AT65) -> 0 | AQ65: STA | AS65: 0 | AT65: =ROUND(SUM(AV65:AW65),2) -> 0 | AU65: ='2023-003-f - SO-25 - vodo...'!P84 -> 0 | AV65: ='2023-003-f - SO-25 - vodo...'!J33 -> 0 | AW65: ='2023-003-f - SO-25 - vodo...'!J34 -> 0 | AX65: ='2023-003-f - SO-25 - vodo...'!J35 -> 0 | AY65: ='2023-003-f - SO-25 - vodo...'!J36 -> 0 | AZ65: ='2023-003-f - SO-25 - vodo...'!F33 -> 0 | BA65: ='2023-003-f - SO-25 - vodo...'!F34 -> 0 | BB65: ='2023-003-f - SO-25 - vodo...'!F35 -> 0 | BC65: ='2023-003-f - SO-25 - vodo...'!F36 -> 0 | BD65: ='2023-003-f - SO-25 - vodo...'!F37 -> 0 | BT65: 1 | BV65: IMPORT | BW65: {ae5bc6d7-4b3b-4857-a451-ada928935e96} | BX65: {fbc1a46a-d86b-4298-981e-dbf850c2ca92} | CM65: 2
A66: / | D66: 2023/003/j | J66: VRN | AG66: ='2023-003-j - VRN'!J30 -> 0 | AN66: =SUM(AG66,AT66) -> 0 | AQ66: STA | AS66: 0 | AT66: =ROUND(SUM(AV66:AW66),2) -> 0 | AU66: ='2023-003-j - VRN'!P83 -> 0 | AV66: ='2023-003-j - VRN'!J33 -> 0 | AW66: ='2023-003-j - VRN'!J34 -> 0 | AX66: ='2023-003-j - VRN'!J35 -> 0 | AY66: ='2023-003-j - VRN'!J36 -> 0 | AZ66: ='2023-003-j - VRN'!F33 -> 0 | BA66: ='2023-003-j - VRN'!F34 -> 0 | BB66: ='2023-003-j - VRN'!F35 -> 0 | BC66: ='2023-003-j - VRN'!F36 -> 0 | BD66: ='2023-003-j - VRN'!F37 -> 0 | BT66: 1 | BV66: IMPORT | BW66: {e2ca333b-ff34-4067-a476-6cbb4c6d3b36} | BX66: {fbc1a46a-d86b-4298-981e-dbf850c2ca92} | CM66: 2

Sheet 2023-003-a - SO-21 - Stav...
L2: >> skryté sloupce << | AT2: {53e5e397-cbc3-4bfc-8477-08edf2619bcd}
AT3: 2
D4: KRYCÍ LIST SOUPISU PRACÍ | M4: v --- níže se nacházejí doplnkové a pomocné údaje k sestavám --- v | AT4: False
D6: Stavba:
E7: ='Rekapitulace stavby'!K6 -> SKLAD ŠKROBU P-001
D8: Objekt:
E9: 2023/003/a - SO-21 - Stavební a konstrukční část
D11: KSO: | I11: CC-CZ:
D12: Místo: | I12: Datum: | J12: ='Rekapitulace stavby'!AN8 -> 45167
D14: Zadavatel: | I14: IČ: | J14: =IF('Rekapitulace stavby'!AN10="","",'Rekapitulace stavby'!AN10)
E15: =IF('Rekapitulace stavby'!E11="","",'Rekapitulace stavby'!E11) | I15: DIČ: | J15: =IF('Rekapitulace stavby'!AN11="","",'Rekapitulace stavby'!AN11)
D17: Uchazeč: | I17: IČ: | J17: ='Rekapitulace stavby'!AN13 -> Vyplň údaj
E18: ='Rekapitulace stavby'!E14 -> Vyplň údaj | I18: DIČ: | J18: ='Rekapitulace stavby'!AN14 -> Vyplň údaj
D20: Projektant: | I20: IČ: | J20: =IF('Rekapitulace stavby'!AN16="","",'Rekapitulace stavby'!AN16)
E21: =IF('Rekapitulace stavby'!E17="","",'Rekapitulace stavby'!E17) | I21: DIČ: | J21: =IF('Rekapitulace stavby'!AN17="","",'Rekapitulace stavby'!AN17)
D23: Zpracovatel: | I23: IČ: | J23: =IF('Rekapitulace stavby'!AN19="","",'Rekapitulace stavby'!AN19)
E24: =IF('Rekapitulace stavby'!E20="","",'Rekapitulace stavby'!E20) -> rostarek s.r.o. | I24: DIČ: | J24: =IF('Rekapitulace stavby'!AN20="","",'Rekapitulace stavby'!AN20)
D26: Poznámka:
D30: Cena bez DPH | J30: =ROUND(J95, 2) -> 0
F32: Základ daně | I32: Sazba daně | J32: Výše daně
D33: DPH | E33: základní | F33: =ROUND((SUM(BE95:BE403)), 2) -> 0 | I33: 0.21 | J33: =ROUND(((SUM(BE95:BE403))*I33), 2) -> 0
E34: snížená | F34: =ROUND((SUM(BF95:BF403)), 2) -> 0 | I34: 0.15 | J34: =ROUND(((SUM(BF95:BF403))*I34), 2) -> 0
E35: zákl. přenesená | F35: =ROUND((SUM(BG95:BG403)), 2) -> 0 | I35: 0.21 | J35: =0 -> 0
E36: sníž. přenesená | F36: =ROUND((SUM(BH95:BH403)), 2) -> 0 | I36: 0.15 | J36: =0 -> 0
E37: nulová | F37: =ROUND((SUM(BI95:BI403)), 2) -> 0 | I37: 0 | J37: =0 -> 0
D39: Cena s DPH | G39: v | H39: CZK | J39: =SUM(J30:J37) -> 0
C45: REKAPITULACE ČLENĚNÍ SOUPISU PRACÍ
C47: Stavba:
E48: =E7 -> SKLAD ŠKROBU P-001
C49: Objekt:
E50: =E9 -> 2023/003/a - SO-21 - Stavební a konstrukční část
C52: Místo: | F52: =F12 | I52: Datum: | J52: =IF(J12="","",J12) -> 45167
C54: Zadavatel: | F54: =E15 | I54: Projektant: | J54: =E21
C55: Uchazeč: | F55: =IF(E18="","",E18) -> Vyplň údaj | I55: Zpracovatel: | J55: =E24 -> rostarek s.r.o.
C57: Kód dílu - Popis | J57: Cena celkem [CZK]
C59: Náklady stavby celkem | J59: =J95 -> 0 | AU59: -1
D60: HSV - HSV | J60: =J96 -> 0
D61: 1 - Zemní práce | J61: =J97 -> 0
D62: 2 - Zakládání | J62: =J120 -> 0
D63: 3 - Svislé a kompletní konstrukce | J63: =J201 -> 0
D64: 6 - Úpravy povrchů, podlahy a osazování výplní | J64: =J233 -> 0
D65: 9 - Ostatní konstrukce a práce, bourání | J65: =J268 -> 0
D66: 997 - Přesun sutě | J66: =J278 -> 0
D67: 999 - Konstrukce haly | J67: =J288 -> 0
D68: 998 - Přesun hmot | J68: =J308 -> 0
D69: PSV - Práce a dodávky PSV | J69: =J311 -> 0
D70: 711 - Izolace proti vodě, vlhkosti a plynům | J70: =J312 -> 0
D71: 713 - Izolace tepelné | J71: =J329 -> 0
D72: 764 - Konstrukce klempířské | J72: =J352 -> 0
D73: 767 - Konstrukce zámečnické | J73: =J361 -> 0
D74: 781 - Dokončovací práce - obklady | J74: =J375 -> 0
D75: 783 - Dokončovací práce - nátěry | J75: =J389 -> 0
C82: SOUPIS PRACÍ
C84: Stavba:
E85: =E7 -> SKLAD ŠKROBU P-001
C86: Objekt:
E87: =E9 -> 2023/003/a - SO-21 - Stavební a konstrukční část
C89: Místo: | F89: =F12 | I89: Datum: | J89: =IF(J12="","",J12) -> 45167
C91: Zadavatel: | F91: =E15 | I91: Projektant: | J91: =E21
C92: Uchazeč: | F92: =IF(E18="","",E18) -> Vyplň údaj | I92: Zpracovatel: | J92: =E24 -> rostarek s.r.o.
C94: PČ | D94: Typ | E94: Kód | F94: Popis | G94: MJ | H94: Množství | I94: J.cena [CZK] | J94: Cena celkem [CZK] | K94: Cenová soustava | N94: DPH | O94: J. Nh [h] | P94: Nh celkem [h] | Q94: J. hmotnost [t] | R94: Hmotnost celkem [t] | S94: J. suť [t] | T94: Suť Celkem [t]
C95: Náklady soupisu celkem | J95: =BK95 -> 0 | P95: =P96+P311 -> 0 | R95: =R96+R311 -> 2156.9795 | T95: =T96+T311 -> 30 | AT95: D | AU95: -1 | BK95: =BK96+BK311 -> 0
D96: D | E96: HSV | F96: HSV | J96: =BK96 -> 0 | P96: =P97+P120+P201+P233+P268+P278+P288+P308 -> 0 | R96: =R97+R120+R201+R233+R268+R278+R288+R308 -> 2148.6546 | T96: =T97+T120+T201+T233+T268+T278+T288+T308 -> 30 | AR96: 1 | AT96: D | AU96: 0 | AY96: ROZPOCET | BK96: =BK97+BK120+BK201+BK233+BK268+BK278+BK288+BK308 -> 0
D97: D | E97: 1 | F97: Zemní práce | J97: =BK97 -> 0 | P97: =SUM(P98:P119) -> 0 | R97: =SUM(R98:R119) -> 0 | T97: =SUM(T98:T119) -> 0 | AR97: 1 | AT97: D | AU97: 1 | AY97: ROZPOCET | BK97: =SUM(BK98:BK119) -> 0
C98: 2 | D98: K | E98: 132251254 | F98: Hloubení nezapažených rýh šířky přes 800 do 2 000 mm strojně s urovnáním dna do předepsaného profilu a spádu v hornině třídy těžitelnosti I skupiny 3 přes 100 do 500 m3 | G98: m3 | H98: 377.7 | J98: =ROUND(I98*H98,2) -> 0 | K98: CS ÚRS 2023 02 | N98: základní | P98: =O98*H98 -> 0 | Q98: 0 | R98: =Q98*H98 -> 0 | S98: 0 | T98: =S98*H98 -> 0 | AR98: 4 | AT98: K | AU98: 2 | AY98: ROZPOCET | BE98: =IF(N98="základní",J98,0) -> 0 | BF98: =IF(N98="snížená",J98,0) -> 0 | BG98: =IF(N98="zákl. přenesená",J98,0) -> 0 | BH98: =IF(N98="sníž. přenesená",J98,0) -> 0 | BI98: =IF(N98="nulová",J98,0) -> 0 | BJ98: 1 | BK98: =ROUND(I98*H98,2) -> 0 | BL98: 4 | BM98: 179103942
D99: Online PSC | F99: https://podminky.urs.cz/item/CS_URS_2023_02/132251254 | AT99: Online PSC | AU99: 2
D100: VV | F100: 3,1*67,3 | H100: 208.63 | AT100: VV | AU100: 2 | AV100: 2 | AW100: True | AX100: 0 | AY100: ROZPOCET
D101: VV | F101: 29,5*2,1 | H101: 61.95 | AT101: VV | AU101: 2 | AV101: 2 | AW101: True | AX101: 0 | AY101: ROZPOCET
D102: VV | F102: 3,1*15,2 | H102: 47.12 | AT102: VV | AU102: 2 | AV102: 2 | AW102: True | AX102: 0 | AY102: ROZPOCET
D103: VV | F103: 3,0*20 | H103: 60 | AT103: VV | AU103: 2 | AV103: 2 | AW103: True | AX103: 0 | AY103: ROZPOCET
D104: VV | F104: Součet | H104: 377.7 | AT104: VV | AU104: 2 | AV104: 4 | AW104: True | AX104: 1 | AY104: ROZPOCET
C105: 3 | D105: K | E105: 162751117 | F105: Vodorovné přemístění výkopku nebo sypaniny po suchu na obvyklém dopravním prostředku, bez naložení výkopku, avšak se složením bez rozhrnutí z horniny třídy těžitelnosti I skupiny 1 až 3 na vzdálenost přes 9 000 do 10 000 m | G105: m3 | H105: 377.7 | J105: =ROUND(I105*H105,2) -> 0 | K105: CS ÚRS 2023 01 | N105: základní | P105: =O105*H105 -> 0 | Q105: 0 | R105: =Q105*H105 -> 0 | S105: 0 | T105: =S105*H105 -> 0 | AR105: 4 | AT105: K | AU105: 2 | AY105: ROZPOCET | BE105: =IF(N105="základní",J105,0) -> 0 | BF105: =IF(N105="snížená",J105,0) -> 0 | BG105: =IF(N105="zákl. přenesená",J105,0) -> 0 | BH105: =IF(N105="sníž. přenesená",J105,0) -> 0 | BI105: =IF(N105="nulová",J105,0) -> 0 | BJ105: 1 | BK105: =ROUND(I105*H105,2) -> 0 | BL105: 4 | BM105: 365247036
D106: Online PSC | F106: https://podminky.urs.cz/item/CS_URS_2023_01/162751117 | AT106: Online PSC | AU106: 2
D107: VV | F107: 377,7 | H107: 377.7 | AT107: VV | AU107: 2 | AV107: 2 | AW107: True | AX107: 0 | AY107: ROZPOCET
D108: VV | F108: Součet | H108: 377.7 | AT108: VV | AU108: 2 | AV108: 4 | AW108: True | AX108: 1 | AY108: ROZPOCET
C109: 4 | D109: K | E109: 162751119 | F109: Vodorovné přemístění výkopku nebo sypaniny po suchu na obvyklém dopravním prostředku, bez naložení výkopku, avšak se složením bez rozhrnutí z horniny třídy těžitelnosti I skupiny 1 až 3 na vzdálenost Příplatek k ceně za každých dalších i započatých 1 000 m | G109: m3 | H109: 7554 | J109: =ROUND(I109*H109,2) -> 0 | K109: CS ÚRS 2023 01 | N109: základní | P109: =O109*H109 -> 0 | Q109: 0 | R109: =Q109*H109 -> 0 | S109: 0 | T109: =S109*H109 -> 0 | AR109: 4 | AT109: K | AU109: 2 | AY109: ROZPOCET | BE109: =IF(N109="základní",J109,0) -> 0 | BF109: =IF(N109="snížená",J109,0) -> 0 | BG109: =IF(N109="zákl. přenesená",J109,0) -> 0 | BH109: =IF(N109="sníž. přenesená",J109,0) -> 0 | BI109: =IF(N109="nulová",J109,0) -> 0 | BJ109: 1 | BK109: =ROUND(I109*H109,2) -> 0 | BL109: 4 | BM109: 1950067877
D110: Online PSC | F110: https://podminky.urs.cz/item/CS_URS_2023_01/162751119 | AT110: Online PSC | AU110: 2
D111: VV | F111: 377,7*20 | H111: 7554 | AT111: VV | AU111: 2 | AV111: 2 | AW111: True | AX111: 1 | AY111: ROZPOCET
C112: 5 | D112: K | E112: 171201231 | F112: Poplatek za uložení stavebního odpadu na recyklační skládce (skládkovné) zeminy a kamení zatříděného do Katalogu odpadů pod kódem 17 05 04 | G112: t | H112: 680.04 | J112: =ROUND(I112*H112,2) -> 0 | K112: CS ÚRS 2023 01 | N112: základní | P112: =O112*H112 -> 0 | Q112: 0 | R112: =Q112*H112 -> 0 | S112: 0 | T112: =S112*H112 -> 0 | AR112: 4 | AT112: K | AU112: 2 | AY112: ROZPOCET | BE112: =IF(N112="základní",J112,0) -> 0 | BF112: =IF(N112="snížená",J112,0) -> 0 | BG112: =IF(N112="zákl. přenesená",J112,0) -> 0 | BH112: =IF(N112="sníž. přenesená",J112,0) -> 0 | BI112: =IF(N112="nulová",J112,0) -> 0 | BJ112: 1 | BK112: =ROUND(I112*H112,2) -> 0 | BL112: 4 | BM112: -1351061472
D113: Online PSC | F113: https://podminky.urs.cz/item/CS_URS_2023_01/171201231 | AT113: Online PSC | AU113: 2
D114: VV | F114: 377,8*1,8 | H114: 680.04 | AT114: VV | AU114: 2 | AV114: 2 | AW114: True | AX114: 1 | AY114: ROZPOCET
C115: 96 | D115: K | E115: 174151101 | F115: Zásyp sypaninou z jakékoliv horniny strojně s uložením výkopku ve vrstvách se zhutněním jam, šachet, rýh nebo kolem objektů v těchto vykopávkách | G115: m3 | H115: 65 | J115: =ROUND(I115*H115,2) -> 0 | K115: CS ÚRS 2023 02 | N115: základní | P115: =O115*H115 -> 0 | Q115: 0 | R115: =Q115*H115 -> 0 | S115: 0 | T115: =S115*H115 -> 0 | AR115: 4 | AT115: K | AU115: 2 | AY115: ROZPOCET | BE115: =IF(N115="základní",J115,0) -> 0 | BF115: =IF(N115="snížená",J115,0) -> 0 | BG115: =IF(N115="zákl. přenesená",J115,0) -> 0 | BH115: =IF(N115="sníž. přenesená",J115,0) -> 0 | BI115: =IF(N115="nulová",J115,0) -> 0 | BJ115: 1 | BK115: =ROUND(I115*H115,2) -> 0 | BL115: 4 | BM115: -1738048971
D116: Online PSC | F116: https://podminky.urs.cz/item/CS_URS_2023_02/174151101 | AT116: Online PSC | AU116: 2
D117: VV | F117: obsyp základových pasů, stěn atd. | AT117: VV | AU117: 2 | AV117: 1 | AW117: True | AX117: 0 | AY117: ROZPOCET
D118: VV | F118: 65 | H118: 65 | AT118: VV | AU118: 2 | AV118: 2 | AW118: True | AX118: 0 | AY118: ROZPOCET
D119: VV | F119: Součet | H119: 65 | AT119: VV | AU119: 2 | AV119: 4 | AW119: True | AX119: 1 | AY119: ROZPOCET
D120: D | E120: 2 | F120: Zakládání | J120: =BK120 -> 0 | P120: =SUM(P121:P200) -> 0 | R120: =SUM(R121:R200) -> 1821.981 | T120: =SUM(T121:T200) -> 0 | AR120: 1 | AT120: D | AU120: 1 | AY120: ROZPOCET | BK120: =SUM(BK121:BK200) -> 0
C121: 6 | D121: K | E121: 212752102 | F121: Trativody z drenážních trubek pro liniové stavby a komunikace se zřízením štěrkového lože pod trubky a s jejich obsypem v otevřeném výkopu trubka korugovaná sendvičová PE-HD SN 4 celoperforovaná 360° DN 150 | G121: m | H121: 32 | J121: =ROUND(I121*H121,2) -> 0 | K121: CS ÚRS 2023 02 | N121: základní | P121: =O121*H121 -> 0 | Q121: 0.27378 | R121: =Q121*H121 -> 8.76096 | S121: 0 | T121: =S121*H121 -> 0 | AR121: 4 | AT121: K | AU121: 2 | AY121: ROZPOCET | BE121: =IF(N121="základní",J121,0) -> 0 | BF121: =IF(N121="snížená",J121,0) -> 0 | BG121: =IF(N121="zákl. přenesená",J121,0) -> 0 | BH121: =IF(N121="sníž. přenesená",J121,0) -> 0 | BI121: =IF(N121="nulová",J121,0) -> 0 | BJ121: 1 | BK121: =ROUND(I121*H121,2) -> 0 | BL121: 4 | BM121: 296965496
D122: Online PSC | F122: https://podminky.urs.cz/item/CS_URS_2023_02/212752102 | AT122: Online PSC | AU122: 2
D123: VV | F123: Drenážní potrubí opěrných stěn | AT123: VV | AU123: 2 | AV123: 1 | AW123: True | AX123: 0 | AY123: ROZPOCET
D124: VV | F124: 32 | H124: 32 | AT124: VV | AU124: 2 | AV124: 2 | AW124: True | AX124: 0 | AY124: ROZPOCET
D125: VV | F125: Součet | H125: 32 | AT125: VV | AU125: 2 | AV125: 4 | AW125: True | AX125: 1 | AY125: ROZPOCET
C126: 7 | D126: K | E126: 271532211 | F126: Podsyp pod základové konstrukce se zhutněním a urovnáním povrchu z kameniva hrubého, frakce 32 - 63 mm | G126: m3 | H126: 358.02 | J126: =ROUND(I126*H126,2) -> 0 | K126: CS ÚRS 2023 02 | N126: základní | P126: =O126*H126 -> 0 | Q126: 2.16 | R126: =Q126*H126 -> 773.3232 | S126: 0 | T126: =S126*H126 -> 0 | AR126: 4 | AT126: K | AU126: 2 | AY126: ROZPOCET | BE126: =IF(N126="základní",J126,0) -> 0 | BF126: =IF(N126="snížená",J126,0) -> 0 | BG126: =IF(N126="zákl. přenesená",J126,0) -> 0 | BH126: =IF(N126="sníž. přenesená",J126,0) -> 0 | BI126: =IF(N126="nulová",J126,0) -> 0 | BJ126: 1 | BK126: =ROUND(I126*H126,2) -> 0 | BL126: 4 | BM126: 123869060
D127: Online PSC | F127: https://podminky.urs.cz/item/CS_URS_2023_02/271532211 | AT127: Online PSC | AU127: 2
D128: VV | F128: Podsyp pod základovou desku - štěrk třídy G1 | AT128: VV | AU128: 2 | AV128: 1 | AW128: True | AX128: 0 | AY128: ROZPOCET
D129: VV | F129: 563*0,7-58,2*0,7 | H129: 353.36 | AT129: VV | AU129: 2 | AV129: 2 | AW129: True | AX129: 0 | AY129: ROZPOCET
D130: VV | F130: podsyp pod opěrnou stěnu OS-P3 | AT130: VV | AU130: 2 | AV130: 1 | AW130: True | AX130: 0 | AY130: ROZPOCET
D131: VV | F131: 6,6*0,1 | H131: 0.66 | AT131: VV | AU131: 2 | AV131: 2 | AW131: True | AX131: 0 | AY131: ROZPOCET
D132: VV | F132: podsyp pod opěrnou stěnu OS-P1+P2 | AT132: VV | AU132: 2 | AV132: 1 | AW132: True | AX132: 0 | AY132: ROZPOCET
D133: VV | F133: 40*0,1 | H133: 4 | AT133: VV | AU133: 2 | AV133: 2 | AW133: True | AX133: 0 | AY133: ROZPOCET
...

Sheet 2023-003-b - SO-21 - Elek...
L2: >> skryté sloupce << | AT2: {50b00f3e-97d9-45c0-a5d5-471b4cac3b75}
AT3: 2
D4: KRYCÍ LIST SOUPISU PRACÍ | M4: v --- níže se nacházejí doplnkové a pomocné údaje k sestavám --- v | AT4: False
D6: Stavba:
E7: ='Rekapitulace stavby'!K6 -> SKLAD ŠKROBU P-001
D8: Objekt:
E9: 2023/003/b - SO-21 - Elektroinstalace
D11: KSO: | I11: CC-CZ:
D12: Místo: | I12: Datum: | J12: ='Rekapitulace stavby'!AN8 -> 45167
D14: Zadavatel: | I14: IČ: | J14: =IF('Rekapitulace stavby'!AN10="","",'Rekapitulace stavby'!AN10)
E15: =IF('Rekapitulace stavby'!E11="","",'Rekapitulace stavby'!E11) | I15: DIČ: | J15: =IF('Rekapitulace stavby'!AN11="","",'Rekapitulace stavby'!AN11)
D17: Uchazeč: | I17: IČ: | J17: ='Rekapitulace stavby'!AN13 -> Vyplň údaj
E18: ='Rekapitulace stavby'!E14 -> Vyplň údaj | I18: DIČ: | J18: ='Rekapitulace stavby'!AN14 -> Vyplň údaj
D20: Projektant: | I20: IČ: | J20: =IF('Rekapitulace stavby'!AN16="","",'Rekapitulace stavby'!AN16)
E21: =IF('Rekapitulace stavby'!E17="","",'Rekapitulace stavby'!E17) | I21: DIČ: | J21: =IF('Rekapitulace stavby'!AN17="","",'Rekapitulace stavby'!AN17)
D23: Zpracovatel: | I23: IČ: | J23: =IF('Rekapitulace stavby'!AN19="","",'Rekapitulace stavby'!AN19)
E24: =IF('Rekapitulace stavby'!E20="","",'Rekapitulace stavby'!E20) -> rostarek s.r.o. | I24: DIČ: | J24: =IF('Rekapitulace stavby'!AN20="","",'Rekapitulace stavby'!AN20)
D26: Poznámka:
D30: Cena bez DPH | J30: =ROUND(J87, 2) -> 0
F32: Základ daně | I32: Sazba daně | J32: Výše daně
D33: DPH | E33: základní | F33: =ROUND((SUM(BE87:BE242)), 2) -> 0 | I33: 0.21 | J33: =ROUND(((SUM(BE87:BE242))*I33), 2) -> 0
E34: snížená | F34: =ROUND((SUM(BF87:BF242)), 2) -> 0 | I34: 0.15 | J34: =ROUND(((SUM(BF87:BF242))*I34), 2) -> 0
E35: zákl. přenesená | F35: =ROUND((SUM(BG87:BG242)), 2) -> 0 | I35: 0.21 | J35: =0 -> 0
E36: sníž. přenesená | F36: =ROUND((SUM(BH87:BH242)), 2) -> 0 | I36: 0.15 | J36: =0 -> 0
E37: nulová | F37: =ROUND((SUM(BI87:BI242)), 2) -> 0 | I37: 0 | J37: =0 -> 0
D39: Cena s DPH | G39: v | H39: CZK | J39: =SUM(J30:J37) -> 0
C45: REKAPITULACE ČLENĚNÍ SOUPISU PRACÍ
C47: Stavba:
E48: =E7 -> SKLAD ŠKROBU P-001
C49: Objekt:
E50: =E9 -> 2023/003/b - SO-21 - Elektroinstalace
C52: Místo: | F52: =F12 | I52: Datum: | J52: =IF(J12="","",J12) -> 45167
C54: Zadavatel: | F54: =E15 | I54: Projektant: | J54: =E21
C55: Uchazeč: | F55: =IF(E18="","",E18) -> Vyplň údaj | I55: Zpracovatel: | J55: =E24 -> rostarek s.r.o.
C57: Kód dílu - Popis | J57: Cena celkem [CZK]
C59: Náklady stavby celkem | J59: =J87 -> 0 | AU59: -1
D60: 741 - Elektroinstalace | J60: =J88 -> 0
D61: D1 - Projektové práce | J61: =J89 -> 0
D62: D2 - Výroba a dodávka rozváděče | J62: =J91 -> 0
D63: D3 - Materiál a montážní práce | J63: =J146 -> 0
D64: D4 - Svítidla, zásuvky, krabice, vypínače | J64: =J147 -> 0
D65: D5 - Kabely | J65: =J186 -> 0
D66: D6 - Materiál kabelových tras | J66: =J209 -> 0
D67: D7 - Ostatní náklady (realizační firma doplní dle vlastního uvážení) | J67: =J241 -> 0
C74: SOUPIS PRACÍ
C76: Stavba:
E77: =E7 -> SKLAD ŠKROBU P-001
C78: Objekt:
E79: =E9 -> 2023/003/b - SO-21 - Elektroinstalace
C81: Místo: | F81: =F12 | I81: Datum: | J81: =IF(J12="","",J12) -> 45167
C83: Zadavatel: | F83: =E15 | I83: Projektant: | J83: =E21
C84: Uchazeč: | F84: =IF(E18="","",E18) -> Vyplň údaj | I84: Zpracovatel: | J84: =E24 -> rostarek s.r.o.
C86: PČ | D86: Typ | E86: Kód | F86: Popis | G86: MJ | H86: Množství | I86: J.cena [CZK] | J86: Cena celkem [CZK] | K86: Cenová soustava | N86: DPH | O86: J. Nh [h] | P86: Nh celkem [h] | Q86: J. hmotnost [t] | R86: Hmotnost celkem [t] | S86: J. suť [t] | T86: Suť Celkem [t]
C87: Náklady soupisu celkem | J87: =BK87 -> 0 | P87: =P88 -> 0 | R87: =R88 -> 0 | T87: =T88 -> 0 | AT87: D | AU87: -1 | BK87: =BK88 -> 0
D88: D | E88: 741 | F88: Elektroinstalace | J88: =BK88 -> 0 | P88: =P89+P91+P146+P241 -> 0 | R88: =R89+R91+R146+R241 -> 0 | T88: =T89+T91+T146+T241 -> 0 | AR88: 2 | AT88: D | AU88: 0 | AY88: ROZPOCET | BK88: =BK89+BK91+BK146+BK241 -> 0
D89: D | E89: D1 | F89: Projektové práce | J89: =BK89 -> 0 | P89: =P90 -> 0 | R89: =R90 -> 0 | T89: =T90 -> 0 | AR89: 1 | AT89: D | AU89: 1 | AY89: ROZPOCET | BK89: =BK90 -> 0
C90: 1 | D90: K | E90: Pol1 | F90: Aktualizace projektu na skutečný stav | G90: sada | H90: 1 | J90: =ROUND(I90*H90,2) -> 0 | N90: základní | P90: =O90*H90 -> 0 | Q90: 0 | R90: =Q90*H90 -> 0 | S90: 0 | T90: =S90*H90 -> 0 | AR90: 4 | AT90: K | AU90: 2 | AY90: ROZPOCET | BE90: =IF(N90="základní",J90,0) -> 0 | BF90: =IF(N90="snížená",J90,0) -> 0 | BG90: =IF(N90="zákl. přenesená",J90,0) -> 0 | BH90: =IF(N90="sníž. přenesená",J90,0) -> 0 | BI90: =IF(N90="nulová",J90,0) -> 0 | BJ90: 1 | BK90: =ROUND(I90*H90,2) -> 0 | BL90: 4 | BM90: 2
D91: D | E91: D2 | F91: Výroba a dodávka rozváděče | J91: =BK91 -> 0 | P91: =SUM(P92:P145) -> 0 | R91: =SUM(R92:R145) -> 0 | T91: =SUM(T92:T145) -> 0 | AR91: 1 | AT91: D | AU91: 1 | AY91: ROZPOCET | BK91: =SUM(BK92:BK145) -> 0
C92: 2 | D92: M | E92: Pol2 | F92: Impulzní relé | G92: ks | H92: 9 | J92: =ROUND(I92*H92,2) -> 0 | N92: základní | P92: =O92*H92 -> 0 | Q92: 0 | R92: =Q92*H92 -> 0 | S92: 0 | T92: =S92*H92 -> 0 | AR92: 8 | AT92: M | AU92: 2 | AY92: ROZPOCET | BE92: =IF(N92="základní",J92,0) -> 0 | BF92: =IF(N92="snížená",J92,0) -> 0 | BG92: =IF(N92="zákl. přenesená",J92,0) -> 0 | BH92: =IF(N92="sníž. přenesená",J92,0) -> 0 | BI92: =IF(N92="nulová",J92,0) -> 0 | BJ92: 1 | BK92: =ROUND(I92*H92,2) -> 0 | BL92: 4 | BM92: 4
D93: P | F93: Poznámka k položce:_x000D_ MIG-20-10-A230 | AT93: P | AU93: 2
C94: 3 | D94: M | E94: Pol3 | F94: Jistič | G94: ks | H94: 1 | J94: =ROUND(I94*H94,2) -> 0 | N94: základní | P94: =O94*H94 -> 0 | Q94: 0 | R94: =Q94*H94 -> 0 | S94: 0 | T94: =S94*H94 -> 0 | AR94: 8 | AT94: M | AU94: 2 | AY94: ROZPOCET | BE94: =IF(N94="základní",J94,0) -> 0 | BF94: =IF(N94="snížená",J94,0) -> 0 | BG94: =IF(N94="zákl. přenesená",J94,0) -> 0 | BH94: =IF(N94="sníž. přenesená",J94,0) -> 0 | BI94: =IF(N94="nulová",J94,0) -> 0 | BJ94: 1 | BK94: =ROUND(I94*H94,2) -> 0 | BL94: 4 | BM94: 6
D95: P | F95: Poznámka k položce:_x000D_ LTN-10B-3 | AT95: P | AU95: 2
C96: 4 | D96: M | E96: Pol4 | F96: Jistič | G96: ks | H96: 3 | J96: =ROUND(I96*H96,2) -> 0 | N96: základní | P96: =O96*H96 -> 0 | Q96: 0 | R96: =Q96*H96 -> 0 | S96: 0 | T96: =S96*H96 -> 0 | AR96: 8 | AT96: M | AU96: 2 | AY96: ROZPOCET | BE96: =IF(N96="základní",J96,0) -> 0 | BF96: =IF(N96="snížená",J96,0) -> 0 | BG96: =IF(N96="zákl. přenesená",J96,0) -> 0 | BH96: =IF(N96="sníž. přenesená",J96,0) -> 0 | BI96: =IF(N96="nulová",J96,0) -> 0 | BJ96: 1 | BK96: =ROUND(I96*H96,2) -> 0 | BL96: 4 | BM96: 8
D97: P | F97: Poznámka k položce:_x000D_ LTN-16B-1 | AT97: P | AU97: 2
C98: 5 | D98: M | E98: Pol5 | F98: Jistič | G98: ks | H98: 2 | J98: =ROUND(I98*H98,2) -> 0 | N98: základní | P98: =O98*H98 -> 0 | Q98: 0 | R98: =Q98*H98 -> 0 | S98: 0 | T98: =S98*H98 -> 0 | AR98: 8 | AT98: M | AU98: 2 | AY98: ROZPOCET | BE98: =IF(N98="základní",J98,0) -> 0 | BF98: =IF(N98="snížená",J98,0) -> 0 | BG98: =IF(N98="zákl. přenesená",J98,0) -> 0 | BH98: =IF(N98="sníž. přenesená",J98,0) -> 0 | BI98: =IF(N98="nulová",J98,0) -> 0 | BJ98: 1 | BK98: =ROUND(I98*H98,2) -> 0 | BL98: 4 | BM98: 10
D99: P | F99: Poznámka k položce:_x000D_ LTN-16B-3 | AT99: P | AU99: 2
C100: 6 | D100: M | E100: Pol6 | F100: Jistič | G100: ks | H100: 2 | J100: =ROUND(I100*H100,2) -> 0 | N100: základní | P100: =O100*H100 -> 0 | Q100: 0 | R100: =Q100*H100 -> 0 | S100: 0 | T100: =S100*H100 -> 0 | AR100: 8 | AT100: M | AU100: 2 | AY100: ROZPOCET | BE100: =IF(N100="základní",J100,0) -> 0 | BF100: =IF(N100="snížená",J100,0) -> 0 | BG100: =IF(N100="zákl. přenesená",J100,0) -> 0 | BH100: =IF(N100="sníž. přenesená",J100,0) -> 0 | BI100: =IF(N100="nulová",J100,0) -> 0 | BJ100: 1 | BK100: =ROUND(I100*H100,2) -> 0 | BL100: 4 | BM100: 12
D101: P | F101: Poznámka k položce:_x000D_ LTN-16C-1 | AT101: P | AU101: 2
C102: 7 | D102: M | E102: Pol7 | F102: Jistič | G102: ks | H102: 1 | J102: =ROUND(I102*H102,2) -> 0 | N102: základní | P102: =O102*H102 -> 0 | Q102: 0 | R102: =Q102*H102 -> 0 | S102: 0 | T102: =S102*H102 -> 0 | AR102: 8 | AT102: M | AU102: 2 | AY102: ROZPOCET | BE102: =IF(N102="základní",J102,0) -> 0 | BF102: =IF(N102="snížená",J102,0) -> 0 | BG102: =IF(N102="zákl. přenesená",J102,0) -> 0 | BH102: =IF(N102="sníž. přenesená",J102,0) -> 0 | BI102: =IF(N102="nulová",J102,0) -> 0 | BJ102: 1 | BK102: =ROUND(I102*H102,2) -> 0 | BL102: 4 | BM102: 14
D103: P | F103: Poznámka k položce:_x000D_ LTN-25B-3 | AT103: P | AU103: 2
C104: 8 | D104: M | E104: Pol8 | F104: Jistič | G104: ks | H104: 2 | J104: =ROUND(I104*H104,2) -> 0 | N104: základní | P104: =O104*H104 -> 0 | Q104: 0 | R104: =Q104*H104 -> 0 | S104: 0 | T104: =S104*H104 -> 0 | AR104: 8 | AT104: M | AU104: 2 | AY104: ROZPOCET | BE104: =IF(N104="základní",J104,0) -> 0 | BF104: =IF(N104="snížená",J104,0) -> 0 | BG104: =IF(N104="zákl. přenesená",J104,0) -> 0 | BH104: =IF(N104="sníž. přenesená",J104,0) -> 0 | BI104: =IF(N104="nulová",J104,0) -> 0 | BJ104: 1 | BK104: =ROUND(I104*H104,2) -> 0 | BL104: 4 | BM104: 16
D105: P | F105: Poznámka k položce:_x000D_ LTN-32B-3 | AT105: P | AU105: 2
C106: 9 | D106: M | E106: Pol9 | F106: Jistič | G106: ks | H106: 2 | J106: =ROUND(I106*H106,2) -> 0 | N106: základní | P106: =O106*H106 -> 0 | Q106: 0 | R106: =Q106*H106 -> 0 | S106: 0 | T106: =S106*H106 -> 0 | AR106: 8 | AT106: M | AU106: 2 | AY106: ROZPOCET | BE106: =IF(N106="základní",J106,0) -> 0 | BF106: =IF(N106="snížená",J106,0) -> 0 | BG106: =IF(N106="zákl. přenesená",J106,0) -> 0 | BH106: =IF(N106="sníž. přenesená",J106,0) -> 0 | BI106: =IF(N106="nulová",J106,0) -> 0 | BJ106: 1 | BK106: =ROUND(I106*H106,2) -> 0 | BL106: 4 | BM106: 18
D107: P | F107: Poznámka k položce:_x000D_ LTN-32C-3 | AT107: P | AU107: 2
C108: 10 | D108: M | E108: Pol10 | F108: Páčkový spínač | G108: ks | H108: 1 | J108: =ROUND(I108*H108,2) -> 0 | N108: základní | P108: =O108*H108 -> 0 | Q108: 0 | R108: =Q108*H108 -> 0 | S108: 0 | T108: =S108*H108 -> 0 | AR108: 8 | AT108: M | AU108: 2 | AY108: ROZPOCET | BE108: =IF(N108="základní",J108,0) -> 0 | BF108: =IF(N108="snížená",J108,0) -> 0 | BG108: =IF(N108="zákl. přenesená",J108,0) -> 0 | BH108: =IF(N108="sníž. přenesená",J108,0) -> 0 | BI108: =IF(N108="nulová",J108,0) -> 0 | BJ108: 1 | BK108: =ROUND(I108*H108,2) -> 0 | BL108: 4 | BM108: 20
D109: P | F109: Poznámka k položce:_x000D_ MSO-125-3N | AT109: P | AU109: 2
C110: 11 | D110: M | E110: Pol11 | F110: Proudový chránič | G110: ks | H110: 2 | J110: =ROUND(I110*H110,2) -> 0 | N110: základní | P110: =O110*H110 -> 0 | Q110: 0 | R110: =Q110*H110 -> 0 | S110: 0 | T110: =S110*H110 -> 0 | AR110: 8 | AT110: M | AU110: 2 | AY110: ROZPOCET | BE110: =IF(N110="základní",J110,0) -> 0 | BF110: =IF(N110="snížená",J110,0) -> 0 | BG110: =IF(N110="zákl. přenesená",J110,0) -> 0 | BH110: =IF(N110="sníž. přenesená",J110,0) -> 0 | BI110: =IF(N110="nulová",J110,0) -> 0 | BJ110: 1 | BK110: =ROUND(I110*H110,2) -> 0 | BL110: 4 | BM110: 22
D111: P | F111: Poznámka k položce:_x000D_ OFI-40-4-300A | AT111: P | AU111: 2
C112: 12 | D112: M | E112: Pol12 | F112: Proudový chránič s nadproudovou ochranou | G112: ks | H112: 10 | J112: =ROUND(I112*H112,2) -> 0 | N112: základní | P112: =O112*H112 -> 0 | Q112: 0 | R112: =Q112*H112 -> 0 | S112: 0 | T112: =S112*H112 -> 0 | AR112: 8 | AT112: M | AU112: 2 | AY112: ROZPOCET | BE112: =IF(N112="základní",J112,0) -> 0 | BF112: =IF(N112="snížená",J112,0) -> 0 | BG112: =IF(N112="zákl. přenesená",J112,0) -> 0 | BH112: =IF(N112="sníž. přenesená",J112,0) -> 0 | BI112: =IF(N112="nulová",J112,0) -> 0 | BJ112: 1 | BK112: =ROUND(I112*H112,2) -> 0 | BL112: 4 | BM112: 24
D113: P | F113: Poznámka k položce:_x000D_ OLI-10B-1N-030A | AT113: P | AU113: 2
C114: 13 | D114: M | E114: Pol13 | F114: Proudový chránič s nadproudovou ochranou | G114: ks | H114: 5 | J114: =ROUND(I114*H114,2) -> 0 | N114: základní | P114: =O114*H114 -> 0 | Q114: 0 | R114: =Q114*H114 -> 0 | S114: 0 | T114: =S114*H114 -> 0 | AR114: 8 | AT114: M | AU114: 2 | AY114: ROZPOCET | BE114: =IF(N114="základní",J114,0) -> 0 | BF114: =IF(N114="snížená",J114,0) -> 0 | BG114: =IF(N114="zákl. přenesená",J114,0) -> 0 | BH114: =IF(N114="sníž. přenesená",J114,0) -> 0 | BI114: =IF(N114="nulová",J114,0) -> 0 | BJ114: 1 | BK114: =ROUND(I114*H114,2) -> 0 | BL114: 4 | BM114: 26
D115: P | F115: Poznámka k položce:_x000D_ OLI-16B-1N-030A | AT115: P | AU115: 2
C116: 14 | D116: M | E116: Pol14 | F116: Bočnice podstavce 100mm pro rozvaděč VX25 500mm | G116: ks | H116: 1 | J116: =ROUND(I116*H116,2) -> 0 | N116: základní | P116: =O116*H116 -> 0 | Q116: 0 | R116: =Q116*H116 -> 0 | S116: 0 | T116: =S116*H116 -> 0 | AR116: 8 | AT116: M | AU116: 2 | AY116: ROZPOCET | BE116: =IF(N116="základní",J116,0) -> 0 | BF116: =IF(N116="snížená",J116,0) -> 0 | BG116: =IF(N116="zákl. přenesená",J116,0) -> 0 | BH116: =IF(N116="sníž. přenesená",J116,0) -> 0 | BI116: =IF(N116="nulová",J116,0) -> 0 | BJ116: 1 | BK116: =ROUND(I116*H116,2) -> 0 | BL116: 4 | BM116: 28
D117: P | F117: Poznámka k položce:_x000D_ 8640032 | AT117: P | AU117: 2
C118: 15 | D118: M | E118: Pol15 | F118: Díly podstavce 100mm pro rozvaděč VX25 šířka 600 | G118: ks | H118: 1 | J118: =ROUND(I118*H118,2) -> 0 | N118: základní | P118: =O118*H118 -> 0 | Q118: 0 | R118: =Q118*H118 -> 0 | S118: 0 | T118: =S118*H118 -> 0 | AR118: 8 | AT118: M | AU118: 2 | AY118: ROZPOCET | BE118: =IF(N118="základní",J118,0) -> 0 | BF118: =IF(N118="snížená",J118,0) -> 0 | BG118: =IF(N118="zákl. přenesená",J118,0) -> 0 | BH118: =IF(N118="sníž. přenesená",J118,0) -> 0 | BI118: =IF(N118="nulová",J118,0) -> 0 | BJ118: 1 | BK118: =ROUND(I118*H118,2) -> 0 | BL118: 4 | BM118: 30
D119: P | F119: Poznámka k položce:_x000D_ 8640002 | AT119: P | AU119: 2
C120: 16 | D120: M | E120: Pol16 | F120: Dveřní spínač osvětlení | G120: ks | H120: 1 | J120: =ROUND(I120*H120,2) -> 0 | N120: základní | P120: =O120*H120 -> 0 | Q120: 0 | R120: =Q120*H120 -> 0 | S120: 0 | T120: =S120*H120 -> 0 | AR120: 8 | AT120: M | AU120: 2 | AY120: ROZPOCET | BE120: =IF(N120="základní",J120,0) -> 0 | BF120: =IF(N120="snížená",J120,0) -> 0 | BG120: =IF(N120="zákl. přenesená",J120,0) -> 0 | BH120: =IF(N120="sníž. přenesená",J120,0) -> 0 | BI120: =IF(N120="nulová",J120,0) -> 0 | BJ120: 1 | BK120: =ROUND(I120*H120,2) -> 0 | BL120: 4 | BM120: 32
D121: P | F121: Poznámka k položce:_x000D_ SZ.2500460 | AT121: P | AU121: 2
C122: 17 | D122: M | E122: Pol17 | F122: Kabel s konektorem | G122: ks | H122: 1 | J122: =ROUND(I122*H122,2) -> 0 | N122: základní | P122: =O122*H122 -> 0 | Q122: 0 | R122: =Q122*H122 -> 0 | S122: 0 | T122: =S122*H122 -> 0 | AR122: 8 | AT122: M | AU122: 2 | AY122: ROZPOCET | BE122: =IF(N122="základní",J122,0) -> 0 | BF122: =IF(N122="snížená",J122,0) -> 0 | BG122: =IF(N122="zákl. přenesená",J122,0) -> 0 | BH122: =IF(N122="sníž. přenesená",J122,0) -> 0 | BI122: =IF(N122="nulová",J122,0) -> 0 | BJ122: 1 | BK122: =ROUND(I122*H122,2) -> 0 | BL122: 4 | BM122: 34
D123: P | F123: Poznámka k položce:_x000D_ SZ.2500400 | AT123: P | AU123: 2
C124: 18 | D124: M | E124: Pol18 | F124: Osvětlení rozvaděče | G124: ks | H124: 1 | J124: =ROUND(I124*H124,2) -> 0 | N124: základní | P124: =O124*H124 -> 0 | Q124: 0 | R124: =Q124*H124 -> 0 | S124: 0 | T124: =S124*H124 -> 0 | AR124: 8 | AT124: M | AU124: 2 | AY124: ROZPOCET | BE124: =IF(N124="základní",J124,0) -> 0 | BF124: =IF(N124="snížená",J124,0) -> 0 | BG124: =IF(N124="zákl. přenesená",J124,0) -> 0 | BH124: =IF(N124="sníž. přenesená",J124,0) -> 0 | BI124: =IF(N124="nulová",J124,0) -> 0 | BJ124: 1 | BK124: =ROUND(I124*H124,2) -> 0 | BL124: 4 | BM124: 36
D125: P | F125: Poznámka k položce:_x000D_ SZ.2500200 | AT125: P | AU125: 2
C126: 19 | D126: M | E126: Pol19 | F126: Sada boků pro rozvaděč VX25 | G126: ks | H126: 1 | J126: =ROUND(I126*H126,2) -> 0 | N126: základní | P126: =O126*H126 -> 0 | Q126: 0 | R126: =Q126*H126 -> 0 | S126: 0 | T126: =S126*H126 -> 0 | AR126: 8 | AT126: M | AU126: 2 | AY126: ROZPOCET | BE126: =IF(N126="základní",J126,0) -> 0 | BF126: =IF(N126="snížená",J126,0) -> 0 | BG126: =IF(N126="zákl. přenesená",J126,0) -> 0 | BH126: =IF(N126="sníž. přenesená",J126,0) -> 0 | BI126: =IF(N126="nulová",J126,0) -> 0 | BJ126: 1 | BK126: =ROUND(I126*H126,2) -> 0 | BL126: 4 | BM126: 38
D127: P | F127: Poznámka k položce:_x000D_ VX.8105245 | AT127: P | AU127: 2
C128: 20 | D128: M | E128: Pol20 | F128: Skříňový rozvaděč VX 25 | G128: ks | H128: 1 | J128: =ROUND(I128*H128,2) -> 0 | N128: základní | P128: =O128*H128 -> 0 | Q128: 0 | R128: =Q128*H128 -> 0 | S128: 0 | T128: =S128*H128 -> 0 | AR128: 8 | AT128: M | AU128: 2 | AY128: ROZPOCET | BE128: =IF(N128="základní",J128,0) -> 0 | BF128: =IF(N128="snížená",J128,0) -> 0 | BG128: =IF(N128="zákl. přenesená",J128,0) -> 0 | BH128: =IF(N128="sníž. přenesená",J128,0) -> 0 | BI128: =IF(N128="nulová",J128,0) -> 0 | BJ128: 1 | BK128: =ROUND(I128*H128,2) -> 0 | BL128: 4 | BM128: 40
D129: P | F129: Poznámka k položce:_x000D_ VX.8605000 | AT129: P | AU129: 2
C130: 21 | D130: M | E130: Pol21 | F130: Svorka | G130: ks | H130: 57 | J130: =ROUND(I130*H130,2) -> 0 | N130: základní | P130: =O130*H130 -> 0 | Q130: 0 | R130: =Q130*H130 -> 0 | S130: 0 | T130: =S130*H130 -> 0 | AR130: 8 | AT130: M | AU130: 2 | AY130: ROZPOCET | BE130: =IF(N130="základní",J130,0) -> 0 | BF130: =IF(N130="snížená",J130,0) -> 0 | BG130: =IF(N130="zákl. přenesená",J130,0) -> 0 | BH130: =IF(N130="sníž. přenesená",J130,0) -> 0 | BI130: =IF(N130="nulová",J130,0) -> 0 | BJ130: 1 | BK130: =ROUND(I130*H130,2) -> 0 | BL130: 4 | BM130: 42
D131: P | F131: Poznámka k položce:_x000D_ A2C 4 | AT131: P | AU131: 2
C132: 22 | D132: M | E132: Pol21 | F132: Svorka | G132: ks | H132: 13 | J132: =ROUND(I132*H132,2) -> 0 | N132: základní | P132: =O132*H132 -> 0 | Q132: 0 | R132: =Q132*H132 -> 0 | S132: 0 | T132: =S132*H132 -> 0 | AR132: 8 | AT132: M | AU132: 2 | AY132: ROZPOCET | BE132: =IF(N132="základní",J132,0) -> 0 | BF132: =IF(N132="snížená",J132,0) -> 0 | BG132: =IF(N132="zákl. přenesená",J132,0) -> 0 | BH132: =IF(N132="sníž. přenesená",J132,0) -> 0 | BI132: =IF(N132="nulová",J132,0) -> 0 | BJ132: 1 | BK132: =ROUND(I132*H132,2) -> 0 | BL132: 4 | BM132: 44
D133: P | F133: Poznámka k položce:_x000D_ A2C 4 BL | AT133: P | AU133: 2
...

Sheet 2023-003-c - SO-21 - Zdra...
L2: >> skryté sloupce << | AT2: {641cb51b-4565-4279-be31-dc176f3dc517}
AT3: 2
D4: KRYCÍ LIST SOUPISU PRACÍ | M4: v --- níže se nacházejí doplnkové a pomocné údaje k sestavám --- v | AT4: False
D6: Stavba:
E7: ='Rekapitulace stavby'!K6 -> SKLAD ŠKROBU P-001
D8: Objekt:
E9: 2023/003/c - SO-21 - Zdravotechnika
D11: KSO: | I11: CC-CZ:
D12: Místo: | I12: Datum: | J12: ='Rekapitulace stavby'!AN8 -> 45167
D14: Zadavatel: | I14: IČ: | J14: =IF('Rekapitulace stavby'!AN10="","",'Rekapitulace stavby'!AN10)
E15: =IF('Rekapitulace stavby'!E11="","",'Rekapitulace stavby'!E11) | I15: DIČ: | J15: =IF('Rekapitulace stavby'!AN11="","",'Rekapitulace stavby'!AN11)
D17: Uchazeč: | I17: IČ: | J17: ='Rekapitulace stavby'!AN13 -> Vyplň údaj
E18: ='Rekapitulace stavby'!E14 -> Vyplň údaj | I18: DIČ: | J18: ='Rekapitulace stavby'!AN14 -> Vyplň údaj
D20: Projektant: | I20: IČ: | J20: =IF('Rekapitulace stavby'!AN16="","",'Rekapitulace stavby'!AN16)
E21: =IF('Rekapitulace stavby'!E17="","",'Rekapitulace stavby'!E17) | I21: DIČ: | J21: =IF('Rekapitulace stavby'!AN17="","",'Rekapitulace stavby'!AN17)
D23: Zpracovatel: | I23: IČ: | J23: =IF('Rekapitulace stavby'!AN19="","",'Rekapitulace stavby'!AN19)
E24: =IF('Rekapitulace stavby'!E20="","",'Rekapitulace stavby'!E20) -> rostarek s.r.o. | I24: DIČ: | J24: =IF('Rekapitulace stavby'!AN20="","",'Rekapitulace stavby'!AN20)
D26: Poznámka:
D30: Cena bez DPH | J30: =ROUND(J86, 2) -> 0
F32: Základ daně | I32: Sazba daně | J32: Výše daně
D33: DPH | E33: základní | F33: =ROUND((SUM(BE86:BE113)), 2) -> 0 | I33: 0.21 | J33: =ROUND(((SUM(BE86:BE113))*I33), 2) -> 0
E34: snížená | F34: =ROUND((SUM(BF86:BF113)), 2) -> 0 | I34: 0.15 | J34: =ROUND(((SUM(BF86:BF113))*I34), 2) -> 0
E35: zákl. přenesená | F35: =ROUND((SUM(BG86:BG113)), 2) -> 0 | I35: 0.21 | J35: =0 -> 0
E36: sníž. přenesená | F36: =ROUND((SUM(BH86:BH113)), 2) -> 0 | I36: 0.15 | J36: =0 -> 0
E37: nulová | F37: =ROUND((SUM(BI86:BI113)), 2) -> 0 | I37: 0 | J37: =0 -> 0
D39: Cena s DPH | G39: v | H39: CZK | J39: =SUM(J30:J37) -> 0
C45: REKAPITULACE ČLENĚNÍ SOUPISU PRACÍ
C47: Stavba:
E48: =E7 -> SKLAD ŠKROBU P-001
C49: Objekt:
E50: =E9 -> 2023/003/c - SO-21 - Zdravotechnika
C52: Místo: | F52: =F12 | I52: Datum: | J52: =IF(J12="","",J12) -> 45167
C54: Zadavatel: | F54: =E15 | I54: Projektant: | J54: =E21
C55: Uchazeč: | F55: =IF(E18="","",E18) -> Vyplň údaj | I55: Zpracovatel: | J55: =E24 -> rostarek s.r.o.
C57: Kód dílu - Popis | J57: Cena celkem [CZK]
C59: Náklady stavby celkem | J59: =J86 -> 0 | AU59: -1
D60: D1 - Zdravotně technické instalace | J60: =J87 -> 0
D61: D2 - A.) Vodovod | J61: =J88 -> 0
D62: D3 - 1.) Potrubí (včetně tvarovek montáže a upevnění) | J62: =J89 -> 0
D63: D4 - Potrubí pro uloženi do země | J63: =J95 -> 0
D64: D5 - Tvarovky na potrubí PE | J64: =J97 -> 0
D65: D6 - 3.) Armatury, dvířka | J65: =J101 -> 0
D66: D7 - 4.) Ostatní - stavební přípomoce zkoušky | J66: =J107 -> 0
C73: SOUPIS PRACÍ
C75: Stavba:
E76: =E7 -> SKLAD ŠKROBU P-001
C77: Objekt:
E78: =E9 -> 2023/003/c - SO-21 - Zdravotechnika
C80: Místo: | F80: =F12 | I80: Datum: | J80: =IF(J12="","",J12) -> 45167
C82: Zadavatel: | F82: =E15 | I82: Projektant: | J82: =E21
C83: Uchazeč: | F83: =IF(E18="","",E18) -> Vyplň údaj | I83: Zpracovatel: | J83: =E24 -> rostarek s.r.o.
C85: PČ | D85: Typ | E85: Kód | F85: Popis | G85: MJ | H85: Množství | I85: J.cena [CZK] | J85: Cena celkem [CZK] | K85: Cenová soustava | N85: DPH | O85: J. Nh [h] | P85: Nh celkem [h] | Q85: J. hmotnost [t] | R85: Hmotnost celkem [t] | S85: J. suť [t] | T85: Suť Celkem [t]
C86: Náklady soupisu celkem | J86: =BK86 -> 0 | P86: =P87 -> 0 | R86: =R87 -> 0 | T86: =T87 -> 0 | AT86: D | AU86: -1 | BK86: =BK87 -> 0
D87: D | E87: D1 | F87: Zdravotně technické instalace | J87: =BK87 -> 0 | P87: =P88 -> 0 | R87: =R88 -> 0 | T87: =T88 -> 0 | AR87: 1 | AT87: D | AU87: 0 | AY87: ROZPOCET | BK87: =BK88 -> 0
D88: D | E88: D2 | F88: A.) Vodovod | J88: =BK88 -> 0 | P88: =P89+P101+P107 -> 0 | R88: =R89+R101+R107 -> 0 | T88: =T89+T101+T107 -> 0 | AR88: 1 | AT88: D | AU88: 1 | AY88: ROZPOCET | BK88: =BK89+BK101+BK107 -> 0
D89: D | E89: D3 | F89: 1.) Potrubí (včetně tvarovek montáže a upevnění) | J89: =BK89 -> 0 | P89: =P90+SUM(P91:P95)+P97 -> 0 | R89: =R90+SUM(R91:R95)+R97 -> 0 | T89: =T90+SUM(T91:T95)+T97 -> 0 | AR89: 1 | AT89: D | AU89: 2 | AY89: ROZPOCET | BK89: =BK90+SUM(BK91:BK95)+BK97 -> 0
C90: 1 | D90: K | E90: Pol76 | F90: Ocelové trubky závitové oboustranně žárově pozinkované se šroubovanými spoji, včetně fitinek a upevnění DN20-3/4" | G90: m | H90: 1 | J90: =ROUND(I90*H90,2) -> 0 | N90: základní | P90: =O90*H90 -> 0 | Q90: 0 | R90: =Q90*H90 -> 0 | S90: 0 | T90: =S90*H90 -> 0 | AR90: 4 | AT90: K | AU90: 3 | AY90: ROZPOCET | BE90: =IF(N90="základní",J90,0) -> 0 | BF90: =IF(N90="snížená",J90,0) -> 0 | BG90: =IF(N90="zákl. přenesená",J90,0) -> 0 | BH90: =IF(N90="sníž. přenesená",J90,0) -> 0 | BI90: =IF(N90="nulová",J90,0) -> 0 | BJ90: 1 | BK90: =ROUND(I90*H90,2) -> 0 | BL90: 4 | BM90: 2
C91: 2 | D91: K | E91: Pol77 | F91: Ocelové trubky závitové oboustranně žárově pozinkované se šroubovanými spoji, včetně fitinek a upevnění DN25-1" | G91: m | H91: 2 | J91: =ROUND(I91*H91,2) -> 0 | N91: základní | P91: =O91*H91 -> 0 | Q91: 0 | R91: =Q91*H91 -> 0 | S91: 0 | T91: =S91*H91 -> 0 | AR91: 4 | AT91: K | AU91: 3 | AY91: ROZPOCET | BE91: =IF(N91="základní",J91,0) -> 0 | BF91: =IF(N91="snížená",J91,0) -> 0 | BG91: =IF(N91="zákl. přenesená",J91,0) -> 0 | BH91: =IF(N91="sníž. přenesená",J91,0) -> 0 | BI91: =IF(N91="nulová",J91,0) -> 0 | BJ91: 1 | BK91: =ROUND(I91*H91,2) -> 0 | BL91: 4 | BM91: 4
C92: 3 | D92: K | E92: Pol78 | F92: Ocelové trubky závitové oboustranně žárově pozinkované se šroubovanými spoji, včetně fitinek a upevnění DN32-5/4" | G92: m | H92: 42 | J92: =ROUND(I92*H92,2) -> 0 | N92: základní | P92: =O92*H92 -> 0 | Q92: 0 | R92: =Q92*H92 -> 0 | S92: 0 | T92: =S92*H92 -> 0 | AR92: 4 | AT92: K | AU92: 3 | AY92: ROZPOCET | BE92: =IF(N92="základní",J92,0) -> 0 | BF92: =IF(N92="snížená",J92,0) -> 0 | BG92: =IF(N92="zákl. přenesená",J92,0) -> 0 | BH92: =IF(N92="sníž. přenesená",J92,0) -> 0 | BI92: =IF(N92="nulová",J92,0) -> 0 | BJ92: 1 | BK92: =ROUND(I92*H92,2) -> 0 | BL92: 4 | BM92: 6
C93: 4 | D93: K | E93: Pol79 | F93: Ocelové trubky závitové oboustranně žárově pozinkované se šroubovanými spoji, včetně fitinek a upevnění DN50 2" | G93: m | H93: 2 | J93: =ROUND(I93*H93,2) -> 0 | N93: základní | P93: =O93*H93 -> 0 | Q93: 0 | R93: =Q93*H93 -> 0 | S93: 0 | T93: =S93*H93 -> 0 | AR93: 4 | AT93: K | AU93: 3 | AY93: ROZPOCET | BE93: =IF(N93="základní",J93,0) -> 0 | BF93: =IF(N93="snížená",J93,0) -> 0 | BG93: =IF(N93="zákl. přenesená",J93,0) -> 0 | BH93: =IF(N93="sníž. přenesená",J93,0) -> 0 | BI93: =IF(N93="nulová",J93,0) -> 0 | BJ93: 1 | BK93: =ROUND(I93*H93,2) -> 0 | BL93: 4 | BM93: 8
C94: 5 | D94: K | E94: Pol80 | F94: Ocelové trubky závitové oboustranně žárově pozinkované se šroubovanými spoji, včetně fitinek a upevnění DN80 3" | G94: m | H94: 1 | J94: =ROUND(I94*H94,2) -> 0 | N94: základní | P94: =O94*H94 -> 0 | Q94: 0 | R94: =Q94*H94 -> 0 | S94: 0 | T94: =S94*H94 -> 0 | AR94: 4 | AT94: K | AU94: 3 | AY94: ROZPOCET | BE94: =IF(N94="základní",J94,0) -> 0 | BF94: =IF(N94="snížená",J94,0) -> 0 | BG94: =IF(N94="zákl. přenesená",J94,0) -> 0 | BH94: =IF(N94="sníž. přenesená",J94,0) -> 0 | BI94: =IF(N94="nulová",J94,0) -> 0 | BJ94: 1 | BK94: =ROUND(I94*H94,2) -> 0 | BL94: 4 | BM94: 10
D95: D | E95: D4 | F95: Potrubí pro uloženi do země | J95: =BK95 -> 0 | P95: =P96 -> 0 | R95: =R96 -> 0 | T95: =T96 -> 0 | AR95: 1 | AT95: D | AU95: 3 | AY95: ROZPOCET | BK95: =BK96 -> 0
C96: 6 | D96: K | E96: Pol81 | F96: Potrubí z PE HDPE 100 SDR11 uložení do země Ø90x8,2 | G96: m | H96: 2 | J96: =ROUND(I96*H96,2) -> 0 | N96: základní | P96: =O96*H96 -> 0 | Q96: 0 | R96: =Q96*H96 -> 0 | S96: 0 | T96: =S96*H96 -> 0 | AR96: 4 | AT96: K | AU96: 4 | AY96: ROZPOCET | BE96: =IF(N96="základní",J96,0) -> 0 | BF96: =IF(N96="snížená",J96,0) -> 0 | BG96: =IF(N96="zákl. přenesená",J96,0) -> 0 | BH96: =IF(N96="sníž. přenesená",J96,0) -> 0 | BI96: =IF(N96="nulová",J96,0) -> 0 | BJ96: 1 | BK96: =ROUND(I96*H96,2) -> 0 | BL96: 4 | BM96: 12
D97: D | E97: D5 | F97: Tvarovky na potrubí PE | J97: =BK97 -> 0 | P97: =SUM(P98:P100) -> 0 | R97: =SUM(R98:R100) -> 0 | T97: =SUM(T98:T100) -> 0 | AR97: 1 | AT97: D | AU97: 3 | AY97: ROZPOCET | BK97: =SUM(BK98:BK100) -> 0
C98: 7 | D98: K | E98: Pol82 | F98: Elektrospojka HDPE d90 | G98: ks | H98: 1 | J98: =ROUND(I98*H98,2) -> 0 | N98: základní | P98: =O98*H98 -> 0 | Q98: 0 | R98: =Q98*H98 -> 0 | S98: 0 | T98: =S98*H98 -> 0 | AR98: 4 | AT98: K | AU98: 4 | AY98: ROZPOCET | BE98: =IF(N98="základní",J98,0) -> 0 | BF98: =IF(N98="snížená",J98,0) -> 0 | BG98: =IF(N98="zákl. přenesená",J98,0) -> 0 | BH98: =IF(N98="sníž. přenesená",J98,0) -> 0 | BI98: =IF(N98="nulová",J98,0) -> 0 | BJ98: 1 | BK98: =ROUND(I98*H98,2) -> 0 | BL98: 4 | BM98: 14
C99: 8 | D99: K | E99: Pol83 | F99: Elektrokoleno HDPE d90 90° | G99: ks | H99: 1 | J99: =ROUND(I99*H99,2) -> 0 | N99: základní | P99: =O99*H99 -> 0 | Q99: 0 | R99: =Q99*H99 -> 0 | S99: 0 | T99: =S99*H99 -> 0 | AR99: 4 | AT99: K | AU99: 4 | AY99: ROZPOCET | BE99: =IF(N99="základní",J99,0) -> 0 | BF99: =IF(N99="snížená",J99,0) -> 0 | BG99: =IF(N99="zákl. přenesená",J99,0) -> 0 | BH99: =IF(N99="sníž. přenesená",J99,0) -> 0 | BI99: =IF(N99="nulová",J99,0) -> 0 | BJ99: 1 | BK99: =ROUND(I99*H99,2) -> 0 | BL99: 4 | BM99: 16
C100: 9 | D100: K | E100: Pol84 | F100: Elektrokoleno s vnějším závitem HDPE d90x3" 90° | G100: ks | H100: 1 | J100: =ROUND(I100*H100,2) -> 0 | N100: základní | P100: =O100*H100 -> 0 | Q100: 0 | R100: =Q100*H100 -> 0 | S100: 0 | T100: =S100*H100 -> 0 | AR100: 4 | AT100: K | AU100: 4 | AY100: ROZPOCET | BE100: =IF(N100="základní",J100,0) -> 0 | BF100: =IF(N100="snížená",J100,0) -> 0 | BG100: =IF(N100="zákl. přenesená",J100,0) -> 0 | BH100: =IF(N100="sníž. přenesená",J100,0) -> 0 | BI100: =IF(N100="nulová",J100,0) -> 0 | BJ100: 1 | BK100: =ROUND(I100*H100,2) -> 0 | BL100: 4 | BM100: 18
D101: D | E101: D6 | F101: 3.) Armatury, dvířka | J101: =BK101 -> 0 | P101: =SUM(P102:P106) -> 0 | R101: =SUM(R102:R106) -> 0 | T101: =SUM(T102:T106) -> 0 | AR101: 1 | AT101: D | AU101: 2 | AY101: ROZPOCET | BK101: =SUM(BK102:BK106) -> 0
C102: 10 | D102: K | E102: Pol85 | F102: Kohout (ventil) kulový pro pitnou vodu DN50, PN10 | G102: ks | H102: 1 | J102: =ROUND(I102*H102,2) -> 0 | N102: základní | P102: =O102*H102 -> 0 | Q102: 0 | R102: =Q102*H102 -> 0 | S102: 0 | T102: =S102*H102 -> 0 | AR102: 4 | AT102: K | AU102: 3 | AY102: ROZPOCET | BE102: =IF(N102="základní",J102,0) -> 0 | BF102: =IF(N102="snížená",J102,0) -> 0 | BG102: =IF(N102="zákl. přenesená",J102,0) -> 0 | BH102: =IF(N102="sníž. přenesená",J102,0) -> 0 | BI102: =IF(N102="nulová",J102,0) -> 0 | BJ102: 1 | BK102: =ROUND(I102*H102,2) -> 0 | BL102: 4 | BM102: 20
C103: 11 | D103: K | E103: Pol86 | F103: Kohout (ventil) kulový pro pitnou vodu DN50, PN10, s vypouštěním | G103: ks | H103: 1 | J103: =ROUND(I103*H103,2) -> 0 | N103: základní | P103: =O103*H103 -> 0 | Q103: 0 | R103: =Q103*H103 -> 0 | S103: 0 | T103: =S103*H103 -> 0 | AR103: 4 | AT103: K | AU103: 3 | AY103: ROZPOCET | BE103: =IF(N103="základní",J103,0) -> 0 | BF103: =IF(N103="snížená",J103,0) -> 0 | BG103: =IF(N103="zákl. přenesená",J103,0) -> 0 | BH103: =IF(N103="sníž. přenesená",J103,0) -> 0 | BI103: =IF(N103="nulová",J103,0) -> 0 | BJ103: 1 | BK103: =ROUND(I103*H103,2) -> 0 | BL103: 4 | BM103: 22
C104: 12 | D104: K | E104: Pol87 | F104: Podružný vodoměr pro studenou vodu DN20 | G104: ks | H104: 1 | J104: =ROUND(I104*H104,2) -> 0 | N104: základní | P104: =O104*H104 -> 0 | Q104: 0 | R104: =Q104*H104 -> 0 | S104: 0 | T104: =S104*H104 -> 0 | AR104: 4 | AT104: K | AU104: 3 | AY104: ROZPOCET | BE104: =IF(N104="základní",J104,0) -> 0 | BF104: =IF(N104="snížená",J104,0) -> 0 | BG104: =IF(N104="zákl. přenesená",J104,0) -> 0 | BH104: =IF(N104="sníž. přenesená",J104,0) -> 0 | BI104: =IF(N104="nulová",J104,0) -> 0 | BJ104: 1 | BK104: =ROUND(I104*H104,2) -> 0 | BL104: 4 | BM104: 24
C105: 13 | D105: K | E105: Pol88 | F105: Zpětný ventil DN50 | G105: ks | H105: 1 | J105: =ROUND(I105*H105,2) -> 0 | N105: základní | P105: =O105*H105 -> 0 | Q105: 0 | R105: =Q105*H105 -> 0 | S105: 0 | T105: =S105*H105 -> 0 | AR105: 4 | AT105: K | AU105: 3 | AY105: ROZPOCET | BE105: =IF(N105="základní",J105,0) -> 0 | BF105: =IF(N105="snížená",J105,0) -> 0 | BG105: =IF(N105="zákl. přenesená",J105,0) -> 0 | BH105: =IF(N105="sníž. přenesená",J105,0) -> 0 | BI105: =IF(N105="nulová",J105,0) -> 0 | BJ105: 1 | BK105: =ROUND(I105*H105,2) -> 0 | BL105: 4 | BM105: 26
C106: 14 | D106: K | E106: Pol89 | F106: Hydrantová skříň typu d25 s tvarově stálou hadicí délky 30 m (upřesněno dle projektu PBŘ!) | G106: ks | H106: 1 | J106: =ROUND(I106*H106,2) -> 0 | N106: základní | P106: =O106*H106 -> 0 | Q106: 0 | R106: =Q106*H106 -> 0 | S106: 0 | T106: =S106*H106 -> 0 | AR106: 4 | AT106: K | AU106: 3 | AY106: ROZPOCET | BE106: =IF(N106="základní",J106,0) -> 0 | BF106: =IF(N106="snížená",J106,0) -> 0 | BG106: =IF(N106="zákl. přenesená",J106,0) -> 0 | BH106: =IF(N106="sníž. přenesená",J106,0) -> 0 | BI106: =IF(N106="nulová",J106,0) -> 0 | BJ106: 1 | BK106: =ROUND(I106*H106,2) -> 0 | BL106: 4 | BM106: 28
D107: D | E107: D7 | F107: 4.) Ostatní - stavební přípomoce zkoušky | J107: =BK107 -> 0 | P107: =SUM(P108:P113) -> 0 | R107: =SUM(R108:R113) -> 0 | T107: =SUM(T108:T113) -> 0 | AR107: 1 | AT107: D | AU107: 2 | AY107: ROZPOCET | BK107: =SUM(BK108:BK113) -> 0
C108: 15 | D108: K | E108: Pol90 | F108: Napojení na přípojku vodovodu HDPE d90 | G108: ks | H108: 1 | J108: =ROUND(I108*H108,2) -> 0 | N108: základní | P108: =O108*H108 -> 0 | Q108: 0 | R108: =Q108*H108 -> 0 | S108: 0 | T108: =S108*H108 -> 0 | AR108: 4 | AT108: K | AU108: 3 | AY108: ROZPOCET | BE108: =IF(N108="základní",J108,0) -> 0 | BF108: =IF(N108="snížená",J108,0) -> 0 | BG108: =IF(N108="zákl. přenesená",J108,0) -> 0 | BH108: =IF(N108="sníž. přenesená",J108,0) -> 0 | BI108: =IF(N108="nulová",J108,0) -> 0 | BJ108: 1 | BK108: =ROUND(I108*H108,2) -> 0 | BL108: 4 | BM108: 30
C109: 16 | D109: K | E109: Pol91 | F109: Zhotovení prostupu potrubí vodovodu v základovém prahu d90 včetně utěsnění | G109: ks | H109: 1 | J109: =ROUND(I109*H109,2) -> 0 | N109: základní | P109: =O109*H109 -> 0 | Q109: 0 | R109: =Q109*H109 -> 0 | S109: 0 | T109: =S109*H109 -> 0 | AR109: 4 | AT109: K | AU109: 3 | AY109: ROZPOCET | BE109: =IF(N109="základní",J109,0) -> 0 | BF109: =IF(N109="snížená",J109,0) -> 0 | BG109: =IF(N109="zákl. přenesená",J109,0) -> 0 | BH109: =IF(N109="sníž. přenesená",J109,0) -> 0 | BI109: =IF(N109="nulová",J109,0) -> 0 | BJ109: 1 | BK109: =ROUND(I109*H109,2) -> 0 | BL109: 4 | BM109: 32
C110: 17 | D110: K | E110: Pol92 | F110: Doplňkové konstrukce pro uložení potrubí z ocelových profilů žárově pozinkovaných a připevňovací materiál, včetně všech šroubů, hmoždinek, objímek, úhelníků, závitových tyčí, podložek, kotev,svářecích materiálů apod. Dodávka a montáž. | G110: kg | H110: 110 | J110: =ROUND(I110*H110,2) -> 0 | N110: základní | P110: =O110*H110 -> 0 | Q110: 0 | R110: =Q110*H110 -> 0 | S110: 0 | T110: =S110*H110 -> 0 | AR110: 4 | AT110: K | AU110: 3 | AY110: ROZPOCET | BE110: =IF(N110="základní",J110,0) -> 0 | BF110: =IF(N110="snížená",J110,0) -> 0 | BG110: =IF(N110="zákl. přenesená",J110,0) -> 0 | BH110: =IF(N110="sníž. přenesená",J110,0) -> 0 | BI110: =IF(N110="nulová",J110,0) -> 0 | BJ110: 1 | BK110: =ROUND(I110*H110,2) -> 0 | BL110: 4 | BM110: 34
C111: 18 | D111: K | E111: Pol93 | F111: Lešení pro instalaci potrubí vodovod (popř. mob plošina) půjčovné, doprava | G111: ks | H111: 1 | J111: =ROUND(I111*H111,2) -> 0 | N111: základní | P111: =O111*H111 -> 0 | Q111: 0 | R111: =Q111*H111 -> 0 | S111: 0 | T111: =S111*H111 -> 0 | AR111: 4 | AT111: K | AU111: 3 | AY111: ROZPOCET | BE111: =IF(N111="základní",J111,0) -> 0 | BF111: =IF(N111="snížená",J111,0) -> 0 | BG111: =IF(N111="zákl. přenesená",J111,0) -> 0 | BH111: =IF(N111="sníž. přenesená",J111,0) -> 0 | BI111: =IF(N111="nulová",J111,0) -> 0 | BJ111: 1 | BK111: =ROUND(I111*H111,2) -> 0 | BL111: 4 | BM111: 36
C112: 19 | D112: K | E112: Pol94 | F112: Zkouška těsnosti vodovodního potrubí do DN80 | G112: ks | H112: 1 | J112: =ROUND(I112*H112,2) -> 0 | N112: základní | P112: =O112*H112 -> 0 | Q112: 0 | R112: =Q112*H112 -> 0 | S112: 0 | T112: =S112*H112 -> 0 | AR112: 4 | AT112: K | AU112: 3 | AY112: ROZPOCET | BE112: =IF(N112="základní",J112,0) -> 0 | BF112: =IF(N112="snížená",J112,0) -> 0 | BG112: =IF(N112="zákl. přenesená",J112,0) -> 0 | BH112: =IF(N112="sníž. přenesená",J112,0) -> 0 | BI112: =IF(N112="nulová",J112,0) -> 0 | BJ112: 1 | BK112: =ROUND(I112*H112,2) -> 0 | BL112: 4 | BM112: 38
C113: 20 | D113: K | E113: Pol95 | F113: Proplach a dezinfekce vodovodního potrubí do DN80 | G113: ks | H113: 1 | J113: =ROUND(I113*H113,2) -> 0 | N113: základní | P113: =O113*H113 -> 0 | Q113: 0 | R113: =Q113*H113 -> 0 | S113: 0 | T113: =S113*H113 -> 0 | AR113: 4 | AT113: K | AU113: 3 | AY113: ROZPOCET | BE113: =IF(N113="základní",J113,0) -> 0 | BF113: =IF(N113="snížená",J113,0) -> 0 | BG113: =IF(N113="zákl. přenesená",J113,0) -> 0 | BH113: =IF(N113="sníž. přenesená",J113,0) -> 0 | BI113: =IF(N113="nulová",J113,0) -> 0 | BJ113: 1 | BK113: =ROUND(I113*H113,2) -> 0 | BL113: 4 | BM113: 40

Sheet 2023-003-d - SO-21 - Vytá...
L2: >> skryté sloupce << | AT2: {2b14f685-7267-4df4-b1e2-07fb37b9630f}
AT3: 2
D4: KRYCÍ LIST SOUPISU PRACÍ | M4: v --- níže se nacházejí doplnkové a pomocné údaje k sestavám --- v | AT4: False
D6: Stavba:
E7: ='Rekapitulace stavby'!K6 -> SKLAD ŠKROBU P-001
D8: Objekt:
E9: 2023/003/d - SO-21 - Vytápění
D11: KSO: | I11: CC-CZ:
D12: Místo: | I12: Datum: | J12: ='Rekapitulace stavby'!AN8 -> 45167
D14: Zadavatel: | I14: IČ: | J14: =IF('Rekapitulace stavby'!AN10="","",'Rekapitulace stavby'!AN10)
E15: =IF('Rekapitulace stavby'!E11="","",'Rekapitulace stavby'!E11) | I15: DIČ: | J15: =IF('Rekapitulace stavby'!AN11="","",'Rekapitulace stavby'!AN11)
D17: Uchazeč: | I17: IČ: | J17: ='Rekapitulace stavby'!AN13 -> Vyplň údaj
E18: ='Rekapitulace stavby'!E14 -> Vyplň údaj | I18: DIČ: | J18: ='Rekapitulace stavby'!AN14 -> Vyplň údaj
D20: Projektant: | I20: IČ: | J20: =IF('Rekapitulace stavby'!AN16="","",'Rekapitulace stavby'!AN16)
E21: =IF('Rekapitulace stavby'!E17="","",'Rekapitulace stavby'!E17) | I21: DIČ: | J21: =IF('Rekapitulace stavby'!AN17="","",'Rekapitulace stavby'!AN17)
D23: Zpracovatel: | I23: IČ: | J23: =IF('Rekapitulace stavby'!AN19="","",'Rekapitulace stavby'!AN19)
E24: =IF('Rekapitulace stavby'!E20="","",'Rekapitulace stavby'!E20) -> rostarek s.r.o. | I24: DIČ: | J24: =IF('Rekapitulace stavby'!AN20="","",'Rekapitulace stavby'!AN20)
D26: Poznámka:
D30: Cena bez DPH | J30: =ROUND(J83, 2) -> 0
F32: Základ daně | I32: Sazba daně | J32: Výše daně
D33: DPH | E33: základní | F33: =ROUND((SUM(BE83:BE101)), 2) -> 0 | I33: 0.21 | J33: =ROUND(((SUM(BE83:BE101))*I33), 2) -> 0
E34: snížená | F34: =ROUND((SUM(BF83:BF101)), 2) -> 0 | I34: 0.15 | J34: =ROUND(((SUM(BF83:BF101))*I34), 2) -> 0
E35: zákl. přenesená | F35: =ROUND((SUM(BG83:BG101)), 2) -> 0 | I35: 0.21 | J35: =0 -> 0
E36: sníž. přenesená | F36: =ROUND((SUM(BH83:BH101)), 2) -> 0 | I36: 0.15 | J36: =0 -> 0
E37: nulová | F37: =ROUND((SUM(BI83:BI101)), 2) -> 0 | I37: 0 | J37: =0 -> 0
D39: Cena s DPH | G39: v | H39: CZK | J39: =SUM(J30:J37) -> 0
C45: REKAPITULACE ČLENĚNÍ SOUPISU PRACÍ
C47: Stavba:
E48: =E7 -> SKLAD ŠKROBU P-001
C49: Objekt:
E50: =E9 -> 2023/003/d - SO-21 - Vytápění
C52: Místo: | F52: =F12 | I52: Datum: | J52: =IF(J12="","",J12) -> 45167
C54: Zadavatel: | F54: =E15 | I54: Projektant: | J54: =E21
C55: Uchazeč: | F55: =IF(E18="","",E18) -> Vyplň údaj | I55: Zpracovatel: | J55: =E24 -> rostarek s.r.o.
C57: Kód dílu - Popis | J57: Cena celkem [CZK]
C59: Náklady stavby celkem | J59: =J83 -> 0 | AU59: -1
D60: 731 - Ústřední vytápění | J60: =J84 -> 0
D61: D1 - Hala 1.01 | J61: =J85 -> 0
D62: D2 - Hala 1.02 | J62: =J90 -> 0
D63: D3 - Ostatní | J63: =J100 -> 0
C70: SOUPIS PRACÍ
C72: Stavba:
E73: =E7 -> SKLAD ŠKROBU P-001
C74: Objekt:
E75: =E9 -> 2023/003/d - SO-21 - Vytápění
C77: Místo: | F77: =F12 | I77: Datum: | J77: =IF(J12="","",J12) -> 45167
C79: Zadavatel: | F79: =E15 | I79: Projektant: | J79: =E21
C80: Uchazeč: | F80: =IF(E18="","",E18) -> Vyplň údaj | I80: Zpracovatel: | J80: =E24 -> rostarek s.r.o.
C82: PČ | D82: Typ | E82: Kód | F82: Popis | G82: MJ | H82: Množství | I82: J.cena [CZK] | J82: Cena celkem [CZK] | K82: Cenová soustava | N82: DPH | O82: J. Nh [h] | P82: Nh celkem [h] | Q82: J. hmotnost [t] | R82: Hmotnost celkem [t] | S82: J. suť [t] | T82: Suť Celkem [t]
C83: Náklady soupisu celkem | J83: =BK83 -> 0 | P83: =P84 -> 0 | R83: =R84 -> 0 | T83: =T84 -> 0 | AT83: D | AU83: -1 | BK83: =BK84 -> 0
D84: D | E84: 731 | F84: Ústřední vytápění | J84: =BK84 -> 0 | P84: =P85+P90 -> 0 | R84: =R85+R90 -> 0 | T84: =T85+T90 -> 0 | AR84: 2 | AT84: D | AU84: 0 | AY84: ROZPOCET | BK84: =BK85+BK90 -> 0
D85: D | E85: D1 | F85: Hala 1.01 | J85: =BK85 -> 0 | P85: =SUM(P86:P89) -> 0 | R85: =SUM(R86:R89) -> 0 | T85: =SUM(T86:T89) -> 0 | AR85: 1 | AT85: D | AU85: 1 | AY85: ROZPOCET | BK85: =SUM(BK86:BK89) -> 0
C86: 1 | D86: M | E86: 731001R1 | F86: Elektrická vytápěcí jednotka Sahara Maxx | G86: kpl | H86: 1 | J86: =ROUND(I86*H86,2) -> 0 | N86: základní | P86: =O86*H86 -> 0 | Q86: 0 | R86: =Q86*H86 -> 0 | S86: 0 | T86: =S86*H86 -> 0 | AR86: 8 | AT86: M | AU86: 2 | AY86: ROZPOCET | BE86: =IF(N86="základní",J86,0) -> 0 | BF86: =IF(N86="snížená",J86,0) -> 0 | BG86: =IF(N86="zákl. přenesená",J86,0) -> 0 | BH86: =IF(N86="sníž. přenesená",J86,0) -> 0 | BI86: =IF(N86="nulová",J86,0) -> 0 | BJ86: 1 | BK86: =ROUND(I86*H86,2) -> 0 | BL86: 4 | BM86: 1502887237
C87: 2 | D87: M | E87: 731001R2 | F87: Závěs kompakt C | G87: ks | H87: 1 | J87: =ROUND(I87*H87,2) -> 0 | N87: základní | P87: =O87*H87 -> 0 | Q87: 0 | R87: =Q87*H87 -> 0 | S87: 0 | T87: =S87*H87 -> 0 | AR87: 8 | AT87: M | AU87: 2 | AY87: ROZPOCET | BE87: =IF(N87="základní",J87,0) -> 0 | BF87: =IF(N87="snížená",J87,0) -> 0 | BG87: =IF(N87="zákl. přenesená",J87,0) -> 0 | BH87: =IF(N87="sníž. přenesená",J87,0) -> 0 | BI87: =IF(N87="nulová",J87,0) -> 0 | BJ87: 1 | BK87: =ROUND(I87*H87,2) -> 0 | BL87: 4 | BM87: 1882847645
C88: 3 | D88: M | E88: 731001R3 | F88: Ovládácí skříňka | G88: ks | H88: 1 | J88: =ROUND(I88*H88,2) -> 0 | N88: základní | P88: =O88*H88 -> 0 | Q88: 0 | R88: =Q88*H88 -> 0 | S88: 0 | T88: =S88*H88 -> 0 | AR88: 8 | AT88: M | AU88: 2 | AY88: ROZPOCET | BE88: =IF(N88="základní",J88,0) -> 0 | BF88: =IF(N88="snížená",J88,0) -> 0 | BG88: =IF(N88="zákl. přenesená",J88,0) -> 0 | BH88: =IF(N88="sníž. přenesená",J88,0) -> 0 | BI88: =IF(N88="nulová",J88,0) -> 0 | BJ88: 1 | BK88: =ROUND(I88*H88,2) -> 0 | BL88: 4 | BM88: 1630323196
C89: 4 | D89: M | E89: 731001R4 | F89: Prostorový termostat | G89: ks | H89: 1 | J89: =ROUND(I89*H89,2) -> 0 | N89: základní | P89: =O89*H89 -> 0 | Q89: 0 | R89: =Q89*H89 -> 0 | S89: 0 | T89: =S89*H89 -> 0 | AR89: 8 | AT89: M | AU89: 2 | AY89: ROZPOCET | BE89: =IF(N89="základní",J89,0) -> 0 | BF89: =IF(N89="snížená",J89,0) -> 0 | BG89: =IF(N89="zákl. přenesená",J89,0) -> 0 | BH89: =IF(N89="sníž. přenesená",J89,0) -> 0 | BI89: =IF(N89="nulová",J89,0) -> 0 | BJ89: 1 | BK89: =ROUND(I89*H89,2) -> 0 | BL89: 4 | BM89: 1573675068
D90: D | E90: D2 | F90: Hala 1.02 | J90: =BK90 -> 0 | P90: =P91+SUM(P92:P100) -> 0 | R90: =R91+SUM(R92:R100) -> 0 | T90: =T91+SUM(T92:T100) -> 0 | AR90: 1 | AT90: D | AU90: 1 | AY90: ROZPOCET | BK90: =BK91+SUM(BK92:BK100) -> 0
C91: 5 | D91: M | E91: 731001R5 | F91: Elektrická vytápěcí jednotka Sahara Maxx | G91: kpl | H91: 1 | J91: =ROUND(I91*H91,2) -> 0 | N91: základní | P91: =O91*H91 -> 0 | Q91: 0 | R91: =Q91*H91 -> 0 | S91: 0 | T91: =S91*H91 -> 0 | AR91: 8 | AT91: M | AU91: 2 | AY91: ROZPOCET | BE91: =IF(N91="základní",J91,0) -> 0 | BF91: =IF(N91="snížená",J91,0) -> 0 | BG91: =IF(N91="zákl. přenesená",J91,0) -> 0 | BH91: =IF(N91="sníž. přenesená",J91,0) -> 0 | BI91: =IF(N91="nulová",J91,0) -> 0 | BJ91: 1 | BK91: =ROUND(I91*H91,2) -> 0 | BL91: 4 | BM91: -1340654437
C92: 6 | D92: M | E92: 731001R6 | F92: Pružný nástavec | G92: ks | H92: 1 | J92: =ROUND(I92*H92,2) -> 0 | N92: základní | P92: =O92*H92 -> 0 | Q92: 0 | R92: =Q92*H92 -> 0 | S92: 0 | T92: =S92*H92 -> 0 | AR92: 8 | AT92: M | AU92: 2 | AY92: ROZPOCET | BE92: =IF(N92="základní",J92,0) -> 0 | BF92: =IF(N92="snížená",J92,0) -> 0 | BG92: =IF(N92="zákl. přenesená",J92,0) -> 0 | BH92: =IF(N92="sníž. přenesená",J92,0) -> 0 | BI92: =IF(N92="nulová",J92,0) -> 0 | BJ92: 1 | BK92: =ROUND(I92*H92,2) -> 0 | BL92: 4 | BM92: -624844720
C93: 7 | D93: M | E93: 731001R7 | F93: Plochý filtr s filtrem G4+presostat | G93: ks | H93: 1 | J93: =ROUND(I93*H93,2) -> 0 | N93: základní | P93: =O93*H93 -> 0 | Q93: 0 | R93: =Q93*H93 -> 0 | S93: 0 | T93: =S93*H93 -> 0 | AR93: 8 | AT93: M | AU93: 2 | AY93: ROZPOCET | BE93: =IF(N93="základní",J93,0) -> 0 | BF93: =IF(N93="snížená",J93,0) -> 0 | BG93: =IF(N93="zákl. přenesená",J93,0) -> 0 | BH93: =IF(N93="sníž. přenesená",J93,0) -> 0 | BI93: =IF(N93="nulová",J93,0) -> 0 | BJ93: 1 | BK93: =ROUND(I93*H93,2) -> 0 | BL93: 4 | BM93: 1640959932
C94: 8 | D94: M | E94: 731001R8 | F94: Směšovací komora se servopohonem 230V | G94: ks | H94: 1 | J94: =ROUND(I94*H94,2) -> 0 | N94: základní | P94: =O94*H94 -> 0 | Q94: 0 | R94: =Q94*H94 -> 0 | S94: 0 | T94: =S94*H94 -> 0 | AR94: 8 | AT94: M | AU94: 2 | AY94: ROZPOCET | BE94: =IF(N94="základní",J94,0) -> 0 | BF94: =IF(N94="snížená",J94,0) -> 0 | BG94: =IF(N94="zákl. přenesená",J94,0) -> 0 | BH94: =IF(N94="sníž. přenesená",J94,0) -> 0 | BI94: =IF(N94="nulová",J94,0) -> 0 | BJ94: 1 | BK94: =ROUND(I94*H94,2) -> 0 | BL94: 4 | BM94: -2072004847
C95: 9 | D95: M | E95: 731001R9 | F95: Zední rám pro připojení na stěnu | G95: ks | H95: 1 | J95: =ROUND(I95*H95,2) -> 0 | N95: základní | P95: =O95*H95 -> 0 | Q95: 0 | R95: =Q95*H95 -> 0 | S95: 0 | T95: =S95*H95 -> 0 | AR95: 8 | AT95: M | AU95: 2 | AY95: ROZPOCET | BE95: =IF(N95="základní",J95,0) -> 0 | BF95: =IF(N95="snížená",J95,0) -> 0 | BG95: =IF(N95="zákl. přenesená",J95,0) -> 0 | BH95: =IF(N95="sníž. přenesená",J95,0) -> 0 | BI95: =IF(N95="nulová",J95,0) -> 0 | BJ95: 1 | BK95: =ROUND(I95*H95,2) -> 0 | BL95: 4 | BM95: 1835904939
C96: 10 | D96: M | E96: 731001R10 | F96: Protidešťová žaluzie | G96: ks | H96: 1 | J96: =ROUND(I96*H96,2) -> 0 | N96: základní | P96: =O96*H96 -> 0 | Q96: 0 | R96: =Q96*H96 -> 0 | S96: 0 | T96: =S96*H96 -> 0 | AR96: 8 | AT96: M | AU96: 2 | AY96: ROZPOCET | BE96: =IF(N96="základní",J96,0) -> 0 | BF96: =IF(N96="snížená",J96,0) -> 0 | BG96: =IF(N96="zákl. přenesená",J96,0) -> 0 | BH96: =IF(N96="sníž. přenesená",J96,0) -> 0 | BI96: =IF(N96="nulová",J96,0) -> 0 | BJ96: 1 | BK96: =ROUND(I96*H96,2) -> 0 | BL96: 4 | BM96: 1882825727
C97: 11 | D97: M | E97: 731001R11 | F97: Závěs modular 8s | G97: ks | H97: 1 | J97: =ROUND(I97*H97,2) -> 0 | N97: základní | P97: =O97*H97 -> 0 | Q97: 0 | R97: =Q97*H97 -> 0 | S97: 0 | T97: =S97*H97 -> 0 | AR97: 8 | AT97: M | AU97: 2 | AY97: ROZPOCET | BE97: =IF(N97="základní",J97,0) -> 0 | BF97: =IF(N97="snížená",J97,0) -> 0 | BG97: =IF(N97="zákl. přenesená",J97,0) -> 0 | BH97: =IF(N97="sníž. přenesená",J97,0) -> 0 | BI97: =IF(N97="nulová",J97,0) -> 0 | BJ97: 1 | BK97: =ROUND(I97*H97,2) -> 0 | BL97: 4 | BM97: 676290418
C98: 12 | D98: M | E98: 731001R12 | F98: Ovládácí skříňka | G98: ks | H98: 1 | J98: =ROUND(I98*H98,2) -> 0 | N98: základní | P98: =O98*H98 -> 0 | Q98: 0 | R98: =Q98*H98 -> 0 | S98: 0 | T98: =S98*H98 -> 0 | AR98: 8 | AT98: M | AU98: 2 | AY98: ROZPOCET | BE98: =IF(N98="základní",J98,0) -> 0 | BF98: =IF(N98="snížená",J98,0) -> 0 | BG98: =IF(N98="zákl. přenesená",J98,0) -> 0 | BH98: =IF(N98="sníž. přenesená",J98,0) -> 0 | BI98: =IF(N98="nulová",J98,0) -> 0 | BJ98: 1 | BK98: =ROUND(I98*H98,2) -> 0 | BL98: 4 | BM98: 1404095058
C99: 13 | D99: M | E99: 731001R13 | F99: Prostorový termostat | G99: ks | H99: 1 | J99: =ROUND(I99*H99,2) -> 0 | N99: základní | P99: =O99*H99 -> 0 | Q99: 0 | R99: =Q99*H99 -> 0 | S99: 0 | T99: =S99*H99 -> 0 | AR99: 8 | AT99: M | AU99: 2 | AY99: ROZPOCET | BE99: =IF(N99="základní",J99,0) -> 0 | BF99: =IF(N99="snížená",J99,0) -> 0 | BG99: =IF(N99="zákl. přenesená",J99,0) -> 0 | BH99: =IF(N99="sníž. přenesená",J99,0) -> 0 | BI99: =IF(N99="nulová",J99,0) -> 0 | BJ99: 1 | BK99: =ROUND(I99*H99,2) -> 0 | BL99: 4 | BM99: -542128222
D100: D | E100: D3 | F100: Ostatní | J100: =BK100 -> 0 | P100: =P101 -> 0 | R100: =R101 -> 0 | T100: =T101 -> 0 | AR100: 1 | AT100: D | AU100: 2 | AY100: ROZPOCET | BK100: =BK101 -> 0
C101: 14 | D101: K | E101: 731001R14 | F101: Zavěšení, připojení EL a MaR, revize | G101: kpl | H101: 2 | J101: =ROUND(I101*H101,2) -> 0 | N101: základní | P101: =O101*H101 -> 0 | Q101: 0 | R101: =Q101*H101 -> 0 | S101: 0 | T101: =S101*H101 -> 0 | AR101: 4 | AT101: K | AU101: 3 | AY101: ROZPOCET | BE101: =IF(N101="základní",J101,0) -> 0 | BF101: =IF(N101="snížená",J101,0) -> 0 | BG101: =IF(N101="zákl. přenesená",J101,0) -> 0 | BH101: =IF(N101="sníž. přenesená",J101,0) -> 0 | BI101: =IF(N101="nulová",J101,0) -> 0 | BJ101: 1 | BK101: =ROUND(I101*H101,2) -> 0 | BL101: 4 | BM101: -1297142228

Sheet 2023-003-i - SO-21 - bles...
L2: >> skryté sloupce << | AT2: {d837e52b-1dfb-4487-ba6f-fec39e2311eb}
AT3: 2
D4: KRYCÍ LIST SOUPISU PRACÍ | M4: v --- níže se nacházejí doplnkové a pomocné údaje k sestavám --- v | AT4: False
D6: Stavba:
E7: ='Rekapitulace stavby'!K6 -> SKLAD ŠKROBU P-001
D8: Objekt:
E9: 2023/003/i - SO-21 - bleskosvod a uzemnění
D11: KSO: | I11: CC-CZ:
D12: Místo: | I12: Datum: | J12: ='Rekapitulace stavby'!AN8 -> 45167
D14: Zadavatel: | I14: IČ: | J14: =IF('Rekapitulace stavby'!AN10="","",'Rekapitulace stavby'!AN10)
E15: =IF('Rekapitulace stavby'!E11="","",'Rekapitulace stavby'!E11) | I15: DIČ: | J15: =IF('Rekapitulace stavby'!AN11="","",'Rekapitulace stavby'!AN11)
D17: Uchazeč: | I17: IČ: | J17: ='Rekapitulace stavby'!AN13 -> Vyplň údaj
E18: ='Rekapitulace stavby'!E14 -> Vyplň údaj | I18: DIČ: | J18: ='Rekapitulace stavby'!AN14 -> Vyplň údaj
D20: Projektant: | I20: IČ: | J20: =IF('Rekapitulace stavby'!AN16="","",'Rekapitulace stavby'!AN16)
E21: =IF('Rekapitulace stavby'!E17="","",'Rekapitulace stavby'!E17) | I21: DIČ: | J21: =IF('Rekapitulace stavby'!AN17="","",'Rekapitulace stavby'!AN17)
D23: Zpracovatel: | I23: IČ: | J23: =IF('Rekapitulace stavby'!AN19="","",'Rekapitulace stavby'!AN19)
E24: =IF('Rekapitulace stavby'!E20="","",'Rekapitulace stavby'!E20) -> rostarek s.r.o. | I24: DIČ: | J24: =IF('Rekapitulace stavby'!AN20="","",'Rekapitulace stavby'!AN20)
D26: Poznámka:
D30: Cena bez DPH | J30: =ROUND(J82, 2) -> 0
F32: Základ daně | I32: Sazba daně | J32: Výše daně
D33: DPH | E33: základní | F33: =ROUND((SUM(BE82:BE102)), 2) -> 0 | I33: 0.21 | J33: =ROUND(((SUM(BE82:BE102))*I33), 2) -> 0
E34: snížená | F34: =ROUND((SUM(BF82:BF102)), 2) -> 0 | I34: 0.15 | J34: =ROUND(((SUM(BF82:BF102))*I34), 2) -> 0
E35: zákl. přenesená | F35: =ROUND((SUM(BG82:BG102)), 2) -> 0 | I35: 0.21 | J35: =0 -> 0
E36: sníž. přenesená | F36: =ROUND((SUM(BH82:BH102)), 2) -> 0 | I36: 0.15 | J36: =0 -> 0
E37: nulová | F37: =ROUND((SUM(BI82:BI102)), 2) -> 0 | I37: 0 | J37: =0 -> 0
D39: Cena s DPH | G39: v | H39: CZK | J39: =SUM(J30:J37) -> 0
C45: REKAPITULACE ČLENĚNÍ SOUPISU PRACÍ
C47: Stavba:
E48: =E7 -> SKLAD ŠKROBU P-001
C49: Objekt:
E50: =E9 -> 2023/003/i - SO-21 - bleskosvod a uzemnění
C52: Místo: | F52: =F12 | I52: Datum: | J52: =IF(J12="","",J12) -> 45167
C54: Zadavatel: | F54: =E15 | I54: Projektant: | J54: =E21
C55: Uchazeč: | F55: =IF(E18="","",E18) -> Vyplň údaj | I55: Zpracovatel: | J55: =E24 -> rostarek s.r.o.
C57: Kód dílu - Popis | J57: Cena celkem [CZK]
C59: Náklady stavby celkem | J59: =J82 -> 0 | AU59: -1
D60: D1 - BLESKOSVOD VČETNĚ MONTÁŽE A ZAPOJENÍ | J60: =J83 -> 0
D61: D2 - UZEMNĚNÍ VČETNĚ MONTÁŽE A ZAPOJENÍ | J61: =J95 -> 0
D62: D3 - OSTATNÍ | J62: =J99 -> 0
C69: SOUPIS PRACÍ
C71: Stavba:
E72: =E7 -> SKLAD ŠKROBU P-001
C73: Objekt:
E74: =E9 -> 2023/003/i - SO-21 - bleskosvod a uzemnění
C76: Místo: | F76: =F12 | I76: Datum: | J76: =IF(J12="","",J12) -> 45167
C78: Zadavatel: | F78: =E15 | I78: Projektant: | J78: =E21
C79: Uchazeč: | F79: =IF(E18="","",E18) -> Vyplň údaj | I79: Zpracovatel: | J79: =E24 -> rostarek s.r.o.
C81: PČ | D81: Typ | E81: Kód | F81: Popis | G81: MJ | H81: Množství | I81: J.cena [CZK] | J81: Cena celkem [CZK] | K81: Cenová soustava | N81: DPH | O81: J. Nh [h] | P81: Nh celkem [h] | Q81: J. hmotnost [t] | R81: Hmotnost celkem [t] | S81: J. suť [t] | T81: Suť Celkem [t]
C82: Náklady soupisu celkem | J82: =BK82 -> 0 | P82: =P83+P95+P99 -> 0 | R82: =R83+R95+R99 -> 0 | T82: =T83+T95+T99 -> 0 | AT82: D | AU82: -1 | BK82: =BK83+BK95+BK99 -> 0
D83: D | E83: D1 | F83: BLESKOSVOD VČETNĚ MONTÁŽE A ZAPOJENÍ | J83: =BK83 -> 0 | P83: =SUM(P84:P94) -> 0 | R83: =SUM(R84:R94) -> 0 | T83: =SUM(T84:T94) -> 0 | AR83: 1 | AT83: D | AU83: 0 | AY83: ROZPOCET | BK83: =SUM(BK84:BK94) -> 0
C84: 0 | D84: K | E84: Pol96 | F84: "SK" svorka křížová Fe/Zn | G84: ks | H84: 10 | J84: =ROUND(I84*H84,2) -> 0 | N84: základní | P84: =O84*H84 -> 0 | Q84: 0 | R84: =Q84*H84 -> 0 | S84: 0 | T84: =S84*H84 -> 0 | AR84: 4 | AT84: K | AU84: 1 | AY84: ROZPOCET | BE84: =IF(N84="základní",J84,0) -> 0 | BF84: =IF(N84="snížená",J84,0) -> 0 | BG84: =IF(N84="zákl. přenesená",J84,0) -> 0 | BH84: =IF(N84="sníž. přenesená",J84,0) -> 0 | BI84: =IF(N84="nulová",J84,0) -> 0 | BJ84: 1 | BK84: =ROUND(I84*H84,2) -> 0 | BL84: 4 | BM84: 2
C85: 0 | D85: K | E85: Pol97 | F85: "SS" svorka spojovací Fe/Zn | G85: ks | H85: 60 | J85: =ROUND(I85*H85,2) -> 0 | N85: základní | P85: =O85*H85 -> 0 | Q85: 0 | R85: =Q85*H85 -> 0 | S85: 0 | T85: =S85*H85 -> 0 | AR85: 4 | AT85: K | AU85: 1 | AY85: ROZPOCET | BE85: =IF(N85="základní",J85,0) -> 0 | BF85: =IF(N85="snížená",J85,0) -> 0 | BG85: =IF(N85="zákl. přenesená",J85,0) -> 0 | BH85: =IF(N85="sníž. přenesená",J85,0) -> 0 | BI85: =IF(N85="nulová",J85,0) -> 0 | BJ85: 1 | BK85: =ROUND(I85*H85,2) -> 0 | BL85: 4 | BM85: 4
C86: 0 | D86: K | E86: Pol98 | F86: "SZ" svorka zkušební Fe/Zn | G86: ks | H86: 6 | J86: =ROUND(I86*H86,2) -> 0 | N86: základní | P86: =O86*H86 -> 0 | Q86: 0 | R86: =Q86*H86 -> 0 | S86: 0 | T86: =S86*H86 -> 0 | AR86: 4 | AT86: K | AU86: 1 | AY86: ROZPOCET | BE86: =IF(N86="základní",J86,0) -> 0 | BF86: =IF(N86="snížená",J86,0) -> 0 | BG86: =IF(N86="zákl. přenesená",J86,0) -> 0 | BH86: =IF(N86="sníž. přenesená",J86,0) -> 0 | BI86: =IF(N86="nulová",J86,0) -> 0 | BJ86: 1 | BK86: =ROUND(I86*H86,2) -> 0 | BL86: 4 | BM86: 6
C87: 0 | D87: K | E87: Pol99 | F87: "OŠ" - označovací štítek Fe/Zn | G87: ks | H87: 6 | J87: =ROUND(I87*H87,2) -> 0 | N87: základní | P87: =O87*H87 -> 0 | Q87: 0 | R87: =Q87*H87 -> 0 | S87: 0 | T87: =S87*H87 -> 0 | AR87: 4 | AT87: K | AU87: 1 | AY87: ROZPOCET | BE87: =IF(N87="základní",J87,0) -> 0 | BF87: =IF(N87="snížená",J87,0) -> 0 | BG87: =IF(N87="zákl. přenesená",J87,0) -> 0 | BH87: =IF(N87="sníž. přenesená",J87,0) -> 0 | BI87: =IF(N87="nulová",J87,0) -> 0 | BJ87: 1 | BK87: =ROUND(I87*H87,2) -> 0 | BL87: 4 | BM87: 8
C88: 0 | D88: K | E88: Pol100 | F88: "OÚ" - ochranný úhelník se dvěma držáky Fe/Zn, l=250mm | G88: ks | H88: 5 | J88: =ROUND(I88*H88,2) -> 0 | N88: základní | P88: =O88*H88 -> 0 | Q88: 0 | R88: =Q88*H88 -> 0 | S88: 0 | T88: =S88*H88 -> 0 | AR88: 4 | AT88: K | AU88: 1 | AY88: ROZPOCET | BE88: =IF(N88="základní",J88,0) -> 0 | BF88: =IF(N88="snížená",J88,0) -> 0 | BG88: =IF(N88="zákl. přenesená",J88,0) -> 0 | BH88: =IF(N88="sníž. přenesená",J88,0) -> 0 | BI88: =IF(N88="nulová",J88,0) -> 0 | BJ88: 1 | BK88: =ROUND(I88*H88,2) -> 0 | BL88: 4 | BM88: 10
C89: 0 | D89: K | E89: Pol101 | F89: "SO" - svorka okapová Fe/Zn | G89: ks | H89: 3 | J89: =ROUND(I89*H89,2) -> 0 | N89: základní | P89: =O89*H89 -> 0 | Q89: 0 | R89: =Q89*H89 -> 0 | S89: 0 | T89: =S89*H89 -> 0 | AR89: 4 | AT89: K | AU89: 1 | AY89: ROZPOCET | BE89: =IF(N89="základní",J89,0) -> 0 | BF89: =IF(N89="snížená",J89,0) -> 0 | BG89: =IF(N89="zákl. přenesená",J89,0) -> 0 | BH89: =IF(N89="sníž. přenesená",J89,0) -> 0 | BI89: =IF(N89="nulová",J89,0) -> 0 | BJ89: 1 | BK89: =ROUND(I89*H89,2) -> 0 | BL89: 4 | BM89: 12
C90: 0 | D90: K | E90: Pol102 | F90: "ST5" - svorka na potrubí ∅=44-55mm, Fe/Zn | G90: ks | H90: 2 | J90: =ROUND(I90*H90,2) -> 0 | N90: základní | P90: =O90*H90 -> 0 | Q90: 0 | R90: =Q90*H90 -> 0 | S90: 0 | T90: =S90*H90 -> 0 | AR90: 4 | AT90: K | AU90: 1 | AY90: ROZPOCET | BE90: =IF(N90="základní",J90,0) -> 0 | BF90: =IF(N90="snížená",J90,0) -> 0 | BG90: =IF(N90="zákl. přenesená",J90,0) -> 0 | BH90: =IF(N90="sníž. přenesená",J90,0) -> 0 | BI90: =IF(N90="nulová",J90,0) -> 0 | BJ90: 1 | BK90: =ROUND(I90*H90,2) -> 0 | BL90: 4 | BM90: 14
C91: 0 | D91: K | E91: Pol103 | F91: "SU" - svorka univerzální na oplechování Fe/Zn | G91: ks | H91: 75 | J91: =ROUND(I91*H91,2) -> 0 | N91: základní | P91: =O91*H91 -> 0 | Q91: 0 | R91: =Q91*H91 -> 0 | S91: 0 | T91: =S91*H91 -> 0 | AR91: 4 | AT91: K | AU91: 1 | AY91: ROZPOCET | BE91: =IF(N91="základní",J91,0) -> 0 | BF91: =IF(N91="snížená",J91,0) -> 0 | BG91: =IF(N91="zákl. přenesená",J91,0) -> 0 | BH91: =IF(N91="sníž. přenesená",J91,0) -> 0 | BI91: =IF(N91="nulová",J91,0) -> 0 | BJ91: 1 | BK91: =ROUND(I91*H91,2) -> 0 | BL91: 4 | BM91: 16
C92: 0 | D92: K | E92: Pol104 | F92: "PV 1s" - podpěra vedení na stěnu, FeZn | G92: ks | H92: 34 | J92: =ROUND(I92*H92,2) -> 0 | N92: základní | P92: =O92*H92 -> 0 | Q92: 0 | R92: =Q92*H92 -> 0 | S92: 0 | T92: =S92*H92 -> 0 | AR92: 4 | AT92: K | AU92: 1 | AY92: ROZPOCET | BE92: =IF(N92="základní",J92,0) -> 0 | BF92: =IF(N92="snížená",J92,0) -> 0 | BG92: =IF(N92="zákl. přenesená",J92,0) -> 0 | BH92: =IF(N92="sníž. přenesená",J92,0) -> 0 | BI92: =IF(N92="nulová",J92,0) -> 0 | BJ92: 1 | BK92: =ROUND(I92*H92,2) -> 0 | BL92: 4 | BM92: 18
C93: 0 | D93: K | E93: Pol105 | F93: "PV 1" - podpěra vedení na trapézový plech s držákem grip Fe/Zn | G93: ks | H93: 55 | J93: =ROUND(I93*H93,2) -> 0 | N93: základní | P93: =O93*H93 -> 0 | Q93: 0 | R93: =Q93*H93 -> 0 | S93: 0 | T93: =S93*H93 -> 0 | AR93: 4 | AT93: K | AU93: 1 | AY93: ROZPOCET | BE93: =IF(N93="základní",J93,0) -> 0 | BF93: =IF(N93="snížená",J93,0) -> 0 | BG93: =IF(N93="zákl. přenesená",J93,0) -> 0 | BH93: =IF(N93="sníž. přenesená",J93,0) -> 0 | BI93: =IF(N93="nulová",J93,0) -> 0 | BJ93: 1 | BK93: =ROUND(I93*H93,2) -> 0 | BL93: 4 | BM93: 20
C94: 0 | D94: K | E94: Pol106 | F94: drát AlMgSi ø 8mm | G94: m | H94: 245 | J94: =ROUND(I94*H94,2) -> 0 | N94: základní | P94: =O94*H94 -> 0 | Q94: 0 | R94: =Q94*H94 -> 0 | S94: 0 | T94: =S94*H94 -> 0 | AR94: 4 | AT94: K | AU94: 1 | AY94: ROZPOCET | BE94: =IF(N94="základní",J94,0) -> 0 | BF94: =IF(N94="snížená",J94,0) -> 0 | BG94: =IF(N94="zákl. přenesená",J94,0) -> 0 | BH94: =IF(N94="sníž. přenesená",J94,0) -> 0 | BI94: =IF(N94="nulová",J94,0) -> 0 | BJ94: 1 | BK94: =ROUND(I94*H94,2) -> 0 | BL94: 4 | BM94: 22
D95: D | E95: D2 | F95: UZEMNĚNÍ VČETNĚ MONTÁŽE A ZAPOJENÍ | J95: =BK95 -> 0 | P95: =SUM(P96:P98) -> 0 | R95: =SUM(R96:R98) -> 0 | T95: =SUM(T96:T98) -> 0 | AR95: 1 | AT95: D | AU95: 0 | AY95: ROZPOCET | BK95: =SUM(BK96:BK98) -> 0
C96: 0 | D96: K | E96: Pol107 | F96: drát FeZn ø 10mm | G96: m | H96: 50 | J96: =ROUND(I96*H96,2) -> 0 | N96: základní | P96: =O96*H96 -> 0 | Q96: 0 | R96: =Q96*H96 -> 0 | S96: 0 | T96: =S96*H96 -> 0 | AR96: 4 | AT96: K | AU96: 1 | AY96: ROZPOCET | BE96: =IF(N96="základní",J96,0) -> 0 | BF96: =IF(N96="snížená",J96,0) -> 0 | BG96: =IF(N96="zákl. přenesená",J96,0) -> 0 | BH96: =IF(N96="sníž. přenesená",J96,0) -> 0 | BI96: =IF(N96="nulová",J96,0) -> 0 | BJ96: 1 | BK96: =ROUND(I96*H96,2) -> 0 | BL96: 4 | BM96: 24
C97: 0 | D97: K | E97: Pol108 | F97: zemnící pásek FeZn 30/4 mm | G97: m | H97: 260 | J97: =ROUND(I97*H97,2) -> 0 | N97: základní | P97: =O97*H97 -> 0 | Q97: 0 | R97: =Q97*H97 -> 0 | S97: 0 | T97: =S97*H97 -> 0 | AR97: 4 | AT97: K | AU97: 1 | AY97: ROZPOCET | BE97: =IF(N97="základní",J97,0) -> 0 | BF97: =IF(N97="snížená",J97,0) -> 0 | BG97: =IF(N97="zákl. přenesená",J97,0) -> 0 | BH97: =IF(N97="sníž. přenesená",J97,0) -> 0 | BI97: =IF(N97="nulová",J97,0) -> 0 | BJ97: 1 | BK97: =ROUND(I97*H97,2) -> 0 | BL97: 4 | BM97: 26
C98: 0 | D98: K | E98: Pol109 | F98: svar oboustranný 10cm na pásek FeZn 30/4mm včetně antikorozní ochrany | G98: ks | H98: 60 | J98: =ROUND(I98*H98,2) -> 0 | N98: základní | P98: =O98*H98 -> 0 | Q98: 0 | R98: =Q98*H98 -> 0 | S98: 0 | T98: =S98*H98 -> 0 | AR98: 4 | AT98: K | AU98: 1 | AY98: ROZPOCET | BE98: =IF(N98="základní",J98,0) -> 0 | BF98: =IF(N98="snížená",J98,0) -> 0 | BG98: =IF(N98="zákl. přenesená",J98,0) -> 0 | BH98: =IF(N98="sníž. přenesená",J98,0) -> 0 | BI98: =IF(N98="nulová",J98,0) -> 0 | BJ98: 1 | BK98: =ROUND(I98*H98,2) -> 0 | BL98: 4 | BM98: 28
D99: D | E99: D3 | F99: OSTATNÍ | J99: =BK99 -> 0 | P99: =SUM(P100:P102) -> 0 | R99: =SUM(R100:R102) -> 0 | T99: =SUM(T100:T102) -> 0 | AR99: 1 | AT99: D | AU99: 0 | AY99: ROZPOCET | BK99: =SUM(BK100:BK102) -> 0
C100: 0 | D100: K | E100: Pol110 | F100: pomocný instalační materiál | G100: ks | H100: 8 | J100: =ROUND(I100*H100,2) -> 0 | N100: základní | P100: =O100*H100 -> 0 | Q100: 0 | R100: =Q100*H100 -> 0 | S100: 0 | T100: =S100*H100 -> 0 | AR100: 4 | AT100: K | AU100: 1 | AY100: ROZPOCET | BE100: =IF(N100="základní",J100,0) -> 0 | BF100: =IF(N100="snížená",J100,0) -> 0 | BG100: =IF(N100="zákl. přenesená",J100,0) -> 0 | BH100: =IF(N100="sníž. přenesená",J100,0) -> 0 | BI100: =IF(N100="nulová",J100,0) -> 0 | BJ100: 1 | BK100: =ROUND(I100*H100,2) -> 0 | BL100: 4 | BM100: 30
C101: 0 | D101: K | E101: Pol111 | F101: koordinace ostatních profesí během stavby | G101: hod | H101: 4 | J101: =ROUND(I101*H101,2) -> 0 | N101: základní | P101: =O101*H101 -> 0 | Q101: 0 | R101: =Q101*H101 -> 0 | S101: 0 | T101: =S101*H101 -> 0 | AR101: 4 | AT101: K | AU101: 1 | AY101: ROZPOCET | BE101: =IF(N101="základní",J101,0) -> 0 | BF101: =IF(N101="snížená",J101,0) -> 0 | BG101: =IF(N101="zákl. přenesená",J101,0) -> 0 | BH101: =IF(N101="sníž. přenesená",J101,0) -> 0 | BI101: =IF(N101="nulová",J101,0) -> 0 | BJ101: 1 | BK101: =ROUND(I101*H101,2) -> 0 | BL101: 4 | BM101: 32
C102: 0 | D102: K | E102: Pol112 | F102: revize bleskosvodu | G102: hod | H102: 16 | J102: =ROUND(I102*H102,2) -> 0 | N102: základní | P102: =O102*H102 -> 0 | Q102: 0 | R102: =Q102*H102 -> 0 | S102: 0 | T102: =S102*H102 -> 0 | AR102: 4 | AT102: K | AU102: 1 | AY102: ROZPOCET | BE102: =IF(N102="základní",J102,0) -> 0 | BF102: =IF(N102="snížená",J102,0) -> 0 | BG102: =IF(N102="zákl. přenesená",J102,0) -> 0 | BH102: =IF(N102="sníž. přenesená",J102,0) -> 0 | BI102: =IF(N102="nulová",J102,0) -> 0 | BJ102: 1 | BK102: =ROUND(I102*H102,2) -> 0 | BL102: 4 | BM102: 34

Sheet 2023-003-g - SO-22 - potr...
L2: >> skryté sloupce << | AT2: {eb70109f-0aaf-4741-af75-0f88da17f835}
AT3: 2
D4: KRYCÍ LIST SOUPISU PRACÍ | M4: v --- níže se nacházejí doplnkové a pomocné údaje k sestavám --- v | AT4: False
D6: Stavba:
E7: ='Rekapitulace stavby'!K6 -> SKLAD ŠKROBU P-001
D8: Objekt:
E9: 2023/003/g - SO-22 - potrubní a kabelový most
D11: KSO: | I11: CC-CZ:
D12: Místo: | I12: Datum: | J12: ='Rekapitulace stavby'!AN8 -> 45167
D14: Zadavatel: | I14: IČ: | J14: =IF('Rekapitulace stavby'!AN10="","",'Rekapitulace stavby'!AN10)
E15: =IF('Rekapitulace stavby'!E11="","",'Rekapitulace stavby'!E11) | I15: DIČ: | J15: =IF('Rekapitulace stavby'!AN11="","",'Rekapitulace stavby'!AN11)
D17: Uchazeč: | I17: IČ: | J17: ='Rekapitulace stavby'!AN13 -> Vyplň údaj
E18: ='Rekapitulace stavby'!E14 -> Vyplň údaj | I18: DIČ: | J18: ='Rekapitulace stavby'!AN14 -> Vyplň údaj
D20: Projektant: | I20: IČ: | J20: =IF('Rekapitulace stavby'!AN16="","",'Rekapitulace stavby'!AN16)
E21: =IF('Rekapitulace stavby'!E17="","",'Rekapitulace stavby'!E17) | I21: DIČ: | J21: =IF('Rekapitulace stavby'!AN17="","",'Rekapitulace stavby'!AN17)
D23: Zpracovatel: | I23: IČ: | J23: =IF('Rekapitulace stavby'!AN19="","",'Rekapitulace stavby'!AN19)
E24: =IF('Rekapitulace stavby'!E20="","",'Rekapitulace stavby'!E20) -> rostarek s.r.o. | I24: DIČ: | J24: =IF('Rekapitulace stavby'!AN20="","",'Rekapitulace stavby'!AN20)
D26: Poznámka:
D30: Cena bez DPH | J30: =ROUND(J87, 2) -> 0
F32: Základ daně | I32: Sazba daně | J32: Výše daně
D33: DPH | E33: základní | F33: =ROUND((SUM(BE87:BE149)), 2) -> 0 | I33: 0.21 | J33: =ROUND(((SUM(BE87:BE149))*I33), 2) -> 0
E34: snížená | F34: =ROUND((SUM(BF87:BF149)), 2) -> 0 | I34: 0.15 | J34: =ROUND(((SUM(BF87:BF149))*I34), 2) -> 0
E35: zákl. přenesená | F35: =ROUND((SUM(BG87:BG149)), 2) -> 0 | I35: 0.21 | J35: =0 -> 0
E36: sníž. přenesená | F36: =ROUND((SUM(BH87:BH149)), 2) -> 0 | I36: 0.15 | J36: =0 -> 0
E37: nulová | F37: =ROUND((SUM(BI87:BI149)), 2) -> 0 | I37: 0 | J37: =0 -> 0
D39: Cena s DPH | G39: v | H39: CZK | J39: =SUM(J30:J37) -> 0
C45: REKAPITULACE ČLENĚNÍ SOUPISU PRACÍ
C47: Stavba:
E48: =E7 -> SKLAD ŠKROBU P-001
C49: Objekt:
E50: =E9 -> 2023/003/g - SO-22 - potrubní a kabelový most
C52: Místo: | F52: =F12 | I52: Datum: | J52: =IF(J12="","",J12) -> 45167
C54: Zadavatel: | F54: =E15 | I54: Projektant: | J54: =E21
C55: Uchazeč: | F55: =IF(E18="","",E18) -> Vyplň údaj | I55: Zpracovatel: | J55: =E24 -> rostarek s.r.o.
C57: Kód dílu - Popis | J57: Cena celkem [CZK]
C59: Náklady stavby celkem | J59: =J87 -> 0 | AU59: -1
D60: HSV - Práce a dodávky HSV | J60: =J88 -> 0
D61: 1 - Zemní práce | J61: =J89 -> 0
D62: 2 - Zakládání | J62: =J112 -> 0
D63: 9 - Ostatní konstrukce a práce, bourání | J63: =J127 -> 0
D64: 998 - Přesun hmot | J64: =J135 -> 0
D65: PSV - Práce a dodávky PSV | J65: =J138 -> 0
D66: 767 - Konstrukce zámečnické | J66: =J139 -> 0
D67: 783 - Dokončovací práce - nátěry | J67: =J143 -> 0
C74: SOUPIS PRACÍ
C76: Stavba:
E77: =E7 -> SKLAD ŠKROBU P-001
C78: Objekt:
E79: =E9 -> 2023/003/g - SO-22 - potrubní a kabelový most
C81: Místo: | F81: =F12 | I81: Datum: | J81: =IF(J12="","",J12) -> 45167
C83: Zadavatel: | F83: =E15 | I83: Projektant: | J83: =E21
C84: Uchazeč: | F84: =IF(E18="","",E18) -> Vyplň údaj | I84: Zpracovatel: | J84: =E24 -> rostarek s.r.o.
C86: PČ | D86: Typ | E86: Kód | F86: Popis | G86: MJ | H86: Množství | I86: J.cena [CZK] | J86: Cena celkem [CZK] | K86: Cenová soustava | N86: DPH | O86: J. Nh [h] | P86: Nh celkem [h] | Q86: J. hmotnost [t] | R86: Hmotnost celkem [t] | S86: J. suť [t] | T86: Suť Celkem [t]
C87: Náklady soupisu celkem | J87: =BK87 -> 0 | P87: =P88+P138 -> 0 | R87: =R88+R138 -> 11.356322 | T87: =T88+T138 -> 0 | AT87: D | AU87: -1 | BK87: =BK88+BK138 -> 0
D88: D | E88: HSV | F88: Práce a dodávky HSV | J88: =BK88 -> 0 | P88: =P89+P112+P127+P135 -> 0 | R88: =R89+R112+R127+R135 -> 11.180582 | T88: =T89+T112+T127+T135 -> 0 | AR88: 1 | AT88: D | AU88: 0 | AY88: ROZPOCET | BK88: =BK89+BK112+BK127+BK135 -> 0
D89: D | E89: 1 | F89: Zemní práce | J89: =BK89 -> 0 | P89: =SUM(P90:P111) -> 0 | R89: =SUM(R90:R111) -> 0.0002 | T89: =SUM(T90:T111) -> 0 | AR89: 1 | AT89: D | AU89: 1 | AY89: ROZPOCET | BK89: =SUM(BK90:BK111) -> 0
C90: 1 | D90: K | E90: 132251251 | F90: Hloubení nezapažených rýh šířky přes 800 do 2 000 mm strojně s urovnáním dna do předepsaného profilu a spádu v hornině třídy těžitelnosti I skupiny 3 do 20 m3 | G90: m3 | H90: 3.68 | J90: =ROUND(I90*H90,2) -> 0 | K90: CS ÚRS 2023 01 | N90: základní | P90: =O90*H90 -> 0 | Q90: 0 | R90: =Q90*H90 -> 0 | S90: 0 | T90: =S90*H90 -> 0 | AR90: 4 | AT90: K | AU90: 2 | AY90: ROZPOCET | BE90: =IF(N90="základní",J90,0) -> 0 | BF90: =IF(N90="snížená",J90,0) -> 0 | BG90: =IF(N90="zákl. přenesená",J90,0) -> 0 | BH90: =IF(N90="sníž. přenesená",J90,0) -> 0 | BI90: =IF(N90="nulová",J90,0) -> 0 | BJ90: 1 | BK90: =ROUND(I90*H90,2) -> 0 | BL90: 4 | BM90: -1704818523
D91: Online PSC | F91: https://podminky.urs.cz/item/CS_URS_2023_01/132251251 | AT91: Online PSC | AU91: 2
D92: VV | F92: 1,2*1*1,2+1*1,4*1,6 | H92: 3.68 | AT92: VV | AU92: 2 | AV92: 2 | AW92: True | AX92: 0 | AY92: ROZPOCET
D93: VV | F93: Součet | H93: 3.68 | AT93: VV | AU93: 2 | AV93: 4 | AW93: True | AX93: 1 | AY93: ROZPOCET
C94: 2 | D94: K | E94: 162751117 | F94: Vodorovné přemístění výkopku nebo sypaniny po suchu na obvyklém dopravním prostředku, bez naložení výkopku, avšak se složením bez rozhrnutí z horniny třídy těžitelnosti I skupiny 1 až 3 na vzdálenost přes 9 000 do 10 000 m | G94: m3 | H94: 3.68 | J94: =ROUND(I94*H94,2) -> 0 | K94: CS ÚRS 2023 01 | N94: základní | P94: =O94*H94 -> 0 | Q94: 0 | R94: =Q94*H94 -> 0 | S94: 0 | T94: =S94*H94 -> 0 | AR94: 4 | AT94: K | AU94: 2 | AY94: ROZPOCET | BE94: =IF(N94="základní",J94,0) -> 0 | BF94: =IF(N94="snížená",J94,0) -> 0 | BG94: =IF(N94="zákl. přenesená",J94,0) -> 0 | BH94: =IF(N94="sníž. přenesená",J94,0) -> 0 | BI94: =IF(N94="nulová",J94,0) -> 0 | BJ94: 1 | BK94: =ROUND(I94*H94,2) -> 0 | BL94: 4 | BM94: 738465481
D95: Online PSC | F95: https://podminky.urs.cz/item/CS_URS_2023_01/162751117 | AT95: Online PSC | AU95: 2
C96: 3 | D96: K | E96: 162751119 | F96: Vodorovné přemístění výkopku nebo sypaniny po suchu na obvyklém dopravním prostředku, bez naložení výkopku, avšak se složením bez rozhrnutí z horniny třídy těžitelnosti I skupiny 1 až 3 na vzdálenost Příplatek k ceně za každých dalších i započatých 1 000 m | G96: m3 | H96: 73.6 | J96: =ROUND(I96*H96,2) -> 0 | K96: CS ÚRS 2023 01 | N96: základní | P96: =O96*H96 -> 0 | Q96: 0 | R96: =Q96*H96 -> 0 | S96: 0 | T96: =S96*H96 -> 0 | AR96: 4 | AT96: K | AU96: 2 | AY96: ROZPOCET | BE96: =IF(N96="základní",J96,0) -> 0 | BF96: =IF(N96="snížená",J96,0) -> 0 | BG96: =IF(N96="zákl. přenesená",J96,0) -> 0 | BH96: =IF(N96="sníž. přenesená",J96,0) -> 0 | BI96: =IF(N96="nulová",J96,0) -> 0 | BJ96: 1 | BK96: =ROUND(I96*H96,2) -> 0 | BL96: 4 | BM96: 811282728
D97: Online PSC | F97: https://podminky.urs.cz/item/CS_URS_2023_01/162751119 | AT97: Online PSC | AU97: 2
D98: VV | F98: 3,68*20 | H98: 73.6 | AT98: VV | AU98: 2 | AV98: 2 | AW98: True | AX98: 1 | AY98: ROZPOCET
C99: 4 | D99: K | E99: 171201231 | F99: Poplatek za uložení stavebního odpadu na recyklační skládce (skládkovné) zeminy a kamení zatříděného do Katalogu odpadů pod kódem 17 05 04 | G99: t | H99: 6.624 | J99: =ROUND(I99*H99,2) -> 0 | K99: CS ÚRS 2023 01 | N99: základní | P99: =O99*H99 -> 0 | Q99: 0 | R99: =Q99*H99 -> 0 | S99: 0 | T99: =S99*H99 -> 0 | AR99: 4 | AT99: K | AU99: 2 | AY99: ROZPOCET | BE99: =IF(N99="základní",J99,0) -> 0 | BF99: =IF(N99="snížená",J99,0) -> 0 | BG99: =IF(N99="zákl. přenesená",J99,0) -> 0 | BH99: =IF(N99="sníž. přenesená",J99,0) -> 0 | BI99: =IF(N99="nulová",J99,0) -> 0 | BJ99: 1 | BK99: =ROUND(I99*H99,2) -> 0 | BL99: 4 | BM99: -664002471
D100: Online PSC | F100: https://podminky.urs.cz/item/CS_URS_2023_01/171201231 | AT100: Online PSC | AU100: 2
D101: VV | F101: 3,68*1,8 | H101: 6.624 | AT101: VV | AU101: 2 | AV101: 2 | AW101: True | AX101: 1 | AY101: ROZPOCET
C102: 19 | D102: K | E102: 181151113 | F102: Úprava zrnitosti zemin pláně rozpojením balvanů strojně v rovině nebo ve svahu sklonu do 1 : 5 při souvislé ploše do 500 m2 v hornině třídy těžitelnosti I a II, skupiny 1 až 4, tl. vrstvy přes 150 do 200 mm | G102: m2 | H102: 10 | J102: =ROUND(I102*H102,2) -> 0 | K102: CS ÚRS 2023 02 | N102: základní | P102: =O102*H102 -> 0 | Q102: 0 | R102: =Q102*H102 -> 0 | S102: 0 | T102: =S102*H102 -> 0 | AR102: 4 | AT102: K | AU102: 2 | AY102: ROZPOCET | BE102: =IF(N102="základní",J102,0) -> 0 | BF102: =IF(N102="snížená",J102,0) -> 0 | BG102: =IF(N102="zákl. přenesená",J102,0) -> 0 | BH102: =IF(N102="sníž. přenesená",J102,0) -> 0 | BI102: =IF(N102="nulová",J102,0) -> 0 | BJ102: 1 | BK102: =ROUND(I102*H102,2) -> 0 | BL102: 4 | BM102: -925766934
D103: Online PSC | F103: https://podminky.urs.cz/item/CS_URS_2023_02/181151113 | AT103: Online PSC | AU103: 2
C104: 20 | D104: K | E104: 181311103 | F104: Rozprostření a urovnání ornice v rovině nebo ve svahu sklonu do 1:5 ručně při souvislé ploše, tl. vrstvy do 200 mm | G104: m2 | H104: 10 | J104: =ROUND(I104*H104,2) -> 0 | K104: CS ÚRS 2023 02 | N104: základní | P104: =O104*H104 -> 0 | Q104: 0 | R104: =Q104*H104 -> 0 | S104: 0 | T104: =S104*H104 -> 0 | AR104: 4 | AT104: K | AU104: 2 | AY104: ROZPOCET | BE104: =IF(N104="základní",J104,0) -> 0 | BF104: =IF(N104="snížená",J104,0) -> 0 | BG104: =IF(N104="zákl. přenesená",J104,0) -> 0 | BH104: =IF(N104="sníž. přenesená",J104,0) -> 0 | BI104: =IF(N104="nulová",J104,0) -> 0 | BJ104: 1 | BK104: =ROUND(I104*H104,2) -> 0 | BL104: 4 | BM104: 1366184046
D105: Online PSC | F105: https://podminky.urs.cz/item/CS_URS_2023_02/181311103 | AT105: Online PSC | AU105: 2
C106: 21 | D106: K | E106: 181411131 | F106: Založení trávníku na půdě předem připravené plochy do 1000 m2 výsevem včetně utažení parkového v rovině nebo na svahu do 1:5 | G106: m2 | H106: 10 | J106: =ROUND(I106*H106,2) -> 0 | K106: CS ÚRS 2023 02 | N106: základní | P106: =O106*H106 -> 0 | Q106: 0 | R106: =Q106*H106 -> 0 | S106: 0 | T106: =S106*H106 -> 0 | AR106: 4 | AT106: K | AU106: 2 | AY106: ROZPOCET | BE106: =IF(N106="základní",J106,0) -> 0 | BF106: =IF(N106="snížená",J106,0) -> 0 | BG106: =IF(N106="zákl. přenesená",J106,0) -> 0 | BH106: =IF(N106="sníž. přenesená",J106,0) -> 0 | BI106: =IF(N106="nulová",J106,0) -> 0 | BJ106: 1 | BK106: =ROUND(I106*H106,2) -> 0 | BL106: 4 | BM106: 1132210655
D107: Online PSC | F107: https://podminky.urs.cz/item/CS_URS_2023_02/181411131 | AT107: Online PSC | AU107: 2
C108: 22 | D108: M | E108: 00572410 | F108: osivo směs travní parková | G108: kg | H108: 0.2 | J108: =ROUND(I108*H108,2) -> 0 | K108: CS ÚRS 2023 02 | N108: základní | P108: =O108*H108 -> 0 | Q108: 0.001 | R108: =Q108*H108 -> 0.0002 | S108: 0 | T108: =S108*H108 -> 0 | AR108: 8 | AT108: M | AU108: 2 | AY108: ROZPOCET | BE108: =IF(N108="základní",J108,0) -> 0 | BF108: =IF(N108="snížená",J108,0) -> 0 | BG108: =IF(N108="zákl. přenesená",J108,0) -> 0 | BH108: =IF(N108="sníž. přenesená",J108,0) -> 0 | BI108: =IF(N108="nulová",J108,0) -> 0 | BJ108: 1 | BK108: =ROUND(I108*H108,2) -> 0 | BL108: 4 | BM108: 1925330765
D109: VV | F109: 10*0,02 'Přepočtené koeficientem množství | H109: 0.2 | AT109: VV | AU109: 2 | AV109: 2 | AW109: False | AX109: 1 | AY109: ROZPOCET
C110: 18 | D110: K | E110: 181951111 | F110: Úprava pláně vyrovnáním výškových rozdílů strojně v hornině třídy těžitelnosti I, skupiny 1 až 3 bez zhutnění | G110: m2 | H110: 10 | J110: =ROUND(I110*H110,2) -> 0 | K110: CS ÚRS 2023 02 | N110: základní | P110: =O110*H110 -> 0 | Q110: 0 | R110: =Q110*H110 -> 0 | S110: 0 | T110: =S110*H110 -> 0 | AR110: 4 | AT110: K | AU110: 2 | AY110: ROZPOCET | BE110: =IF(N110="základní",J110,0) -> 0 | BF110: =IF(N110="snížená",J110,0) -> 0 | BG110: =IF(N110="zákl. přenesená",J110,0) -> 0 | BH110: =IF(N110="sníž. přenesená",J110,0) -> 0 | BI110: =IF(N110="nulová",J110,0) -> 0 | BJ110: 1 | BK110: =ROUND(I110*H110,2) -> 0 | BL110: 4 | BM110: -87403932
D111: Online PSC | F111: https://podminky.urs.cz/item/CS_URS_2023_02/181951111 | AT111: Online PSC | AU111: 2
D112: D | E112: 2 | F112: Zakládání | J112: =BK112 -> 0 | P112: =SUM(P113:P126) -> 0 | R112: =SUM(R113:R126) -> 11.166942 | T112: =SUM(T113:T126) -> 0 | AR112: 1 | AT112: D | AU112: 1 | AY112: ROZPOCET | BK112: =SUM(BK113:BK126) -> 0
C113: 7 | D113: K | E113: 275321511 | F113: Základy z betonu železového (bez výztuže) patky z betonu bez zvláštních nároků na prostředí tř. C 25/30 | G113: m3 | H113: 4.232 | J113: =ROUND(I113*H113,2) -> 0 | K113: CS ÚRS 2023 01 | N113: základní | P113: =O113*H113 -> 0 | Q113: 2.50187 | R113: =Q113*H113 -> 10.587914 | S113: 0 | T113: =S113*H113 -> 0 | AR113: 4 | AT113: K | AU113: 2 | AY113: ROZPOCET | BE113: =IF(N113="základní",J113,0) -> 0 | BF113: =IF(N113="snížená",J113,0) -> 0 | BG113: =IF(N113="zákl. přenesená",J113,0) -> 0 | BH113: =IF(N113="sníž. přenesená",J113,0) -> 0 | BI113: =IF(N113="nulová",J113,0) -> 0 | BJ113: 1 | BK113: =ROUND(I113*H113,2) -> 0 | BL113: 4 | BM113: -163930589
D114: Online PSC | F114: https://podminky.urs.cz/item/CS_URS_2023_01/275321511 | AT114: Online PSC | AU114: 2
D115: VV | F115: 1,2*1*1,1+0,9*0,7*0,4+1*1,4*1,9 | H115: 4.232 | AT115: VV | AU115: 2 | AV115: 2 | AW115: True | AX115: 0 | AY115: ROZPOCET
D116: VV | F116: Součet | H116: 4.232 | AT116: VV | AU116: 2 | AV116: 4 | AW116: True | AX116: 1 | AY116: ROZPOCET
C117: 8 | D117: K | E117: 275351121 | F117: Bednění základů patek zřízení | G117: m2 | H117: 15.24 | J117: =ROUND(I117*H117,2) -> 0 | K117: CS ÚRS 2023 01 | N117: základní | P117: =O117*H117 -> 0 | Q117: 0.00264 | R117: =Q117*H117 -> 0.0402336 | S117: 0 | T117: =S117*H117 -> 0 | AR117: 4 | AT117: K | AU117: 2 | AY117: ROZPOCET | BE117: =IF(N117="základní",J117,0) -> 0 | BF117: =IF(N117="snížená",J117,0) -> 0 | BG117: =IF(N117="zákl. přenesená",J117,0) -> 0 | BH117: =IF(N117="sníž. přenesená",J117,0) -> 0 | BI117: =IF(N117="nulová",J117,0) -> 0 | BJ117: 1 | BK117: =ROUND(I117*H117,2) -> 0 | BL117: 4 | BM117: -283640691
D118: Online PSC | F118: https://podminky.urs.cz/item/CS_URS_2023_01/275351121 | AT118: Online PSC | AU118: 2
D119: VV | F119: 1,2*1,1*2+1*1,1*2+0,9*0,4*2+0,7*0,4*2+1*1,9*2+1,4*1,9*2 | H119: 15.24 | AT119: VV | AU119: 2 | AV119: 2 | AW119: True | AX119: 0 | AY119: ROZPOCET
D120: VV | F120: Součet | H120: 15.24 | AT120: VV | AU120: 2 | AV120: 4 | AW120: True | AX120: 1 | AY120: ROZPOCET
C121: 9 | D121: K | E121: 275351122 | F121: Bednění základů patek odstranění | G121: m2 | H121: 15.24 | J121: =ROUND(I121*H121,2) -> 0 | K121: CS ÚRS 2023 01 | N121: základní | P121: =O121*H121 -> 0 | Q121: 0 | R121: =Q121*H121 -> 0 | S121: 0 | T121: =S121*H121 -> 0 | AR121: 4 | AT121: K | AU121: 2 | AY121: ROZPOCET | BE121: =IF(N121="základní",J121,0) -> 0 | BF121: =IF(N121="snížená",J121,0) -> 0 | BG121: =IF(N121="zákl. přenesená",J121,0) -> 0 | BH121: =IF(N121="sníž. přenesená",J121,0) -> 0 | BI121: =IF(N121="nulová",J121,0) -> 0 | BJ121: 1 | BK121: =ROUND(I121*H121,2) -> 0 | BL121: 4 | BM121: -1931196401
D122: Online PSC | F122: https://podminky.urs.cz/item/CS_URS_2023_01/275351122 | AT122: Online PSC | AU122: 2
C123: 10 | D123: K | E123: 275361821 | F123: Výztuž základů patek z betonářské oceli 10 505 (R) | G123: t | H123: 0.508 | J123: =ROUND(I123*H123,2) -> 0 | K123: CS ÚRS 2023 01 | N123: základní | P123: =O123*H123 -> 0 | Q123: 1.06062 | R123: =Q123*H123 -> 0.53879496 | S123: 0 | T123: =S123*H123 -> 0 | AR123: 4 | AT123: K | AU123: 2 | AY123: ROZPOCET | BE123: =IF(N123="základní",J123,0) -> 0 | BF123: =IF(N123="snížená",J123,0) -> 0 | BG123: =IF(N123="zákl. přenesená",J123,0) -> 0 | BH123: =IF(N123="sníž. přenesená",J123,0) -> 0 | BI123: =IF(N123="nulová",J123,0) -> 0 | BJ123: 1 | BK123: =ROUND(I123*H123,2) -> 0 | BL123: 4 | BM123: -1934794228
D124: Online PSC | F124: https://podminky.urs.cz/item/CS_URS_2023_01/275361821 | AT124: Online PSC | AU124: 2
D125: VV | F125: 4,232*0,12 | H125: 0.508 | AT125: VV | AU125: 2 | AV125: 2 | AW125: True | AX125: 0 | AY125: ROZPOCET
D126: VV | F126: Součet | H126: 0.508 | AT126: VV | AU126: 2 | AV126: 4 | AW126: True | AX126: 1 | AY126: ROZPOCET
D127: D | E127: 9 | F127: Ostatní konstrukce a práce, bourání | J127: =BK127 -> 0 | P127: =SUM(P128:P134) -> 0 | R127: =SUM(R128:R134) -> 0.01344 | T127: =SUM(T128:T134) -> 0 | AR127: 1 | AT127: D | AU127: 1 | AY127: ROZPOCET | BK127: =SUM(BK128:BK134) -> 0
C128: 11 | D128: K | E128: 949101112 | F128: Lešení pomocné pracovní pro objekty pozemních staveb pro zatížení do 150 kg/m2, o výšce lešeňové podlahy přes 3,5 m | G128: m2 | H128: 60 | J128: =ROUND(I128*H128,2) -> 0 | K128: CS ÚRS 2023 02 | N128: základní | P128: =O128*H128 -> 0 | Q128: 0.00021 | R128: =Q128*H128 -> 0.0126 | S128: 0 | T128: =S128*H128 -> 0 | AR128: 4 | AT128: K | AU128: 2 | AY128: ROZPOCET | BE128: =IF(N128="základní",J128,0) -> 0 | BF128: =IF(N128="snížená",J128,0) -> 0 | BG128: =IF(N128="zákl. přenesená",J128,0) -> 0 | BH128: =IF(N128="sníž. přenesená",J128,0) -> 0 | BI128: =IF(N128="nulová",J128,0) -> 0 | BJ128: 1 | BK128: =ROUND(I128*H128,2) -> 0 | BL128: 4 | BM128: -1515708328
D129: Online PSC | F129: https://podminky.urs.cz/item/CS_URS_2023_02/949101112 | AT129: Online PSC | AU129: 2
D130: VV | F130: 30*2 | H130: 60 | AT130: VV | AU130: 2 | AV130: 2 | AW130: True | AX130: 1 | AY130: ROZPOCET
C131: 12 | D131: K | E131: 9491011R1 | F131: Vyříznutí otvoru do objektů | G131: ks | H131: 2 | J131: =ROUND(I131*H131,2) -> 0 | N131: základní | P131: =O131*H131 -> 0 | Q131: 0.00021 | R131: =Q131*H131 -> 0.00042 | S131: 0 | T131: =S131*H131 -> 0 | AR131: 4 | AT131: K | AU131: 2 | AY131: ROZPOCET | BE131: =IF(N131="základní",J131,0) -> 0 | BF131: =IF(N131="snížená",J131,0) -> 0 | BG131: =IF(N131="zákl. přenesená",J131,0) -> 0 | BH131: =IF(N131="sníž. přenesená",J131,0) -> 0 | BI131: =IF(N131="nulová",J131,0) -> 0 | BJ131: 1 | BK131: =ROUND(I131*H131,2) -> 0 | BL131: 4 | BM131: -848591527
D132: P | F132: Poznámka k položce:_x000D_ Prostup SO 22 do obvodového panelu SO 02_x000D_ vyříznout při montáži. Po ukotvení mostu,_x000D_ instalaci potrubí dopravy dextrinu, kabel. žalbu_x000D_ otvor utěsnit, oboustranně oplechovat plechem v_x000D_ barvě panelů. Vnitřní ocel. konstrukci SO 02_x000D_ doplnit dle konstruk. části dokumentace | AT132: P | AU132: 2
C133: 13 | D133: K | E133: 9491011R2 | F133: Obetonování kotvení sloupu v celé ploše patky, výška 100mm, skosení hrany, Beton C20/25 + ochranný nát ěr proti povět. vlivům | G133: ks | H133: 2 | J133: =ROUND(I133*H133,2) -> 0 | N133: základní | P133: =O133*H133 -> 0 | Q133: 0.00021 | R133: =Q133*H133 -> 0.00042 | S133: 0 | T133: =S133*H133 -> 0 | AR133: 4 | AT133: K | AU133: 2 | AY133: ROZPOCET | BE133: =IF(N133="základní",J133,0) -> 0 | BF133: =IF(N133="snížená",J133,0) -> 0 | BG133: =IF(N133="zákl. přenesená",J133,0) -> 0 | BH133: =IF(N133="sníž. přenesená",J133,0) -> 0 | BI133: =IF(N133="nulová",J133,0) -> 0 | BJ133: 1 | BK133: =ROUND(I133*H133,2) -> 0 | BL133: 4 | BM133: 660744981
...

Sheet a - příprava území
L2: >> skryté sloupce << | AT2: {66a5eeed-aeda-4080-92f4-4cf56af3aa82}
AT3: 2
D4: KRYCÍ LIST SOUPISU PRACÍ | M4: v --- níže se nacházejí doplnkové a pomocné údaje k sestavám --- v | AT4: False
D6: Stavba:
E7: ='Rekapitulace stavby'!K6 -> SKLAD ŠKROBU P-001
D8: Objekt:
E9: 2023/003/h - SO-23 - Nové zpevněné plochy
D10: Soupis:
E11: a - příprava území
D13: KSO: | I13: CC-CZ:
D14: Místo: | F14: Horažďovice | I14: Datum: | J14: ='Rekapitulace stavby'!AN8 -> 45167
D16: Zadavatel: | I16: IČ:
I17: DIČ:
D19: Uchazeč: | I19: IČ: | J19: ='Rekapitulace stavby'!AN13 -> Vyplň údaj
E20: ='Rekapitulace stavby'!E14 -> Vyplň údaj | I20: DIČ: | J20: ='Rekapitulace stavby'!AN14 -> Vyplň údaj
D22: Projektant: | I22: IČ:
E23: VIAPROJEKT s.r.o. HK | I23: DIČ:
D25: Zpracovatel: | I25: IČ:
E26: B.Burešová | I26: DIČ:
D28: Poznámka:
D32: Cena bez DPH | J32: =ROUND(J90, 2) -> 0
F34: Základ daně | I34: Sazba daně | J34: Výše daně
D35: DPH | E35: základní | F35: =ROUND((SUM(BE90:BE267)), 2) -> 0 | I35: 0.21 | J35: =ROUND(((SUM(BE90:BE267))*I35), 2) -> 0
E36: snížená | F36: =ROUND((SUM(BF90:BF267)), 2) -> 0 | I36: 0.15 | J36: =ROUND(((SUM(BF90:BF267))*I36), 2) -> 0
E37: zákl. přenesená | F37: =ROUND((SUM(BG90:BG267)), 2) -> 0 | I37: 0.21 | J37: =0 -> 0
E38: sníž. přenesená | F38: =ROUND((SUM(BH90:BH267)), 2) -> 0 | I38: 0.15 | J38: =0 -> 0
E39: nulová | F39: =ROUND((SUM(BI90:BI267)), 2) -> 0 | I39: 0 | J39: =0 -> 0
D41: Cena s DPH | G41: v | H41: CZK | J41: =SUM(J32:J39) -> 0
C47: REKAPITULACE ČLENĚNÍ SOUPISU PRACÍ
C49: Stavba:
E50: =E7 -> SKLAD ŠKROBU P-001
C51: Objekt:
E52: 2023/003/h - SO-23 - Nové zpevněné plochy
C53: Soupis:
E54: =E11 -> a - příprava území
C56: Místo: | F56: =F14 -> Horažďovice | I56: Datum: | J56: =IF(J14="","",J14) -> 45167
C58: Zadavatel: | F58: =E17 | I58: Projektant: | J58: =E23 -> VIAPROJEKT s.r.o. HK
C59: Uchazeč: | F59: =IF(E20="","",E20) -> Vyplň údaj | I59: Zpracovatel: | J59: =E26 -> B.Burešová
C61: Kód dílu - Popis | J61: Cena celkem [CZK]
C63: Náklady stavby celkem | J63: =J90 -> 0 | AU63: -1
D64: HSV - Práce a dodávky HSV | J64: =J91 -> 0
D65: 1 - Zemní práce | J65: =J92 -> 0
D66: 9 - Ostatní konstrukce a práce, bourání | J66: =J178 -> 0
D67: 997 - Přesun sutě | J67: =J197 -> 0
D68: 998 - Přesun hmot | J68: =J263 -> 0
C75: SOUPIS PRACÍ
C77: Stavba:
E78: =E7 -> SKLAD ŠKROBU P-001
C79: Objekt:
E80: 2023/003/h - SO-23 - Nové zpevněné plochy
C81: Soupis:
E82: =E11 -> a - příprava území
C84: Místo: | F84: =F14 -> Horažďovice | I84: Datum: | J84: =IF(J14="","",J14) -> 45167
C86: Zadavatel: | F86: =E17 | I86: Projektant: | J86: =E23 -> VIAPROJEKT s.r.o. HK
C87: Uchazeč: | F87: =IF(E20="","",E20) -> Vyplň údaj | I87: Zpracovatel: | J87: =E26 -> B.Burešová
C89: PČ | D89: Typ | E89: Kód | F89: Popis | G89: MJ | H89: Množství | I89: J.cena [CZK] | J89: Cena celkem [CZK] | K89: Cenová soustava | N89: DPH | O89: J. Nh [h] | P89: Nh celkem [h] | Q89: J. hmotnost [t] | R89: Hmotnost celkem [t] | S89: J. suť [t] | T89: Suť Celkem [t]
C90: Náklady soupisu celkem | J90: =BK90 -> 0 | P90: =P91 -> 0 | R90: =R91 -> 0.00704 | T90: =T91 -> 775.245 | AT90: D | AU90: -1 | BK90: =BK91 -> 0
D91: D | E91: HSV | F91: Práce a dodávky HSV | J91: =BK91 -> 0 | P91: =P92+P178+P197+P263 -> 0 | R91: =R92+R178+R197+R263 -> 0.00704 | T91: =T92+T178+T197+T263 -> 775.245 | AR91: 1 | AT91: D | AU91: 0 | AY91: ROZPOCET | BK91: =BK92+BK178+BK197+BK263 -> 0
D92: D | E92: 1 | F92: Zemní práce | J92: =BK92 -> 0 | P92: =SUM(P93:P177) -> 0 | R92: =SUM(R93:R177) -> 0 | T92: =SUM(T93:T177) -> 775.245 | AR92: 1 | AT92: D | AU92: 1 | AY92: ROZPOCET | BK92: =SUM(BK93:BK177) -> 0
C93: 1 | D93: K | E93: 112101101 | F93: Odstranění stromů listnatých průměru kmene přes 100 do 300 mm | G93: kus | H93: 2 | J93: =ROUND(I93*H93,2) -> 0 | K93: CS ÚRS 2023 01 | N93: základní | P93: =O93*H93 -> 0 | Q93: 0 | R93: =Q93*H93 -> 0 | S93: 0 | T93: =S93*H93 -> 0 | AR93: 4 | AT93: K | AU93: 2 | AY93: ROZPOCET | BE93: =IF(N93="základní",J93,0) -> 0 | BF93: =IF(N93="snížená",J93,0) -> 0 | BG93: =IF(N93="zákl. přenesená",J93,0) -> 0 | BH93: =IF(N93="sníž. přenesená",J93,0) -> 0 | BI93: =IF(N93="nulová",J93,0) -> 0 | BJ93: 1 | BK93: =ROUND(I93*H93,2) -> 0 | BL93: 4 | BM93: -411889036
D94: Online PSC | F94: https://podminky.urs.cz/item/CS_URS_2023_01/112101101 | AT94: Online PSC | AU94: 2
D95: VV | F95: kácení dřevin, průměr kmene cca 30 cm | AT95: VV | AU95: 2 | AV95: 1 | AW95: True | AX95: 0 | AY95: ROZPOCET
D96: VV | F96: 2 | H96: 2 | AT96: VV | AU96: 2 | AV96: 2 | AW96: True | AX96: 0 | AY96: ROZPOCET
D97: VV | F97: Součet | H97: 2 | AT97: VV | AU97: 2 | AV97: 4 | AW97: True | AX97: 1 | AY97: ROZPOCET
C98: 2 | D98: K | E98: 112251101 | F98: Odstranění pařezů průměru přes 100 do 300 mm | G98: kus | H98: 2 | J98: =ROUND(I98*H98,2) -> 0 | K98: CS ÚRS 2023 01 | N98: základní | P98: =O98*H98 -> 0 | Q98: 0 | R98: =Q98*H98 -> 0 | S98: 0 | T98: =S98*H98 -> 0 | AR98: 4 | AT98: K | AU98: 2 | AY98: ROZPOCET | BE98: =IF(N98="základní",J98,0) -> 0 | BF98: =IF(N98="snížená",J98,0) -> 0 | BG98: =IF(N98="zákl. přenesená",J98,0) -> 0 | BH98: =IF(N98="sníž. přenesená",J98,0) -> 0 | BI98: =IF(N98="nulová",J98,0) -> 0 | BJ98: 1 | BK98: =ROUND(I98*H98,2) -> 0 | BL98: 4 | BM98: -1154650926
D99: Online PSC | F99: https://podminky.urs.cz/item/CS_URS_2023_01/112251101 | AT99: Online PSC | AU99: 2
D100: VV | F100: kácení dřevin, průměr kmene cca 30 cm | AT100: VV | AU100: 2 | AV100: 1 | AW100: True | AX100: 0 | AY100: ROZPOCET
D101: VV | F101: 2 | H101: 2 | AT101: VV | AU101: 2 | AV101: 2 | AW101: True | AX101: 0 | AY101: ROZPOCET
D102: VV | F102: Součet | H102: 2 | AT102: VV | AU102: 2 | AV102: 4 | AW102: True | AX102: 1 | AY102: ROZPOCET
C103: 3 | D103: K | E103: 113107162 | F103: Odstranění podkladu z kameniva drceného tl přes 100 do 200 mm strojně pl přes 50 do 200 m2 | G103: m2 | H103: 99 | J103: =ROUND(I103*H103,2) -> 0 | K103: CS ÚRS 2023 01 | N103: základní | P103: =O103*H103 -> 0 | Q103: 0 | R103: =Q103*H103 -> 0 | S103: 0.29 | T103: =S103*H103 -> 28.71 | AR103: 4 | AT103: K | AU103: 2 | AY103: ROZPOCET | BE103: =IF(N103="základní",J103,0) -> 0 | BF103: =IF(N103="snížená",J103,0) -> 0 | BG103: =IF(N103="zákl. přenesená",J103,0) -> 0 | BH103: =IF(N103="sníž. přenesená",J103,0) -> 0 | BI103: =IF(N103="nulová",J103,0) -> 0 | BJ103: 1 | BK103: =ROUND(I103*H103,2) -> 0 | BL103: 4 | BM103: 1918516082
D104: Online PSC | F104: https://podminky.urs.cz/item/CS_URS_2023_01/113107162 | AT104: Online PSC | AU104: 2
D105: VV | F105: demolice zpevněné plochy - kryt asfalt | AT105: VV | AU105: 2 | AV105: 1 | AW105: True | AX105: 0 | AY105: ROZPOCET
D106: VV | F106: 99 | H106: 99 | AT106: VV | AU106: 2 | AV106: 2 | AW106: True | AX106: 0 | AY106: ROZPOCET
D107: VV | F107: Součet | H107: 99 | AT107: VV | AU107: 2 | AV107: 4 | AW107: True | AX107: 1 | AY107: ROZPOCET
C108: 4 | D108: K | E108: 113107171 | F108: Odstranění podkladu z betonu prostého tl přes 100 do 150 mm strojně pl přes 50 do 200 m2 | G108: m2 | H108: 99 | J108: =ROUND(I108*H108,2) -> 0 | K108: CS ÚRS 2023 01 | N108: základní | P108: =O108*H108 -> 0 | Q108: 0 | R108: =Q108*H108 -> 0 | S108: 0.325 | T108: =S108*H108 -> 32.175 | AR108: 4 | AT108: K | AU108: 2 | AY108: ROZPOCET | BE108: =IF(N108="základní",J108,0) -> 0 | BF108: =IF(N108="snížená",J108,0) -> 0 | BG108: =IF(N108="zákl. přenesená",J108,0) -> 0 | BH108: =IF(N108="sníž. přenesená",J108,0) -> 0 | BI108: =IF(N108="nulová",J108,0) -> 0 | BJ108: 1 | BK108: =ROUND(I108*H108,2) -> 0 | BL108: 4 | BM108: -480193600
D109: Online PSC | F109: https://podminky.urs.cz/item/CS_URS_2023_01/113107171 | AT109: Online PSC | AU109: 2
D110: VV | F110: demolice zpevněné plochy - kryt asfalt | AT110: VV | AU110: 2 | AV110: 1 | AW110: True | AX110: 0 | AY110: ROZPOCET
D111: VV | F111: 99 | H111: 99 | AT111: VV | AU111: 2 | AV111: 2 | AW111: True | AX111: 0 | AY111: ROZPOCET
D112: VV | F112: Součet | H112: 99 | AT112: VV | AU112: 2 | AV112: 4 | AW112: True | AX112: 1 | AY112: ROZPOCET
C113: 5 | D113: K | E113: 113107182 | F113: Odstranění podkladu živičného tl přes 50 do 100 mm strojně pl přes 50 do 200 m2 | G113: m2 | H113: 99 | J113: =ROUND(I113*H113,2) -> 0 | K113: CS ÚRS 2023 01 | N113: základní | P113: =O113*H113 -> 0 | Q113: 0 | R113: =Q113*H113 -> 0 | S113: 0.22 | T113: =S113*H113 -> 21.78 | AR113: 4 | AT113: K | AU113: 2 | AY113: ROZPOCET | BE113: =IF(N113="základní",J113,0) -> 0 | BF113: =IF(N113="snížená",J113,0) -> 0 | BG113: =IF(N113="zákl. přenesená",J113,0) -> 0 | BH113: =IF(N113="sníž. přenesená",J113,0) -> 0 | BI113: =IF(N113="nulová",J113,0) -> 0 | BJ113: 1 | BK113: =ROUND(I113*H113,2) -> 0 | BL113: 4 | BM113: -1784990451
D114: Online PSC | F114: https://podminky.urs.cz/item/CS_URS_2023_01/113107182 | AT114: Online PSC | AU114: 2
D115: VV | F115: demolice zpevněné plochy - kryt asfalt | AT115: VV | AU115: 2 | AV115: 1 | AW115: True | AX115: 0 | AY115: ROZPOCET
D116: VV | F116: 99 | H116: 99 | AT116: VV | AU116: 2 | AV116: 2 | AW116: True | AX116: 0 | AY116: ROZPOCET
D117: VV | F117: Součet | H117: 99 | AT117: VV | AU117: 2 | AV117: 4 | AW117: True | AX117: 1 | AY117: ROZPOCET
C118: 6 | D118: K | E118: 113107222 | F118: Odstranění podkladu z kameniva drceného tl přes 100 do 200 mm strojně pl přes 200 m2 | G118: m2 | H118: 726 | J118: =ROUND(I118*H118,2) -> 0 | K118: CS ÚRS 2023 01 | N118: základní | P118: =O118*H118 -> 0 | Q118: 0 | R118: =Q118*H118 -> 0 | S118: 0.29 | T118: =S118*H118 -> 210.54 | AR118: 4 | AT118: K | AU118: 2 | AY118: ROZPOCET | BE118: =IF(N118="základní",J118,0) -> 0 | BF118: =IF(N118="snížená",J118,0) -> 0 | BG118: =IF(N118="zákl. přenesená",J118,0) -> 0 | BH118: =IF(N118="sníž. přenesená",J118,0) -> 0 | BI118: =IF(N118="nulová",J118,0) -> 0 | BJ118: 1 | BK118: =ROUND(I118*H118,2) -> 0 | BL118: 4 | BM118: 160179346
D119: Online PSC | F119: https://podminky.urs.cz/item/CS_URS_2023_01/113107222 | AT119: Online PSC | AU119: 2
D120: VV | F120: demolice zpevněné plochy - kryt beton | AT120: VV | AU120: 2 | AV120: 1 | AW120: True | AX120: 0 | AY120: ROZPOCET
D121: VV | F121: 240,5+485,5 | H121: 726 | AT121: VV | AU121: 2 | AV121: 2 | AW121: True | AX121: 0 | AY121: ROZPOCET
D122: VV | F122: Součet | H122: 726 | AT122: VV | AU122: 2 | AV122: 4 | AW122: True | AX122: 1 | AY122: ROZPOCET
C123: 7 | D123: K | E123: 113107232 | F123: Odstranění podkladu z betonu prostého tl přes 150 do 300 mm strojně pl přes 200 m2 | G123: m2 | H123: 726 | J123: =ROUND(I123*H123,2) -> 0 | K123: CS ÚRS 2023 01 | N123: základní | P123: =O123*H123 -> 0 | Q123: 0 | R123: =Q123*H123 -> 0 | S123: 0.625 | T123: =S123*H123 -> 453.75 | AR123: 4 | AT123: K | AU123: 2 | AY123: ROZPOCET | BE123: =IF(N123="základní",J123,0) -> 0 | BF123: =IF(N123="snížená",J123,0) -> 0 | BG123: =IF(N123="zákl. přenesená",J123,0) -> 0 | BH123: =IF(N123="sníž. přenesená",J123,0) -> 0 | BI123: =IF(N123="nulová",J123,0) -> 0 | BJ123: 1 | BK123: =ROUND(I123*H123,2) -> 0 | BL123: 4 | BM123: 110118642
D124: Online PSC | F124: https://podminky.urs.cz/item/CS_URS_2023_01/113107232 | AT124: Online PSC | AU124: 2
D125: VV | F125: demolice zpevněné plochy - kryt beton | AT125: VV | AU125: 2 | AV125: 1 | AW125: True | AX125: 0 | AY125: ROZPOCET
D126: VV | F126: 240,5+485,5 | H126: 726 | AT126: VV | AU126: 2 | AV126: 2 | AW126: True | AX126: 0 | AY126: ROZPOCET
D127: VV | F127: Součet | H127: 726 | AT127: VV | AU127: 2 | AV127: 4 | AW127: True | AX127: 1 | AY127: ROZPOCET
C128: 8 | D128: K | E128: 113202111 | F128: Vytrhání obrub krajníků obrubníků stojatých | G128: m | H128: 138 | J128: =ROUND(I128*H128,2) -> 0 | K128: CS ÚRS 2023 01 | N128: základní | P128: =O128*H128 -> 0 | Q128: 0 | R128: =Q128*H128 -> 0 | S128: 0.205 | T128: =S128*H128 -> 28.29 | AR128: 4 | AT128: K | AU128: 2 | AY128: ROZPOCET | BE128: =IF(N128="základní",J128,0) -> 0 | BF128: =IF(N128="snížená",J128,0) -> 0 | BG128: =IF(N128="zákl. přenesená",J128,0) -> 0 | BH128: =IF(N128="sníž. přenesená",J128,0) -> 0 | BI128: =IF(N128="nulová",J128,0) -> 0 | BJ128: 1 | BK128: =ROUND(I128*H128,2) -> 0 | BL128: 4 | BM128: -238610265
D129: Online PSC | F129: https://podminky.urs.cz/item/CS_URS_2023_01/113202111 | AT129: Online PSC | AU129: 2
D130: VV | F130: vybourání včetně betonového základu | AT130: VV | AU130: 2 | AV130: 1 | AW130: True | AX130: 0 | AY130: ROZPOCET
D131: VV | F131: 38+50+50 | H131: 138 | AT131: VV | AU131: 2 | AV131: 2 | AW131: True | AX131: 0 | AY131: ROZPOCET
D132: VV | F132: Součet | H132: 138 | AT132: VV | AU132: 2 | AV132: 4 | AW132: True | AX132: 1 | AY132: ROZPOCET
C133: 9 | D133: K | E133: 121151113 | F133: Sejmutí ornice plochy do 500 m2 tl vrstvy do 200 mm strojně | G133: m2 | H133: 473 | J133: =ROUND(I133*H133,2) -> 0 | K133: CS ÚRS 2023 01 | N133: základní | P133: =O133*H133 -> 0 | Q133: 0 | R133: =Q133*H133 -> 0 | S133: 0 | T133: =S133*H133 -> 0 | AR133: 4 | AT133: K | AU133: 2 | AY133: ROZPOCET | BE133: =IF(N133="základní",J133,0) -> 0 | BF133: =IF(N133="snížená",J133,0) -> 0 | BG133: =IF(N133="zákl. přenesená",J133,0) -> 0 | BH133: =IF(N133="sníž. přenesená",J133,0) -> 0 | BI133: =IF(N133="nulová",J133,0) -> 0 | BJ133: 1 | BK133: =ROUND(I133*H133,2) -> 0 | BL133: 4 | BM133: -15601633
...

Sheet n - návrh
L2: >> skryté sloupce << | AT2: {ec803a29-6402-4ec0-9cad-f33d115efa9a}
AT3: 2
D4: KRYCÍ LIST SOUPISU PRACÍ | M4: v --- níže se nacházejí doplnkové a pomocné údaje k sestavám --- v | AT4: False
D6: Stavba:
E7: ='Rekapitulace stavby'!K6 -> SKLAD ŠKROBU P-001
D8: Objekt:
E9: 2023/003/h - SO-23 - Nové zpevněné plochy
D10: Soupis:
E11: n - návrh
D13: KSO: | I13: CC-CZ:
D14: Místo: | F14: Horažďovice | I14: Datum: | J14: ='Rekapitulace stavby'!AN8 -> 45167
D16: Zadavatel: | I16: IČ:
I17: DIČ:
D19: Uchazeč: | I19: IČ: | J19: ='Rekapitulace stavby'!AN13 -> Vyplň údaj
E20: ='Rekapitulace stavby'!E14 -> Vyplň údaj | I20: DIČ: | J20: ='Rekapitulace stavby'!AN14 -> Vyplň údaj
D22: Projektant: | I22: IČ:
E23: VIAPROJEKT s.r.o. HK | I23: DIČ:
D25: Zpracovatel: | I25: IČ:
E26: B.Burešová | I26: DIČ:
D28: Poznámka:
D32: Cena bez DPH | J32: =ROUND(J94, 2) -> 0
F34: Základ daně | I34: Sazba daně | J34: Výše daně
D35: DPH | E35: základní | F35: =ROUND((SUM(BE94:BE379)), 2) -> 0 | I35: 0.21 | J35: =ROUND(((SUM(BE94:BE379))*I35), 2) -> 0
E36: snížená | F36: =ROUND((SUM(BF94:BF379)), 2) -> 0 | I36: 0.15 | J36: =ROUND(((SUM(BF94:BF379))*I36), 2) -> 0
E37: zákl. přenesená | F37: =ROUND((SUM(BG94:BG379)), 2) -> 0 | I37: 0.21 | J37: =0 -> 0
E38: sníž. přenesená | F38: =ROUND((SUM(BH94:BH379)), 2) -> 0 | I38: 0.15 | J38: =0 -> 0
E39: nulová | F39: =ROUND((SUM(BI94:BI379)), 2) -> 0 | I39: 0 | J39: =0 -> 0
D41: Cena s DPH | G41: v | H41: CZK | J41: =SUM(J32:J39) -> 0
C47: REKAPITULACE ČLENĚNÍ SOUPISU PRACÍ
C49: Stavba:
E50: =E7 -> SKLAD ŠKROBU P-001
C51: Objekt:
E52: 2023/003/h - SO-23 - Nové zpevněné plochy
C53: Soupis:
E54: =E11 -> n - návrh
C56: Místo: | F56: =F14 -> Horažďovice | I56: Datum: | J56: =IF(J14="","",J14) -> 45167
C58: Zadavatel: | F58: =E17 | I58: Projektant: | J58: =E23 -> VIAPROJEKT s.r.o. HK
C59: Uchazeč: | F59: =IF(E20="","",E20) -> Vyplň údaj | I59: Zpracovatel: | J59: =E26 -> B.Burešová
C61: Kód dílu - Popis | J61: Cena celkem [CZK]
C63: Náklady stavby celkem | J63: =J94 -> 0 | AU63: -1
D64: HSV - Práce a dodávky HSV | J64: =J95 -> 0
D65: 1 - Zemní práce | J65: =J96 -> 0
D66: 4 - Vodorovné konstrukce | J66: =J240 -> 0
D67: 5 - Komunikace pozemní | J67: =J246 -> 0
D68: 8 - Trubní vedení | J68: =J281 -> 0
D69: 9 - Ostatní konstrukce a práce, bourání | J69: =J322 -> 0
D70: 998 - Přesun hmot | J70: =J371 -> 0
D71: VRN - Vedlejší rozpočtové náklady | J71: =J376 -> 0
D72: VRN4 - Inženýrská činnost | J72: =J377 -> 0
C79: SOUPIS PRACÍ
C81: Stavba:
E82: =E7 -> SKLAD ŠKROBU P-001
C83: Objekt:
E84: 2023/003/h - SO-23 - Nové zpevněné plochy
C85: Soupis:
E86: =E11 -> n - návrh
C88: Místo: | F88: =F14 -> Horažďovice | I88: Datum: | J88: =IF(J14="","",J14) -> 45167
C90: Zadavatel: | F90: =E17 | I90: Projektant: | J90: =E23 -> VIAPROJEKT s.r.o. HK
C91: Uchazeč: | F91: =IF(E20="","",E20) -> Vyplň údaj | I91: Zpracovatel: | J91: =E26 -> B.Burešová
C93: PČ | D93: Typ | E93: Kód | F93: Popis | G93: MJ | H93: Množství | I93: J.cena [CZK] | J93: Cena celkem [CZK] | K93: Cenová soustava | N93: DPH | O93: J. Nh [h] | P93: Nh celkem [h] | Q93: J. hmotnost [t] | R93: Hmotnost celkem [t] | S93: J. suť [t] | T93: Suť Celkem [t]
C94: Náklady soupisu celkem | J94: =BK94 -> 0 | P94: =P95+P376 -> 0 | R94: =R95+R376 -> 33.352388 | T94: =T95+T376 -> 0 | AT94: D | AU94: -1 | BK94: =BK95+BK376 -> 0
D95: D | E95: HSV | F95: Práce a dodávky HSV | J95: =BK95 -> 0 | P95: =P96+P240+P246+P281+P322+P371 -> 0 | R95: =R96+R240+R246+R281+R322+R371 -> 33.352388 | T95: =T96+T240+T246+T281+T322+T371 -> 0 | AR95: 1 | AT95: D | AU95: 0 | AY95: ROZPOCET | BK95: =BK96+BK240+BK246+BK281+BK322+BK371 -> 0
D96: D | E96: 1 | F96: Zemní práce | J96: =BK96 -> 0 | P96: =SUM(P97:P239) -> 0 | R96: =SUM(R97:R239) -> 0.027158 | T96: =SUM(T97:T239) -> 0 | AR96: 1 | AT96: D | AU96: 1 | AY96: ROZPOCET | BK96: =SUM(BK97:BK239) -> 0
C97: 1 | D97: K | E97: 122251104 | F97: Odkopávky a prokopávky nezapažené v hornině třídy těžitelnosti I skupiny 3 objem do 500 m3 strojně | G97: m3 | H97: 250 | J97: =ROUND(I97*H97,2) -> 0 | K97: CS ÚRS 2023 01 | N97: základní | P97: =O97*H97 -> 0 | Q97: 0 | R97: =Q97*H97 -> 0 | S97: 0 | T97: =S97*H97 -> 0 | AR97: 4 | AT97: K | AU97: 2 | AY97: ROZPOCET | BE97: =IF(N97="základní",J97,0) -> 0 | BF97: =IF(N97="snížená",J97,0) -> 0 | BG97: =IF(N97="zákl. přenesená",J97,0) -> 0 | BH97: =IF(N97="sníž. přenesená",J97,0) -> 0 | BI97: =IF(N97="nulová",J97,0) -> 0 | BJ97: 1 | BK97: =ROUND(I97*H97,2) -> 0 | BL97: 4 | BM97: 1206432457
D98: Online PSC | F98: https://podminky.urs.cz/item/CS_URS_2023_01/122251104 | AT98: Online PSC | AU98: 2
D99: VV | F99: výkop | AT99: VV | AU99: 2 | AV99: 1 | AW99: True | AX99: 0 | AY99: ROZPOCET
D100: VV | F100: 250 | H100: 250 | AT100: VV | AU100: 2 | AV100: 2 | AW100: True | AX100: 0 | AY100: ROZPOCET
D101: VV | F101: Součet | H101: 250 | AT101: VV | AU101: 2 | AV101: 4 | AW101: True | AX101: 1 | AY101: ROZPOCET
C102: 2 | D102: K | E102: 132251101 | F102: Hloubení rýh nezapažených š do 800 mm v hornině třídy těžitelnosti I skupiny 3 objem do 20 m3 strojně | G102: m3 | H102: 1 | J102: =ROUND(I102*H102,2) -> 0 | K102: CS ÚRS 2023 01 | N102: základní | P102: =O102*H102 -> 0 | Q102: 0 | R102: =Q102*H102 -> 0 | S102: 0 | T102: =S102*H102 -> 0 | AR102: 4 | AT102: K | AU102: 2 | AY102: ROZPOCET | BE102: =IF(N102="základní",J102,0) -> 0 | BF102: =IF(N102="snížená",J102,0) -> 0 | BG102: =IF(N102="zákl. přenesená",J102,0) -> 0 | BH102: =IF(N102="sníž. přenesená",J102,0) -> 0 | BI102: =IF(N102="nulová",J102,0) -> 0 | BJ102: 1 | BK102: =ROUND(I102*H102,2) -> 0 | BL102: 4 | BM102: -1044288809
D103: Online PSC | F103: https://podminky.urs.cz/item/CS_URS_2023_01/132251101 | AT103: Online PSC | AU103: 2
D104: VV | F104: sondy | AT104: VV | AU104: 2 | AV104: 1 | AW104: True | AX104: 0 | AY104: ROZPOCET
D105: VV | F105: 1 | H105: 1 | AT105: VV | AU105: 2 | AV105: 2 | AW105: True | AX105: 0 | AY105: ROZPOCET
D106: VV | F106: Součet | H106: 1 | AT106: VV | AU106: 2 | AV106: 4 | AW106: True | AX106: 1 | AY106: ROZPOCET
C107: 3 | D107: K | E107: 132251251 | F107: Hloubení rýh nezapažených š do 2000 mm v hornině třídy těžitelnosti I skupiny 3 objem do 20 m3 strojně | G107: m3 | H107: 4.5 | J107: =ROUND(I107*H107,2) -> 0 | K107: CS ÚRS 2023 01 | N107: základní | P107: =O107*H107 -> 0 | Q107: 0 | R107: =Q107*H107 -> 0 | S107: 0 | T107: =S107*H107 -> 0 | AR107: 4 | AT107: K | AU107: 2 | AY107: ROZPOCET | BE107: =IF(N107="základní",J107,0) -> 0 | BF107: =IF(N107="snížená",J107,0) -> 0 | BG107: =IF(N107="zákl. přenesená",J107,0) -> 0 | BH107: =IF(N107="sníž. přenesená",J107,0) -> 0 | BI107: =IF(N107="nulová",J107,0) -> 0 | BJ107: 1 | BK107: =ROUND(I107*H107,2) -> 0 | BL107: 4 | BM107: -604560747
D108: Online PSC | F108: https://podminky.urs.cz/item/CS_URS_2023_01/132251251 | AT108: Online PSC | AU108: 2
D109: VV | F109: uliční vpust | AT109: VV | AU109: 2 | AV109: 1 | AW109: True | AX109: 0 | AY109: ROZPOCET
D110: VV | F110: 1,5*1,5*2*1 | H110: 4.5 | AT110: VV | AU110: 2 | AV110: 2 | AW110: True | AX110: 0 | AY110: ROZPOCET
D111: VV | F111: Součet | H111: 4.5 | AT111: VV | AU111: 2 | AV111: 4 | AW111: True | AX111: 1 | AY111: ROZPOCET
C112: 4 | D112: K | E112: 139001101 | F112: Příplatek za ztížení vykopávky v blízkosti podzemního vedení | G112: m3 | H112: 0.45 | J112: =ROUND(I112*H112,2) -> 0 | K112: CS ÚRS 2023 01 | N112: základní | P112: =O112*H112 -> 0 | Q112: 0 | R112: =Q112*H112 -> 0 | S112: 0 | T112: =S112*H112 -> 0 | AR112: 4 | AT112: K | AU112: 2 | AY112: ROZPOCET | BE112: =IF(N112="základní",J112,0) -> 0 | BF112: =IF(N112="snížená",J112,0) -> 0 | BG112: =IF(N112="zákl. přenesená",J112,0) -> 0 | BH112: =IF(N112="sníž. přenesená",J112,0) -> 0 | BI112: =IF(N112="nulová",J112,0) -> 0 | BJ112: 1 | BK112: =ROUND(I112*H112,2) -> 0 | BL112: 4 | BM112: 1832172600
D113: Online PSC | F113: https://podminky.urs.cz/item/CS_URS_2023_01/139001101 | AT113: Online PSC | AU113: 2
D114: VV | F114: uliční vpust, 10% z celkové kubatury | AT114: VV | AU114: 2 | AV114: 1 | AW114: True | AX114: 0 | AY114: ROZPOCET
D115: VV | F115: 4,5*0,1 | H115: 0.45 | AT115: VV | AU115: 2 | AV115: 2 | AW115: True | AX115: 0 | AY115: ROZPOCET
D116: VV | F116: Součet | H116: 0.45 | AT116: VV | AU116: 2 | AV116: 4 | AW116: True | AX116: 1 | AY116: ROZPOCET
C117: 5 | D117: K | E117: 139001101 | F117: Příplatek za ztížení vykopávky v blízkosti podzemního vedení | G117: m3 | H117: 25 | J117: =ROUND(I117*H117,2) -> 0 | K117: CS ÚRS 2023 01 | N117: základní | P117: =O117*H117 -> 0 | Q117: 0 | R117: =Q117*H117 -> 0 | S117: 0 | T117: =S117*H117 -> 0 | AR117: 4 | AT117: K | AU117: 2 | AY117: ROZPOCET | BE117: =IF(N117="základní",J117,0) -> 0 | BF117: =IF(N117="snížená",J117,0) -> 0 | BG117: =IF(N117="zákl. přenesená",J117,0) -> 0 | BH117: =IF(N117="sníž. přenesená",J117,0) -> 0 | BI117: =IF(N117="nulová",J117,0) -> 0 | BJ117: 1 | BK117: =ROUND(I117*H117,2) -> 0 | BL117: 4 | BM117: -1362588250
D118: Online PSC | F118: https://podminky.urs.cz/item/CS_URS_2023_01/139001101 | AT118: Online PSC | AU118: 2
D119: VV | F119: výkop, 10% z celkové kubatury | AT119: VV | AU119: 2 | AV119: 1 | AW119: True | AX119: 0 | AY119: ROZPOCET
D120: VV | F120: 250*0,1 | H120: 25 | AT120: VV | AU120: 2 | AV120: 2 | AW120: True | AX120: 0 | AY120: ROZPOCET
D121: VV | F121: Součet | H121: 25 | AT121: VV | AU121: 2 | AV121: 4 | AW121: True | AX121: 1 | AY121: ROZPOCET
C122: 6 | D122: K | E122: 139001101 | F122: Příplatek za ztížení vykopávky v blízkosti podzemního vedení | G122: m3 | H122: 1 | J122: =ROUND(I122*H122,2) -> 0 | K122: CS ÚRS 2023 01 | N122: základní | P122: =O122*H122 -> 0 | Q122: 0 | R122: =Q122*H122 -> 0 | S122: 0 | T122: =S122*H122 -> 0 | AR122: 4 | AT122: K | AU122: 2 | AY122: ROZPOCET | BE122: =IF(N122="základní",J122,0) -> 0 | BF122: =IF(N122="snížená",J122,0) -> 0 | BG122: =IF(N122="zákl. přenesená",J122,0) -> 0 | BH122: =IF(N122="sníž. přenesená",J122,0) -> 0 | BI122: =IF(N122="nulová",J122,0) -> 0 | BJ122: 1 | BK122: =ROUND(I122*H122,2) -> 0 | BL122: 4 | BM122: -1805849492
D123: Online PSC | F123: https://podminky.urs.cz/item/CS_URS_2023_01/139001101 | AT123: Online PSC | AU123: 2
D124: VV | F124: sondy | AT124: VV | AU124: 2 | AV124: 1 | AW124: True | AX124: 0 | AY124: ROZPOCET
D125: VV | F125: 1 | H125: 1 | AT125: VV | AU125: 2 | AV125: 2 | AW125: True | AX125: 0 | AY125: ROZPOCET
D126: VV | F126: Součet | H126: 1 | AT126: VV | AU126: 2 | AV126: 4 | AW126: True | AX126: 1 | AY126: ROZPOCET
C127: 7 | D127: K | E127: 151201101 | F127: Zřízení zátažného pažení a rozepření stěn rýh hl do 2 m | G127: m2 | H127: 12 | J127: =ROUND(I127*H127,2) -> 0 | K127: CS ÚRS 2023 01 | N127: základní | P127: =O127*H127 -> 0 | Q127: 0.00199 | R127: =Q127*H127 -> 0.02388 | S127: 0 | T127: =S127*H127 -> 0 | AR127: 4 | AT127: K | AU127: 2 | AY127: ROZPOCET | BE127: =IF(N127="základní",J127,0) -> 0 | BF127: =IF(N127="snížená",J127,0) -> 0 | BG127: =IF(N127="zákl. přenesená",J127,0) -> 0 | BH127: =IF(N127="sníž. přenesená",J127,0) -> 0 | BI127: =IF(N127="nulová",J127,0) -> 0 | BJ127: 1 | BK127: =ROUND(I127*H127,2) -> 0 | BL127: 4 | BM127: -1387364227
D128: Online PSC | F128: https://podminky.urs.cz/item/CS_URS_2023_01/151201101 | AT128: Online PSC | AU128: 2
D129: VV | F129: uliční vpust | AT129: VV | AU129: 2 | AV129: 1 | AW129: True | AX129: 0 | AY129: ROZPOCET
D130: VV | F130: 1,5*2*4*1 | H130: 12 | AT130: VV | AU130: 2 | AV130: 2 | AW130: True | AX130: 0 | AY130: ROZPOCET
D131: VV | F131: Součet | H131: 12 | AT131: VV | AU131: 2 | AV131: 4 | AW131: True | AX131: 1 | AY131: ROZPOCET
C132: 8 | D132: K | E132: 151201111 | F132: Odstranění zátažného pažení a rozepření stěn rýh hl do 2 m | G132: m2 | H132: 12 | J132: =ROUND(I132*H132,2) -> 0 | K132: CS ÚRS 2023 01 | N132: základní | P132: =O132*H132 -> 0 | Q132: 0 | R132: =Q132*H132 -> 0 | S132: 0 | T132: =S132*H132 -> 0 | AR132: 4 | AT132: K | AU132: 2 | AY132: ROZPOCET | BE132: =IF(N132="základní",J132,0) -> 0 | BF132: =IF(N132="snížená",J132,0) -> 0 | BG132: =IF(N132="zákl. přenesená",J132,0) -> 0 | BH132: =IF(N132="sníž. přenesená",J132,0) -> 0 | BI132: =IF(N132="nulová",J132,0) -> 0 | BJ132: 1 | BK132: =ROUND(I132*H132,2) -> 0 | BL132: 4 | BM132: 45376073
D133: Online PSC | F133: https://podminky.urs.cz/item/CS_URS_2023_01/151201111 | AT133: Online PSC | AU133: 2
...

Sheet 2023-003-e - SO-24 - dešť...
L2: >> skryté sloupce << | AT2: {fdf8f8f9-a610-4ff3-8905-8fc590894e53}
AT3: 2
D4: KRYCÍ LIST SOUPISU PRACÍ | M4: v --- níže se nacházejí doplnkové a pomocné údaje k sestavám --- v | AT4: False
D6: Stavba:
E7: ='Rekapitulace stavby'!K6 -> SKLAD ŠKROBU P-001
D8: Objekt:
E9: 2023/003/e - SO-24 - dešťová kanalizace
D11: KSO: | I11: CC-CZ:
D12: Místo: | I12: Datum: | J12: ='Rekapitulace stavby'!AN8 -> 45167
D14: Zadavatel: | I14: IČ: | J14: =IF('Rekapitulace stavby'!AN10="","",'Rekapitulace stavby'!AN10)
E15: =IF('Rekapitulace stavby'!E11="","",'Rekapitulace stavby'!E11) | I15: DIČ: | J15: =IF('Rekapitulace stavby'!AN11="","",'Rekapitulace stavby'!AN11)
D17: Uchazeč: | I17: IČ: | J17: ='Rekapitulace stavby'!AN13 -> Vyplň údaj
E18: ='Rekapitulace stavby'!E14 -> Vyplň údaj | I18: DIČ: | J18: ='Rekapitulace stavby'!AN14 -> Vyplň údaj
D20: Projektant: | I20: IČ: | J20: =IF('Rekapitulace stavby'!AN16="","",'Rekapitulace stavby'!AN16)
E21: =IF('Rekapitulace stavby'!E17="","",'Rekapitulace stavby'!E17) | I21: DIČ: | J21: =IF('Rekapitulace stavby'!AN17="","",'Rekapitulace stavby'!AN17)
D23: Zpracovatel: | I23: IČ: | J23: =IF('Rekapitulace stavby'!AN19="","",'Rekapitulace stavby'!AN19)
E24: =IF('Rekapitulace stavby'!E20="","",'Rekapitulace stavby'!E20) -> rostarek s.r.o. | I24: DIČ: | J24: =IF('Rekapitulace stavby'!AN20="","",'Rekapitulace stavby'!AN20)
D26: Poznámka:
D30: Cena bez DPH | J30: =ROUND(J84, 2) -> 0
F32: Základ daně | I32: Sazba daně | J32: Výše daně
D33: DPH | E33: základní | F33: =ROUND((SUM(BE84:BE252)), 2) -> 0 | I33: 0.21 | J33: =ROUND(((SUM(BE84:BE252))*I33), 2) -> 0
E34: snížená | F34: =ROUND((SUM(BF84:BF252)), 2) -> 0 | I34: 0.15 | J34: =ROUND(((SUM(BF84:BF252))*I34), 2) -> 0
E35: zákl. přenesená | F35: =ROUND((SUM(BG84:BG252)), 2) -> 0 | I35: 0.21 | J35: =0 -> 0
E36: sníž. přenesená | F36: =ROUND((SUM(BH84:BH252)), 2) -> 0 | I36: 0.15 | J36: =0 -> 0
E37: nulová | F37: =ROUND((SUM(BI84:BI252)), 2) -> 0 | I37: 0 | J37: =0 -> 0
D39: Cena s DPH | G39: v | H39: CZK | J39: =SUM(J30:J37) -> 0
C45: REKAPITULACE ČLENĚNÍ SOUPISU PRACÍ
C47: Stavba:
E48: =E7 -> SKLAD ŠKROBU P-001
C49: Objekt:
E50: =E9 -> 2023/003/e - SO-24 - dešťová kanalizace
C52: Místo: | F52: =F12 | I52: Datum: | J52: =IF(J12="","",J12) -> 45167
C54: Zadavatel: | F54: =E15 | I54: Projektant: | J54: =E21
C55: Uchazeč: | F55: =IF(E18="","",E18) -> Vyplň údaj | I55: Zpracovatel: | J55: =E24 -> rostarek s.r.o.
C57: Kód dílu - Popis | J57: Cena celkem [CZK]
C59: Náklady stavby celkem | J59: =J84 -> 0 | AU59: -1
D60: HSV - Práce a dodávky HSV | J60: =J85 -> 0
D61: 1 - Zemní práce | J61: =J86 -> 0
D62: 4 - Vodorovné konstrukce | J62: =J165 -> 0
D63: 8 - Trubní vedení | J63: =J204 -> 0
D64: 998 - Přesun hmot | J64: =J250 -> 0
C71: SOUPIS PRACÍ
C73: Stavba:
E74: =E7 -> SKLAD ŠKROBU P-001
C75: Objekt:
E76: =E9 -> 2023/003/e - SO-24 - dešťová kanalizace
C78: Místo: | F78: =F12 | I78: Datum: | J78: =IF(J12="","",J12) -> 45167
C80: Zadavatel: | F80: =E15 | I80: Projektant: | J80: =E21
C81: Uchazeč: | F81: =IF(E18="","",E18) -> Vyplň údaj | I81: Zpracovatel: | J81: =E24 -> rostarek s.r.o.
C83: PČ | D83: Typ | E83: Kód | F83: Popis | G83: MJ | H83: Množství | I83: J.cena [CZK] | J83: Cena celkem [CZK] | K83: Cenová soustava | N83: DPH | O83: J. Nh [h] | P83: Nh celkem [h] | Q83: J. hmotnost [t] | R83: Hmotnost celkem [t] | S83: J. suť [t] | T83: Suť Celkem [t]
C84: Náklady soupisu celkem | J84: =BK84 -> 0 | P84: =P85 -> 0 | R84: =R85 -> 214.98557 | T84: =T85 -> 0 | AT84: D | AU84: -1 | BK84: =BK85 -> 0
D85: D | E85: HSV | F85: Práce a dodávky HSV | J85: =BK85 -> 0 | P85: =P86+P165+P204+P250 -> 0 | R85: =R86+R165+R204+R250 -> 214.98557 | T85: =T86+T165+T204+T250 -> 0 | AR85: 1 | AT85: D | AU85: 0 | AY85: ROZPOCET | BK85: =BK86+BK165+BK204+BK250 -> 0
D86: D | E86: 1 | F86: Zemní práce | J86: =BK86 -> 0 | P86: =SUM(P87:P164) -> 0 | R86: =SUM(R87:R164) -> 212.32104 | T86: =SUM(T87:T164) -> 0 | AR86: 1 | AT86: D | AU86: 1 | AY86: ROZPOCET | BK86: =SUM(BK87:BK164) -> 0
C87: 1 | D87: K | E87: 131251204 | F87: Hloubení zapažených jam a zářezů strojně s urovnáním dna do předepsaného profilu a spádu v hornině třídy těžitelnosti I skupiny 3 přes 100 do 500 m3 | G87: m3 | H87: 213.3 | J87: =ROUND(I87*H87,2) -> 0 | K87: CS ÚRS 2022 02 | N87: základní | P87: =O87*H87 -> 0 | Q87: 0 | R87: =Q87*H87 -> 0 | S87: 0 | T87: =S87*H87 -> 0 | AR87: 4 | AT87: K | AU87: 2 | AY87: ROZPOCET | BE87: =IF(N87="základní",J87,0) -> 0 | BF87: =IF(N87="snížená",J87,0) -> 0 | BG87: =IF(N87="zákl. přenesená",J87,0) -> 0 | BH87: =IF(N87="sníž. přenesená",J87,0) -> 0 | BI87: =IF(N87="nulová",J87,0) -> 0 | BJ87: 1 | BK87: =ROUND(I87*H87,2) -> 0 | BL87: 4 | BM87: 1002273988
D88: Online PSC | F88: https://podminky.urs.cz/item/CS_URS_2022_02/131251204 | AT88: Online PSC | AU88: 2
D89: VV | F89: Odlučovač | AT89: VV | AU89: 2 | AV89: 1 | AW89: True | AX89: 0 | AY89: ROZPOCET
D90: VV | F90: 3*3*2,3 | H90: 20.7 | AT90: VV | AU90: 2 | AV90: 2 | AW90: True | AX90: 0 | AY90: ROZPOCET
D91: VV | F91: retence | AT91: VV | AU91: 2 | AV91: 1 | AW91: True | AX91: 0 | AY91: ROZPOCET
D92: VV | F92: 24*1,7*4,5 | H92: 183.6 | AT92: VV | AU92: 2 | AV92: 2 | AW92: True | AX92: 0 | AY92: ROZPOCET
D93: VV | F93: revizní šachty | AT93: VV | AU93: 2 | AV93: 1 | AW93: True | AX93: 0 | AY93: ROZPOCET
D94: VV | F94: 2*1,5*1,5*2 | H94: 9 | AT94: VV | AU94: 2 | AV94: 2 | AW94: True | AX94: 0 | AY94: ROZPOCET
D95: VV | F95: Součet | H95: 213.3 | AT95: VV | AU95: 2 | AV95: 4 | AW95: True | AX95: 1 | AY95: ROZPOCET
C96: 2 | D96: K | E96: 132251253 | F96: Hloubení nezapažených rýh šířky přes 800 do 2 000 mm strojně s urovnáním dna do předepsaného profilu a spádu v hornině třídy těžitelnosti I skupiny 3 přes 50 do 100 m3 | G96: m3 | H96: 56.79 | J96: =ROUND(I96*H96,2) -> 0 | K96: CS ÚRS 2022 02 | N96: základní | P96: =O96*H96 -> 0 | Q96: 0 | R96: =Q96*H96 -> 0 | S96: 0 | T96: =S96*H96 -> 0 | AR96: 4 | AT96: K | AU96: 2 | AY96: ROZPOCET | BE96: =IF(N96="základní",J96,0) -> 0 | BF96: =IF(N96="snížená",J96,0) -> 0 | BG96: =IF(N96="zákl. přenesená",J96,0) -> 0 | BH96: =IF(N96="sníž. přenesená",J96,0) -> 0 | BI96: =IF(N96="nulová",J96,0) -> 0 | BJ96: 1 | BK96: =ROUND(I96*H96,2) -> 0 | BL96: 4 | BM96: -1295102779
D97: Online PSC | F97: https://podminky.urs.cz/item/CS_URS_2022_02/132251253 | AT97: Online PSC | AU97: 2
D98: VV | F98: propojovací potrubí od svodů ze střechy do retenční nádrže | AT98: VV | AU98: 2 | AV98: 1 | AW98: True | AX98: 0 | AY98: ROZPOCET
D99: VV | F99: 3*1,45*2*0,9 | H99: 7.83 | AT99: VV | AU99: 2 | AV99: 2 | AW99: True | AX99: 0 | AY99: ROZPOCET
D100: VV | F100: Odtokové potrubí ze dna nádrže | AT100: VV | AU100: 2 | AV100: 1 | AW100: True | AX100: 0 | AY100: ROZPOCET
D101: VV | F101: 1,1*0,9*2 | H101: 1.98 | AT101: VV | AU101: 2 | AV101: 2 | AW101: True | AX101: 0 | AY101: ROZPOCET
D102: VV | F102: kanalizační přípojka od uliční vpusti na zpevněné ploše | AT102: VV | AU102: 2 | AV102: 1 | AW102: True | AX102: 0 | AY102: ROZPOCET
D103: VV | F103: 12,1*0,9*1,5 | H103: 16.335 | AT103: VV | AU103: 2 | AV103: 2 | AW103: True | AX103: 0 | AY103: ROZPOCET
D104: VV | F104: přípojka D1 | AT104: VV | AU104: 2 | AV104: 1 | AW104: True | AX104: 0 | AY104: ROZPOCET
D105: VV | F105: 10,35*0,9*2 | H105: 18.63 | AT105: VV | AU105: 2 | AV105: 2 | AW105: True | AX105: 0 | AY105: ROZPOCET
D106: VV | F106: napojení od uliční vpusti | AT106: VV | AU106: 2 | AV106: 1 | AW106: True | AX106: 0 | AY106: ROZPOCET
D107: VV | F107: 8,9*0,9*1,5 | H107: 12.015 | AT107: VV | AU107: 2 | AV107: 2 | AW107: True | AX107: 0 | AY107: ROZPOCET
D108: VV | F108: Součet | H108: 56.79 | AT108: VV | AU108: 2 | AV108: 4 | AW108: True | AX108: 1 | AY108: ROZPOCET
C109: 3 | D109: K | E109: 151101102 | F109: Zřízení pažení a rozepření stěn výkopu, hloubky přes 2 do 4 m | G109: m2 | H109: 142.4 | J109: =ROUND(I109*H109,2) -> 0 | K109: CS ÚRS 2022 02 | N109: základní | P109: =O109*H109 -> 0 | Q109: 0.00085 | R109: =Q109*H109 -> 0.12104 | S109: 0 | T109: =S109*H109 -> 0 | AR109: 4 | AT109: K | AU109: 2 | AY109: ROZPOCET | BE109: =IF(N109="základní",J109,0) -> 0 | BF109: =IF(N109="snížená",J109,0) -> 0 | BG109: =IF(N109="zákl. přenesená",J109,0) -> 0 | BH109: =IF(N109="sníž. přenesená",J109,0) -> 0 | BI109: =IF(N109="nulová",J109,0) -> 0 | BJ109: 1 | BK109: =ROUND(I109*H109,2) -> 0 | BL109: 4 | BM109: -55103215
D110: Online PSC | F110: https://podminky.urs.cz/item/CS_URS_2022_02/151101102 | AT110: Online PSC | AU110: 2
D111: VV | F111: retence | AT111: VV | AU111: 2 | AV111: 1 | AW111: True | AX111: 0 | AY111: ROZPOCET
D112: VV | F112: 24*2*2+4,1*2*2 | H112: 112.4 | AT112: VV | AU112: 2 | AV112: 2 | AW112: True | AX112: 0 | AY112: ROZPOCET
D113: VV | F113: odlučovač | AT113: VV | AU113: 2 | AV113: 1 | AW113: True | AX113: 0 | AY113: ROZPOCET
D114: VV | F114: 4*3*2,5 | H114: 30 | AT114: VV | AU114: 2 | AV114: 2 | AW114: True | AX114: 0 | AY114: ROZPOCET
D115: VV | F115: Součet | H115: 142.4 | AT115: VV | AU115: 2 | AV115: 4 | AW115: True | AX115: 1 | AY115: ROZPOCET
C116: 5 | D116: K | E116: 162751117 | F116: Vodorovné přemístění výkopku nebo sypaniny po suchu na obvyklém dopravním prostředku, bez naložení výkopku, avšak se složením bez rozhrnutí z horniny třídy těžitelnosti I skupiny 1 až 3 na vzdálenost přes 9 000 do 10 000 m | G116: m3 | H116: 270.99 | J116: =ROUND(I116*H116,2) -> 0 | K116: CS ÚRS 2022 02 | N116: základní | P116: =O116*H116 -> 0 | Q116: 0 | R116: =Q116*H116 -> 0 | S116: 0 | T116: =S116*H116 -> 0 | AR116: 4 | AT116: K | AU116: 2 | AY116: ROZPOCET | BE116: =IF(N116="základní",J116,0) -> 0 | BF116: =IF(N116="snížená",J116,0) -> 0 | BG116: =IF(N116="zákl. přenesená",J116,0) -> 0 | BH116: =IF(N116="sníž. přenesená",J116,0) -> 0 | BI116: =IF(N116="nulová",J116,0) -> 0 | BJ116: 1 | BK116: =ROUND(I116*H116,2) -> 0 | BL116: 4 | BM116: 659714876
D117: Online PSC | F117: https://podminky.urs.cz/item/CS_URS_2022_02/162751117 | AT117: Online PSC | AU117: 2
D118: VV | F118: 270,99 | H118: 270.99 | AT118: VV | AU118: 2 | AV118: 2 | AW118: True | AX118: 1 | AY118: ROZPOCET
C119: 6 | D119: K | E119: 162751119 | F119: Vodorovné přemístění výkopku nebo sypaniny po suchu na obvyklém dopravním prostředku, bez naložení výkopku, avšak se složením bez rozhrnutí z horniny třídy těžitelnosti I skupiny 1 až 3 na vzdálenost Příplatek k ceně za každých dalších i započatých 1 000 m | G119: m3 | H119: 5419.8 | J119: =ROUND(I119*H119,2) -> 0 | K119: CS ÚRS 2022 02 | N119: základní | P119: =O119*H119 -> 0 | Q119: 0 | R119: =Q119*H119 -> 0 | S119: 0 | T119: =S119*H119 -> 0 | AR119: 4 | AT119: K | AU119: 2 | AY119: ROZPOCET | BE119: =IF(N119="základní",J119,0) -> 0 | BF119: =IF(N119="snížená",J119,0) -> 0 | BG119: =IF(N119="zákl. přenesená",J119,0) -> 0 | BH119: =IF(N119="sníž. přenesená",J119,0) -> 0 | BI119: =IF(N119="nulová",J119,0) -> 0 | BJ119: 1 | BK119: =ROUND(I119*H119,2) -> 0 | BL119: 4 | BM119: 844819937
D120: Online PSC | F120: https://podminky.urs.cz/item/CS_URS_2022_02/162751119 | AT120: Online PSC | AU120: 2
D121: VV | F121: 270,99*20 | H121: 5419.8 | AT121: VV | AU121: 2 | AV121: 2 | AW121: True | AX121: 1 | AY121: ROZPOCET
C122: 7 | D122: K | E122: 171201231 | F122: Poplatek za uložení stavebního odpadu na recyklační skládce (skládkovné) zeminy a kamení zatříděného do Katalogu odpadů pod kódem 17 05 04 | G122: t | H122: 487.782 | J122: =ROUND(I122*H122,2) -> 0 | K122: CS ÚRS 2022 02 | N122: základní | P122: =O122*H122 -> 0 | Q122: 0 | R122: =Q122*H122 -> 0 | S122: 0 | T122: =S122*H122 -> 0 | AR122: 4 | AT122: K | AU122: 2 | AY122: ROZPOCET | BE122: =IF(N122="základní",J122,0) -> 0 | BF122: =IF(N122="snížená",J122,0) -> 0 | BG122: =IF(N122="zákl. přenesená",J122,0) -> 0 | BH122: =IF(N122="sníž. přenesená",J122,0) -> 0 | BI122: =IF(N122="nulová",J122,0) -> 0 | BJ122: 1 | BK122: =ROUND(I122*H122,2) -> 0 | BL122: 4 | BM122: -947199453
D123: Online PSC | F123: https://podminky.urs.cz/item/CS_URS_2022_02/171201231 | AT123: Online PSC | AU123: 2
D124: VV | F124: 270,99*1,8 | H124: 487.782 | AT124: VV | AU124: 2 | AV124: 2 | AW124: True | AX124: 1 | AY124: ROZPOCET
C125: 8 | D125: K | E125: 174151101 | F125: Zásyp sypaninou z jakékoliv horniny strojně s uložením výkopku ve vrstvách se zhutněním jam, šachet, rýh nebo kolem objektů v těchto vykopávkách | G125: m3 | H125: 43.542 | J125: =ROUND(I125*H125,2) -> 0 | K125: CS ÚRS 2022 02 | N125: základní | P125: =O125*H125 -> 0 | Q125: 0 | R125: =Q125*H125 -> 0 | S125: 0 | T125: =S125*H125 -> 0 | AR125: 4 | AT125: K | AU125: 2 | AY125: ROZPOCET | BE125: =IF(N125="základní",J125,0) -> 0 | BF125: =IF(N125="snížená",J125,0) -> 0 | BG125: =IF(N125="zákl. přenesená",J125,0) -> 0 | BH125: =IF(N125="sníž. přenesená",J125,0) -> 0 | BI125: =IF(N125="nulová",J125,0) -> 0 | BJ125: 1 | BK125: =ROUND(I125*H125,2) -> 0 | BL125: 4 | BM125: 949695883
D126: Online PSC | F126: https://podminky.urs.cz/item/CS_URS_2022_02/174151101 | AT126: Online PSC | AU126: 2
D127: VV | F127: propojovací potrubí od svodů ze střechy do retenční nádrže | AT127: VV | AU127: 2 | AV127: 1 | AW127: True | AX127: 0 | AY127: ROZPOCET
D128: VV | F128: 3*1,45*1,6*0,9 | H128: 6.264 | AT128: VV | AU128: 2 | AV128: 2 | AW128: True | AX128: 0 | AY128: ROZPOCET
D129: VV | F129: Odtokové potrubí ze dna nádrže | AT129: VV | AU129: 2 | AV129: 1 | AW129: True | AX129: 0 | AY129: ROZPOCET
D130: VV | F130: 1,1*0,9*1,6 | H130: 1.584 | AT130: VV | AU130: 2 | AV130: 2 | AW130: True | AX130: 0 | AY130: ROZPOCET
D131: VV | F131: kanalizační přípojka od uliční vpusti na zpevněné ploše | AT131: VV | AU131: 2 | AV131: 1 | AW131: True | AX131: 0 | AY131: ROZPOCET
D132: VV | F132: 12,1*0,9*1,1 | H132: 11.979 | AT132: VV | AU132: 2 | AV132: 2 | AW132: True | AX132: 0 | AY132: ROZPOCET
D133: VV | F133: přípojka D1 | AT133: VV | AU133: 2 | AV133: 1 | AW133: True | AX133: 0 | AY133: ROZPOCET
...

Sheet 2023-003-f - SO-25 - vodo...
L2: >> skryté sloupce << | AT2: {ae5bc6d7-4b3b-4857-a451-ada928935e96}
AT3: 2
D4: KRYCÍ LIST SOUPISU PRACÍ | M4: v --- níže se nacházejí doplnkové a pomocné údaje k sestavám --- v | AT4: False
D6: Stavba:
E7: ='Rekapitulace stavby'!K6 -> SKLAD ŠKROBU P-001
D8: Objekt:
E9: 2023/003/f - SO-25 - vodovodní přípojka
D11: KSO: | I11: CC-CZ:
D12: Místo: | I12: Datum: | J12: ='Rekapitulace stavby'!AN8 -> 45167
D14: Zadavatel: | I14: IČ: | J14: =IF('Rekapitulace stavby'!AN10="","",'Rekapitulace stavby'!AN10)
E15: =IF('Rekapitulace stavby'!E11="","",'Rekapitulace stavby'!E11) | I15: DIČ: | J15: =IF('Rekapitulace stavby'!AN11="","",'Rekapitulace stavby'!AN11)
D17: Uchazeč: | I17: IČ: | J17: ='Rekapitulace stavby'!AN13 -> Vyplň údaj
E18: ='Rekapitulace stavby'!E14 -> Vyplň údaj | I18: DIČ: | J18: ='Rekapitulace stavby'!AN14 -> Vyplň údaj
D20: Projektant: | I20: IČ: | J20: =IF('Rekapitulace stavby'!AN16="","",'Rekapitulace stavby'!AN16)
E21: =IF('Rekapitulace stavby'!E17="","",'Rekapitulace stavby'!E17) | I21: DIČ: | J21: =IF('Rekapitulace stavby'!AN17="","",'Rekapitulace stavby'!AN17)
D23: Zpracovatel: | I23: IČ: | J23: =IF('Rekapitulace stavby'!AN19="","",'Rekapitulace stavby'!AN19)
E24: =IF('Rekapitulace stavby'!E20="","",'Rekapitulace stavby'!E20) -> rostarek s.r.o. | I24: DIČ: | J24: =IF('Rekapitulace stavby'!AN20="","",'Rekapitulace stavby'!AN20)
D26: Poznámka:
D30: Cena bez DPH | J30: =ROUND(J84, 2) -> 0
F32: Základ daně | I32: Sazba daně | J32: Výše daně
D33: DPH | E33: základní | F33: =ROUND((SUM(BE84:BE146)), 2) -> 0 | I33: 0.21 | J33: =ROUND(((SUM(BE84:BE146))*I33), 2) -> 0
E34: snížená | F34: =ROUND((SUM(BF84:BF146)), 2) -> 0 | I34: 0.15 | J34: =ROUND(((SUM(BF84:BF146))*I34), 2) -> 0
E35: zákl. přenesená | F35: =ROUND((SUM(BG84:BG146)), 2) -> 0 | I35: 0.21 | J35: =0 -> 0
E36: sníž. přenesená | F36: =ROUND((SUM(BH84:BH146)), 2) -> 0 | I36: 0.15 | J36: =0 -> 0
E37: nulová | F37: =ROUND((SUM(BI84:BI146)), 2) -> 0 | I37: 0 | J37: =0 -> 0
D39: Cena s DPH | G39: v | H39: CZK | J39: =SUM(J30:J37) -> 0
C45: REKAPITULACE ČLENĚNÍ SOUPISU PRACÍ
C47: Stavba:
E48: =E7 -> SKLAD ŠKROBU P-001
C49: Objekt:
E50: =E9 -> 2023/003/f - SO-25 - vodovodní přípojka
C52: Místo: | F52: =F12 | I52: Datum: | J52: =IF(J12="","",J12) -> 45167
C54: Zadavatel: | F54: =E15 | I54: Projektant: | J54: =E21
C55: Uchazeč: | F55: =IF(E18="","",E18) -> Vyplň údaj | I55: Zpracovatel: | J55: =E24 -> rostarek s.r.o.
C57: Kód dílu - Popis | J57: Cena celkem [CZK]
C59: Náklady stavby celkem | J59: =J84 -> 0 | AU59: -1
D60: HSV - Práce a dodávky HSV | J60: =J85 -> 0
D61: 1 - Zemní práce | J61: =J86 -> 0
D62: 5 - Komunikace pozemní | J62: =J121 -> 0
D63: 8 - Trubní vedení | J63: =J129 -> 0
D64: 997 - Přesun sutě | J64: =J137 -> 0
C71: SOUPIS PRACÍ
C73: Stavba:
E74: =E7 -> SKLAD ŠKROBU P-001
C75: Objekt:
E76: =E9 -> 2023/003/f - SO-25 - vodovodní přípojka
C78: Místo: | F78: =F12 | I78: Datum: | J78: =IF(J12="","",J12) -> 45167
C80: Zadavatel: | F80: =E15 | I80: Projektant: | J80: =E21
C81: Uchazeč: | F81: =IF(E18="","",E18) -> Vyplň údaj | I81: Zpracovatel: | J81: =E24 -> rostarek s.r.o.
C83: PČ | D83: Typ | E83: Kód | F83: Popis | G83: MJ | H83: Množství | I83: J.cena [CZK] | J83: Cena celkem [CZK] | K83: Cenová soustava | N83: DPH | O83: J. Nh [h] | P83: Nh celkem [h] | Q83: J. hmotnost [t] | R83: Hmotnost celkem [t] | S83: J. suť [t] | T83: Suť Celkem [t]
C84: Náklady soupisu celkem | J84: =BK84 -> 0 | P84: =P85 -> 0 | R84: =R85 -> 36.250744 | T84: =T85 -> 10.028 | AT84: D | AU84: -1 | BK84: =BK85 -> 0
D85: D | E85: HSV | F85: Práce a dodávky HSV | J85: =BK85 -> 0 | P85: =P86+P121+P129+P137 -> 0 | R85: =R86+R121+R129+R137 -> 36.250744 | T85: =T86+T121+T129+T137 -> 10.028 | AR85: 1 | AT85: D | AU85: 0 | AY85: ROZPOCET | BK85: =BK86+BK121+BK129+BK137 -> 0
D86: D | E86: 1 | F86: Zemní práce | J86: =BK86 -> 0 | P86: =SUM(P87:P120) -> 0 | R86: =SUM(R87:R120) -> 36.153 | T86: =SUM(T87:T120) -> 10.028 | AR86: 1 | AT86: D | AU86: 1 | AY86: ROZPOCET | BK86: =SUM(BK87:BK120) -> 0
C87: 1 | D87: K | E87: 113107432 | F87: Odstranění podkladů nebo krytů při překopech inženýrských sítí s přemístěním hmot na skládku ve vzdálenosti do 3 m nebo s naložením na dopravní prostředek strojně plochy jednotlivě do 15 m2 z betonu prostého, o tl. vrstvy přes 150 do 300 mm | G87: m2 | H87: 12 | J87: =ROUND(I87*H87,2) -> 0 | K87: CS ÚRS 2023 02 | N87: základní | P87: =O87*H87 -> 0 | Q87: 0 | R87: =Q87*H87 -> 0 | S87: 0.625 | T87: =S87*H87 -> 7.5 | AR87: 4 | AT87: K | AU87: 2 | AY87: ROZPOCET | BE87: =IF(N87="základní",J87,0) -> 0 | BF87: =IF(N87="snížená",J87,0) -> 0 | BG87: =IF(N87="zákl. přenesená",J87,0) -> 0 | BH87: =IF(N87="sníž. přenesená",J87,0) -> 0 | BI87: =IF(N87="nulová",J87,0) -> 0 | BJ87: 1 | BK87: =ROUND(I87*H87,2) -> 0 | BL87: 4 | BM87: 1843605524
D88: Online PSC | F88: https://podminky.urs.cz/item/CS_URS_2023_02/113107432 | AT88: Online PSC | AU88: 2
C89: 2 | D89: K | E89: 113107443 | F89: Odstranění podkladů nebo krytů při překopech inženýrských sítí s přemístěním hmot na skládku ve vzdálenosti do 3 m nebo s naložením na dopravní prostředek strojně plochy jednotlivě do 15 m2 živičných, o tl. vrstvy přes 100 do 150 mm | G89: m2 | H89: 8 | J89: =ROUND(I89*H89,2) -> 0 | K89: CS ÚRS 2023 02 | N89: základní | P89: =O89*H89 -> 0 | Q89: 0 | R89: =Q89*H89 -> 0 | S89: 0.316 | T89: =S89*H89 -> 2.528 | AR89: 4 | AT89: K | AU89: 2 | AY89: ROZPOCET | BE89: =IF(N89="základní",J89,0) -> 0 | BF89: =IF(N89="snížená",J89,0) -> 0 | BG89: =IF(N89="zákl. přenesená",J89,0) -> 0 | BH89: =IF(N89="sníž. přenesená",J89,0) -> 0 | BI89: =IF(N89="nulová",J89,0) -> 0 | BJ89: 1 | BK89: =ROUND(I89*H89,2) -> 0 | BL89: 4 | BM89: -533326430
D90: Online PSC | F90: https://podminky.urs.cz/item/CS_URS_2023_02/113107443 | AT90: Online PSC | AU90: 2
C91: 3 | D91: K | E91: 132251253 | F91: Hloubení nezapažených rýh šířky přes 800 do 2 000 mm strojně s urovnáním dna do předepsaného profilu a spádu v hornině třídy těžitelnosti I skupiny 3 přes 50 do 100 m3 | G91: m3 | H91: 85.5 | J91: =ROUND(I91*H91,2) -> 0 | K91: CS ÚRS 2022 02 | N91: základní | P91: =O91*H91 -> 0 | Q91: 0 | R91: =Q91*H91 -> 0 | S91: 0 | T91: =S91*H91 -> 0 | AR91: 4 | AT91: K | AU91: 2 | AY91: ROZPOCET | BE91: =IF(N91="základní",J91,0) -> 0 | BF91: =IF(N91="snížená",J91,0) -> 0 | BG91: =IF(N91="zákl. přenesená",J91,0) -> 0 | BH91: =IF(N91="sníž. přenesená",J91,0) -> 0 | BI91: =IF(N91="nulová",J91,0) -> 0 | BJ91: 1 | BK91: =ROUND(I91*H91,2) -> 0 | BL91: 4 | BM91: -249840622
D92: Online PSC | F92: https://podminky.urs.cz/item/CS_URS_2022_02/132251253 | AT92: Online PSC | AU92: 2
D93: VV | F93: vodovodní přípojka | AT93: VV | AU93: 2 | AV93: 1 | AW93: True | AX93: 0 | AY93: ROZPOCET
D94: VV | F94: 45*1*1,9 | H94: 85.5 | AT94: VV | AU94: 2 | AV94: 2 | AW94: True | AX94: 0 | AY94: ROZPOCET
D95: VV | F95: Součet | H95: 85.5 | AT95: VV | AU95: 2 | AV95: 4 | AW95: True | AX95: 1 | AY95: ROZPOCET
C96: 4 | D96: K | E96: 151101102 | F96: Zřízení pažení a rozepření stěn rýh pro podzemní vedení příložné pro jakoukoliv mezerovitost, hloubky přes 2 do 4 m | G96: m2 | H96: 180 | J96: =ROUND(I96*H96,2) -> 0 | K96: CS ÚRS 2022 02 | N96: základní | P96: =O96*H96 -> 0 | Q96: 0.00085 | R96: =Q96*H96 -> 0.153 | S96: 0 | T96: =S96*H96 -> 0 | AR96: 4 | AT96: K | AU96: 2 | AY96: ROZPOCET | BE96: =IF(N96="základní",J96,0) -> 0 | BF96: =IF(N96="snížená",J96,0) -> 0 | BG96: =IF(N96="zákl. přenesená",J96,0) -> 0 | BH96: =IF(N96="sníž. přenesená",J96,0) -> 0 | BI96: =IF(N96="nulová",J96,0) -> 0 | BJ96: 1 | BK96: =ROUND(I96*H96,2) -> 0 | BL96: 4 | BM96: 1758081476
D97: Online PSC | F97: https://podminky.urs.cz/item/CS_URS_2022_02/151101102 | AT97: Online PSC | AU97: 2
D98: VV | F98: přípojka | AT98: VV | AU98: 2 | AV98: 1 | AW98: True | AX98: 0 | AY98: ROZPOCET
D99: VV | F99: 45*2*2 | H99: 180 | AT99: VV | AU99: 2 | AV99: 2 | AW99: True | AX99: 0 | AY99: ROZPOCET
D100: VV | F100: Součet | H100: 180 | AT100: VV | AU100: 2 | AV100: 4 | AW100: True | AX100: 1 | AY100: ROZPOCET
C101: 5 | D101: K | E101: 162351103 | F101: Vodorovné přemístění výkopku nebo sypaniny po suchu na obvyklém dopravním prostředku, bez naložení výkopku, avšak se složením bez rozhrnutí z horniny třídy těžitelnosti I skupiny 1 až 3 na vzdálenost přes 50 do 500 m | G101: m3 | H101: 67.5 | J101: =ROUND(I101*H101,2) -> 0 | K101: CS ÚRS 2022 02 | N101: základní | P101: =O101*H101 -> 0 | Q101: 0 | R101: =Q101*H101 -> 0 | S101: 0 | T101: =S101*H101 -> 0 | AR101: 4 | AT101: K | AU101: 2 | AY101: ROZPOCET | BE101: =IF(N101="základní",J101,0) -> 0 | BF101: =IF(N101="snížená",J101,0) -> 0 | BG101: =IF(N101="zákl. přenesená",J101,0) -> 0 | BH101: =IF(N101="sníž. přenesená",J101,0) -> 0 | BI101: =IF(N101="nulová",J101,0) -> 0 | BJ101: 1 | BK101: =ROUND(I101*H101,2) -> 0 | BL101: 4 | BM101: 372583280
D102: Online PSC | F102: https://podminky.urs.cz/item/CS_URS_2022_02/162351103 | AT102: Online PSC | AU102: 2
D103: VV | F103: 85,5-45*1*0,4 | H103: 67.5 | AT103: VV | AU103: 2 | AV103: 2 | AW103: True | AX103: 1 | AY103: ROZPOCET
C104: 6 | D104: K | E104: 162751117 | F104: Vodorovné přemístění výkopku nebo sypaniny po suchu na obvyklém dopravním prostředku, bez naložení výkopku, avšak se složením bez rozhrnutí z horniny třídy těžitelnosti I skupiny 1 až 3 na vzdálenost přes 9 000 do 10 000 m | G104: m3 | H104: 18 | J104: =ROUND(I104*H104,2) -> 0 | K104: CS ÚRS 2022 02 | N104: základní | P104: =O104*H104 -> 0 | Q104: 0 | R104: =Q104*H104 -> 0 | S104: 0 | T104: =S104*H104 -> 0 | AR104: 4 | AT104: K | AU104: 2 | AY104: ROZPOCET | BE104: =IF(N104="základní",J104,0) -> 0 | BF104: =IF(N104="snížená",J104,0) -> 0 | BG104: =IF(N104="zákl. přenesená",J104,0) -> 0 | BH104: =IF(N104="sníž. přenesená",J104,0) -> 0 | BI104: =IF(N104="nulová",J104,0) -> 0 | BJ104: 1 | BK104: =ROUND(I104*H104,2) -> 0 | BL104: 4 | BM104: -1214109251
D105: Online PSC | F105: https://podminky.urs.cz/item/CS_URS_2022_02/162751117 | AT105: Online PSC | AU105: 2
D106: VV | F106: 85,5-67,5 | H106: 18 | AT106: VV | AU106: 2 | AV106: 2 | AW106: True | AX106: 1 | AY106: ROZPOCET
C107: 7 | D107: K | E107: 162751119 | F107: Vodorovné přemístění výkopku nebo sypaniny po suchu na obvyklém dopravním prostředku, bez naložení výkopku, avšak se složením bez rozhrnutí z horniny třídy těžitelnosti I skupiny 1 až 3 na vzdálenost Příplatek k ceně za každých dalších i započatých 1 000 m | G107: m3 | H107: 360 | J107: =ROUND(I107*H107,2) -> 0 | K107: CS ÚRS 2022 02 | N107: základní | P107: =O107*H107 -> 0 | Q107: 0 | R107: =Q107*H107 -> 0 | S107: 0 | T107: =S107*H107 -> 0 | AR107: 4 | AT107: K | AU107: 2 | AY107: ROZPOCET | BE107: =IF(N107="základní",J107,0) -> 0 | BF107: =IF(N107="snížená",J107,0) -> 0 | BG107: =IF(N107="zákl. přenesená",J107,0) -> 0 | BH107: =IF(N107="sníž. přenesená",J107,0) -> 0 | BI107: =IF(N107="nulová",J107,0) -> 0 | BJ107: 1 | BK107: =ROUND(I107*H107,2) -> 0 | BL107: 4 | BM107: -934113628
D108: Online PSC | F108: https://podminky.urs.cz/item/CS_URS_2022_02/162751119 | AT108: Online PSC | AU108: 2
D109: VV | F109: 18*20 | H109: 360 | AT109: VV | AU109: 2 | AV109: 2 | AW109: True | AX109: 1 | AY109: ROZPOCET
C110: 8 | D110: K | E110: 171201231 | F110: Poplatek za uložení stavebního odpadu na recyklační skládce (skládkovné) zeminy a kamení zatříděného do Katalogu odpadů pod kódem 17 05 04 | G110: t | H110: 32.4 | J110: =ROUND(I110*H110,2) -> 0 | K110: CS ÚRS 2022 02 | N110: základní | P110: =O110*H110 -> 0 | Q110: 0 | R110: =Q110*H110 -> 0 | S110: 0 | T110: =S110*H110 -> 0 | AR110: 4 | AT110: K | AU110: 2 | AY110: ROZPOCET | BE110: =IF(N110="základní",J110,0) -> 0 | BF110: =IF(N110="snížená",J110,0) -> 0 | BG110: =IF(N110="zákl. přenesená",J110,0) -> 0 | BH110: =IF(N110="sníž. přenesená",J110,0) -> 0 | BI110: =IF(N110="nulová",J110,0) -> 0 | BJ110: 1 | BK110: =ROUND(I110*H110,2) -> 0 | BL110: 4 | BM110: 1996086957
D111: Online PSC | F111: https://podminky.urs.cz/item/CS_URS_2022_02/171201231 | AT111: Online PSC | AU111: 2
D112: VV | F112: 18*1,8 | H112: 32.4 | AT112: VV | AU112: 2 | AV112: 2 | AW112: True | AX112: 1 | AY112: ROZPOCET
C113: 9 | D113: K | E113: 174151101 | F113: Zásyp sypaninou z jakékoliv horniny strojně s uložením výkopku ve vrstvách se zhutněním jam, šachet, rýh nebo kolem objektů v těchto vykopávkách | G113: m3 | H113: 67.5 | J113: =ROUND(I113*H113,2) -> 0 | K113: CS ÚRS 2022 02 | N113: základní | P113: =O113*H113 -> 0 | Q113: 0 | R113: =Q113*H113 -> 0 | S113: 0 | T113: =S113*H113 -> 0 | AR113: 4 | AT113: K | AU113: 2 | AY113: ROZPOCET | BE113: =IF(N113="základní",J113,0) -> 0 | BF113: =IF(N113="snížená",J113,0) -> 0 | BG113: =IF(N113="zákl. přenesená",J113,0) -> 0 | BH113: =IF(N113="sníž. přenesená",J113,0) -> 0 | BI113: =IF(N113="nulová",J113,0) -> 0 | BJ113: 1 | BK113: =ROUND(I113*H113,2) -> 0 | BL113: 4 | BM113: 193810998
D114: Online PSC | F114: https://podminky.urs.cz/item/CS_URS_2022_02/174151101 | AT114: Online PSC | AU114: 2
D115: VV | F115: 45*1*1,5 | H115: 67.5 | AT115: VV | AU115: 2 | AV115: 2 | AW115: True | AX115: 1 | AY115: ROZPOCET
C116: 10 | D116: K | E116: 175151101 | F116: Obsypání potrubí strojně sypaninou z vhodných třídy těžitelnosti I a II, skupiny 1 až 4 nebo materiálem připraveným podél výkopu ve vzdálenosti do 3 m od jeho kraje, pro jakoukoliv hloubku výkopu a míru zhutnění bez prohození sypaniny | G116: m3 | H116: 18 | J116: =ROUND(I116*H116,2) -> 0 | K116: CS ÚRS 2022 02 | N116: základní | P116: =O116*H116 -> 0 | Q116: 0 | R116: =Q116*H116 -> 0 | S116: 0 | T116: =S116*H116 -> 0 | AR116: 4 | AT116: K | AU116: 2 | AY116: ROZPOCET | BE116: =IF(N116="základní",J116,0) -> 0 | BF116: =IF(N116="snížená",J116,0) -> 0 | BG116: =IF(N116="zákl. přenesená",J116,0) -> 0 | BH116: =IF(N116="sníž. přenesená",J116,0) -> 0 | BI116: =IF(N116="nulová",J116,0) -> 0 | BJ116: 1 | BK116: =ROUND(I116*H116,2) -> 0 | BL116: 4 | BM116: 881077144
D117: Online PSC | F117: https://podminky.urs.cz/item/CS_URS_2022_02/175151101 | AT117: Online PSC | AU117: 2
D118: VV | F118: 45*1*0,4 | H118: 18 | AT118: VV | AU118: 2 | AV118: 2 | AW118: True | AX118: 1 | AY118: ROZPOCET
C119: 11 | D119: M | E119: 58331200 | F119: štěrkopísek netříděný | G119: t | H119: 36 | J119: =ROUND(I119*H119,2) -> 0 | K119: CS ÚRS 2022 02 | N119: základní | P119: =O119*H119 -> 0 | Q119: 1 | R119: =Q119*H119 -> 36 | S119: 0 | T119: =S119*H119 -> 0 | AR119: 8 | AT119: M | AU119: 2 | AY119: ROZPOCET | BE119: =IF(N119="základní",J119,0) -> 0 | BF119: =IF(N119="snížená",J119,0) -> 0 | BG119: =IF(N119="zákl. přenesená",J119,0) -> 0 | BH119: =IF(N119="sníž. přenesená",J119,0) -> 0 | BI119: =IF(N119="nulová",J119,0) -> 0 | BJ119: 1 | BK119: =ROUND(I119*H119,2) -> 0 | BL119: 4 | BM119: 1542713986
D120: VV | F120: 18*2 'Přepočtené koeficientem množství | H120: 36 | AT120: VV | AU120: 2 | AV120: 2 | AW120: False | AX120: 1 | AY120: ROZPOCET
D121: D | E121: 5 | F121: Komunikace pozemní | J121: =BK121 -> 0 | P121: =SUM(P122:P128) -> 0 | R121: =SUM(R122:R128) -> 0 | T121: =SUM(T122:T128) -> 0 | AR121: 1 | AT121: D | AU121: 1 | AY121: ROZPOCET | BK121: =SUM(BK122:BK128) -> 0
C122: 12 | D122: K | E122: 564861011 | F122: Podklad ze štěrkodrti ŠD s rozprostřením a zhutněním plochy jednotlivě do 100 m2, po zhutnění tl. 200 mm | G122: m2 | H122: 20 | J122: =ROUND(I122*H122,2) -> 0 | K122: CS ÚRS 2023 02 | N122: základní | P122: =O122*H122 -> 0 | Q122: 0 | R122: =Q122*H122 -> 0 | S122: 0 | T122: =S122*H122 -> 0 | AR122: 4 | AT122: K | AU122: 2 | AY122: ROZPOCET | BE122: =IF(N122="základní",J122,0) -> 0 | BF122: =IF(N122="snížená",J122,0) -> 0 | BG122: =IF(N122="zákl. přenesená",J122,0) -> 0 | BH122: =IF(N122="sníž. přenesená",J122,0) -> 0 | BI122: =IF(N122="nulová",J122,0) -> 0 | BJ122: 1 | BK122: =ROUND(I122*H122,2) -> 0 | BL122: 4 | BM122: -1319292349
D123: Online PSC | F123: https://podminky.urs.cz/item/CS_URS_2023_02/564861011 | AT123: Online PSC | AU123: 2
D124: VV | F124: 12+8 | H124: 20 | AT124: VV | AU124: 2 | AV124: 2 | AW124: True | AX124: 1 | AY124: ROZPOCET
C125: 13 | D125: K | E125: 576146311 | F125: Asfaltový koberec otevřený AKO 16 (AKOH) s rozprostřením a se zhutněním z nemodifikovaného asfaltu v pruhu šířky do 3 m, po zhutnění tl. 50 mm | G125: m2 | H125: 8 | J125: =ROUND(I125*H125,2) -> 0 | K125: CS ÚRS 2023 02 | N125: základní | P125: =O125*H125 -> 0 | Q125: 0 | R125: =Q125*H125 -> 0 | S125: 0 | T125: =S125*H125 -> 0 | AR125: 4 | AT125: K | AU125: 2 | AY125: ROZPOCET | BE125: =IF(N125="základní",J125,0) -> 0 | BF125: =IF(N125="snížená",J125,0) -> 0 | BG125: =IF(N125="zákl. přenesená",J125,0) -> 0 | BH125: =IF(N125="sníž. přenesená",J125,0) -> 0 | BI125: =IF(N125="nulová",J125,0) -> 0 | BJ125: 1 | BK125: =ROUND(I125*H125,2) -> 0 | BL125: 4 | BM125: -704583539
D126: Online PSC | F126: https://podminky.urs.cz/item/CS_URS_2023_02/576146311 | AT126: Online PSC | AU126: 2
C127: 14 | D127: K | E127: 581131115 | F127: Kryt cementobetonový silničních komunikací skupiny CB I tl. 200 mm | G127: m2 | H127: 12 | J127: =ROUND(I127*H127,2) -> 0 | K127: CS ÚRS 2023 02 | N127: základní | P127: =O127*H127 -> 0 | Q127: 0 | R127: =Q127*H127 -> 0 | S127: 0 | T127: =S127*H127 -> 0 | AR127: 4 | AT127: K | AU127: 2 | AY127: ROZPOCET | BE127: =IF(N127="základní",J127,0) -> 0 | BF127: =IF(N127="snížená",J127,0) -> 0 | BG127: =IF(N127="zákl. přenesená",J127,0) -> 0 | BH127: =IF(N127="sníž. přenesená",J127,0) -> 0 | BI127: =IF(N127="nulová",J127,0) -> 0 | BJ127: 1 | BK127: =ROUND(I127*H127,2) -> 0 | BL127: 4 | BM127: -782072850
D128: Online PSC | F128: https://podminky.urs.cz/item/CS_URS_2023_02/581131115 | AT128: Online PSC | AU128: 2
D129: D | E129: 8 | F129: Trubní vedení | J129: =BK129 -> 0 | P129: =SUM(P130:P136) -> 0 | R129: =SUM(R130:R136) -> 0.0977445 | T129: =SUM(T130:T136) -> 0 | AR129: 1 | AT129: D | AU129: 1 | AY129: ROZPOCET | BK129: =SUM(BK130:BK136) -> 0
C130: 15 | D130: K | E130: 871241141 | F130: Montáž vodovodního potrubí z plastů v otevřeném výkopu z polyetylenu PE 100 svařovaných na tupo SDR 11/PN16 D 90 x 8,2 mm | G130: m | H130: 45 | J130: =ROUND(I130*H130,2) -> 0 | K130: CS ÚRS 2023 02 | N130: základní | P130: =O130*H130 -> 0 | Q130: 0 | R130: =Q130*H130 -> 0 | S130: 0 | T130: =S130*H130 -> 0 | AR130: 4 | AT130: K | AU130: 2 | AY130: ROZPOCET | BE130: =IF(N130="základní",J130,0) -> 0 | BF130: =IF(N130="snížená",J130,0) -> 0 | BG130: =IF(N130="zákl. přenesená",J130,0) -> 0 | BH130: =IF(N130="sníž. přenesená",J130,0) -> 0 | BI130: =IF(N130="nulová",J130,0) -> 0 | BJ130: 1 | BK130: =ROUND(I130*H130,2) -> 0 | BL130: 4 | BM130: 860937585
D131: Online PSC | F131: https://podminky.urs.cz/item/CS_URS_2023_02/871241141 | AT131: Online PSC | AU131: 2
C132: 16 | D132: M | E132: 28613556 | F132: potrubí dvouvrstvé PE100 RC SDR11 90x8,2 dl 12m | G132: m | H132: 45.675 | J132: =ROUND(I132*H132,2) -> 0 | K132: CS ÚRS 2023 02 | N132: základní | P132: =O132*H132 -> 0 | Q132: 0.00214 | R132: =Q132*H132 -> 0.0977445 | S132: 0 | T132: =S132*H132 -> 0 | AR132: 8 | AT132: M | AU132: 2 | AY132: ROZPOCET | BE132: =IF(N132="základní",J132,0) -> 0 | BF132: =IF(N132="snížená",J132,0) -> 0 | BG132: =IF(N132="zákl. přenesená",J132,0) -> 0 | BH132: =IF(N132="sníž. přenesená",J132,0) -> 0 | BI132: =IF(N132="nulová",J132,0) -> 0 | BJ132: 1 | BK132: =ROUND(I132*H132,2) -> 0 | BL132: 4 | BM132: 1522072674
D133: VV | F133: 45*1,015 'Přepočtené koeficientem množství | H133: 45.675 | AT133: VV | AU133: 2 | AV133: 2 | AW133: False | AX133: 1 | AY133: ROZPOCET
...

Sheet 2023-003-j - VRN
L2: >> skryté sloupce << | AT2: {e2ca333b-ff34-4067-a476-6cbb4c6d3b36}
AT3: 2
D4: KRYCÍ LIST SOUPISU PRACÍ | M4: v --- níže se nacházejí doplnkové a pomocné údaje k sestavám --- v | AT4: False
D6: Stavba:
E7: ='Rekapitulace stavby'!K6 -> SKLAD ŠKROBU P-001
D8: Objekt:
E9: 2023/003/j - VRN
D11: KSO: | I11: CC-CZ:
D12: Místo: | I12: Datum: | J12: ='Rekapitulace stavby'!AN8 -> 45167
D14: Zadavatel: | I14: IČ: | J14: =IF('Rekapitulace stavby'!AN10="","",'Rekapitulace stavby'!AN10)
E15: =IF('Rekapitulace stavby'!E11="","",'Rekapitulace stavby'!E11) | I15: DIČ: | J15: =IF('Rekapitulace stavby'!AN11="","",'Rekapitulace stavby'!AN11)
D17: Uchazeč: | I17: IČ: | J17: ='Rekapitulace stavby'!AN13 -> Vyplň údaj
E18: ='Rekapitulace stavby'!E14 -> Vyplň údaj | I18: DIČ: | J18: ='Rekapitulace stavby'!AN14 -> Vyplň údaj
D20: Projektant: | I20: IČ: | J20: =IF('Rekapitulace stavby'!AN16="","",'Rekapitulace stavby'!AN16)
E21: =IF('Rekapitulace stavby'!E17="","",'Rekapitulace stavby'!E17) | I21: DIČ: | J21: =IF('Rekapitulace stavby'!AN17="","",'Rekapitulace stavby'!AN17)
D23: Zpracovatel: | I23: IČ: | J23: =IF('Rekapitulace stavby'!AN19="","",'Rekapitulace stavby'!AN19)
E24: =IF('Rekapitulace stavby'!E20="","",'Rekapitulace stavby'!E20) -> rostarek s.r.o. | I24: DIČ: | J24: =IF('Rekapitulace stavby'!AN20="","",'Rekapitulace stavby'!AN20)
D26: Poznámka:
D30: Cena bez DPH | J30: =ROUND(J83, 2) -> 0
F32: Základ daně | I32: Sazba daně | J32: Výše daně
D33: DPH | E33: základní | F33: =ROUND((SUM(BE83:BE95)), 2) -> 0 | I33: 0.21 | J33: =ROUND(((SUM(BE83:BE95))*I33), 2) -> 0
E34: snížená | F34: =ROUND((SUM(BF83:BF95)), 2) -> 0 | I34: 0.15 | J34: =ROUND(((SUM(BF83:BF95))*I34), 2) -> 0
E35: zákl. přenesená | F35: =ROUND((SUM(BG83:BG95)), 2) -> 0 | I35: 0.21 | J35: =0 -> 0
E36: sníž. přenesená | F36: =ROUND((SUM(BH83:BH95)), 2) -> 0 | I36: 0.15 | J36: =0 -> 0
E37: nulová | F37: =ROUND((SUM(BI83:BI95)), 2) -> 0 | I37: 0 | J37: =0 -> 0
D39: Cena s DPH | G39: v | H39: CZK | J39: =SUM(J30:J37) -> 0
C45: REKAPITULACE ČLENĚNÍ SOUPISU PRACÍ
C47: Stavba:
E48: =E7 -> SKLAD ŠKROBU P-001
C49: Objekt:
E50: =E9 -> 2023/003/j - VRN
C52: Místo: | F52: =F12 | I52: Datum: | J52: =IF(J12="","",J12) -> 45167
C54: Zadavatel: | F54: =E15 | I54: Projektant: | J54: =E21
C55: Uchazeč: | F55: =IF(E18="","",E18) -> Vyplň údaj | I55: Zpracovatel: | J55: =E24 -> rostarek s.r.o.
C57: Kód dílu - Popis | J57: Cena celkem [CZK]
C59: Náklady stavby celkem | J59: =J83 -> 0 | AU59: -1
D60: VRN - Vedlejší rozpočtové náklady | J60: =J84 -> 0
D61: VRN1 - Průzkumné, geodetické a projektové práce | J61: =J85 -> 0
D62: VRN3 - Zařízení staveniště | J62: =J88 -> 0
D63: VRN4 - Inženýrská činnost | J63: =J91 -> 0
C70: SOUPIS PRACÍ
C72: Stavba:
E73: =E7 -> SKLAD ŠKROBU P-001
C74: Objekt:
E75: =E9 -> 2023/003/j - VRN
C77: Místo: | F77: =F12 | I77: Datum: | J77: =IF(J12="","",J12) -> 45167
C79: Zadavatel: | F79: =E15 | I79: Projektant: | J79: =E21
C80: Uchazeč: | F80: =IF(E18="","",E18) -> Vyplň údaj | I80: Zpracovatel: | J80: =E24 -> rostarek s.r.o.
C82: PČ | D82: Typ | E82: Kód | F82: Popis | G82: MJ | H82: Množství | I82: J.cena [CZK] | J82: Cena celkem [CZK] | K82: Cenová soustava | N82: DPH | O82: J. Nh [h] | P82: Nh celkem [h] | Q82: J. hmotnost [t] | R82: Hmotnost celkem [t] | S82: J. suť [t] | T82: Suť Celkem [t]
C83: Náklady soupisu celkem | J83: =BK83 -> 0 | P83: =P84 -> 0 | R83: =R84 -> 0 | T83: =T84 -> 0 | AT83: D | AU83: -1 | BK83: =BK84 -> 0
D84: D | E84: VRN | F84: Vedlejší rozpočtové náklady | J84: =BK84 -> 0 | P84: =P85+P88+P91 -> 0 | R84: =R85+R88+R91 -> 0 | T84: =T85+T88+T91 -> 0 | AR84: 5 | AT84: D | AU84: 0 | AY84: ROZPOCET | BK84: =BK85+BK88+BK91 -> 0
D85: D | E85: VRN1 | F85: Průzkumné, geodetické a projektové práce | J85: =BK85 -> 0 | P85: =SUM(P86:P87) -> 0 | R85: =SUM(R86:R87) -> 0 | T85: =SUM(T86:T87) -> 0 | AR85: 5 | AT85: D | AU85: 1 | AY85: ROZPOCET | BK85: =SUM(BK86:BK87) -> 0
C86: 1 | D86: K | E86: 010001000 | F86: Průzkumné, geodetické práce | G86: kpl | H86: 1 | J86: =ROUND(I86*H86,2) -> 0 | K86: CS ÚRS 2023 02 | N86: základní | P86: =O86*H86 -> 0 | Q86: 0 | R86: =Q86*H86 -> 0 | S86: 0 | T86: =S86*H86 -> 0 | AR86: 1024 | AT86: K | AU86: 2 | AY86: ROZPOCET | BE86: =IF(N86="základní",J86,0) -> 0 | BF86: =IF(N86="snížená",J86,0) -> 0 | BG86: =IF(N86="zákl. přenesená",J86,0) -> 0 | BH86: =IF(N86="sníž. přenesená",J86,0) -> 0 | BI86: =IF(N86="nulová",J86,0) -> 0 | BJ86: 1 | BK86: =ROUND(I86*H86,2) -> 0 | BL86: 1024 | BM86: -530775478
D87: Online PSC | F87: https://podminky.urs.cz/item/CS_URS_2023_02/010001000 | AT87: Online PSC | AU87: 2
D88: D | E88: VRN3 | F88: Zařízení staveniště | J88: =BK88 -> 0 | P88: =SUM(P89:P90) -> 0 | R88: =SUM(R89:R90) -> 0 | T88: =SUM(T89:T90) -> 0 | AR88: 5 | AT88: D | AU88: 1 | AY88: ROZPOCET | BK88: =SUM(BK89:BK90) -> 0
C89: 2 | D89: K | E89: 030001000 | F89: Zařízení staveniště | G89: kpl | H89: 1 | J89: =ROUND(I89*H89,2) -> 0 | K89: CS ÚRS 2023 02 | N89: základní | P89: =O89*H89 -> 0 | Q89: 0 | R89: =Q89*H89 -> 0 | S89: 0 | T89: =S89*H89 -> 0 | AR89: 1024 | AT89: K | AU89: 2 | AY89: ROZPOCET | BE89: =IF(N89="základní",J89,0) -> 0 | BF89: =IF(N89="snížená",J89,0) -> 0 | BG89: =IF(N89="zákl. přenesená",J89,0) -> 0 | BH89: =IF(N89="sníž. přenesená",J89,0) -> 0 | BI89: =IF(N89="nulová",J89,0) -> 0 | BJ89: 1 | BK89: =ROUND(I89*H89,2) -> 0 | BL89: 1024 | BM89: 282170963
D90: Online PSC | F90: https://podminky.urs.cz/item/CS_URS_2023_02/030001000 | AT90: Online PSC | AU90: 2
D91: D | E91: VRN4 | F91: Inženýrská činnost | J91: =BK91 -> 0 | P91: =SUM(P92:P95) -> 0 | R91: =SUM(R92:R95) -> 0 | T91: =SUM(T92:T95) -> 0 | AR91: 5 | AT91: D | AU91: 1 | AY91: ROZPOCET | BK91: =SUM(BK92:BK95) -> 0
C92: 3 | D92: K | E92: 043002000 | F92: Zkoušky a ostatní měření - kopané sondy | G92: ks | H92: 3 | J92: =ROUND(I92*H92,2) -> 0 | K92: CS ÚRS 2023 02 | N92: základní | P92: =O92*H92 -> 0 | Q92: 0 | R92: =Q92*H92 -> 0 | S92: 0 | T92: =S92*H92 -> 0 | AR92: 1024 | AT92: K | AU92: 2 | AY92: ROZPOCET | BE92: =IF(N92="základní",J92,0) -> 0 | BF92: =IF(N92="snížená",J92,0) -> 0 | BG92: =IF(N92="zákl. přenesená",J92,0) -> 0 | BH92: =IF(N92="sníž. přenesená",J92,0) -> 0 | BI92: =IF(N92="nulová",J92,0) -> 0 | BJ92: 1 | BK92: =ROUND(I92*H92,2) -> 0 | BL92: 1024 | BM92: 1198008840
D93: Online PSC | F93: https://podminky.urs.cz/item/CS_URS_2023_02/043002000 | AT93: Online PSC | AU93: 2
C94: 4 | D94: K | E94: 045002000 | F94: Kompletační a koordinační činnost | G94: kpl | H94: 1 | J94: =ROUND(I94*H94,2) -> 0 | K94: CS ÚRS 2023 02 | N94: základní | P94: =O94*H94 -> 0 | Q94: 0 | R94: =Q94*H94 -> 0 | S94: 0 | T94: =S94*H94 -> 0 | AR94: 1024 | AT94: K | AU94: 2 | AY94: ROZPOCET | BE94: =IF(N94="základní",J94,0) -> 0 | BF94: =IF(N94="snížená",J94,0) -> 0 | BG94: =IF(N94="zákl. přenesená",J94,0) -> 0 | BH94: =IF(N94="sníž. přenesená",J94,0) -> 0 | BI94: =IF(N94="nulová",J94,0) -> 0 | BJ94: 1 | BK94: =ROUND(I94*H94,2) -> 0 | BL94: 1024 | BM94: -1067029098
D95: Online PSC | F95: https://podminky.urs.cz/item/CS_URS_2023_02/045002000 | AT95: Online PSC | AU95: 2

Sheet Pokyny pro vyplnění
C3: Struktura údajů, formát souboru a metodika pro zpracování
C4: Struktura
C6: Soubor je složen ze záložky Rekapitulace stavby a záložek s názvem soupisu prací pro jednotlivé objekty ve formátu XLSX. Každá ze záložek přitom obsahuje
C7: ještě samostatné sestavy vymezené orámovaním a nadpisem sestavy.
C9: Rekapitulace stavby obsahuje sestavu Rekapitulace stavby a Rekapitulace objektů stavby a soupisů prací.
D10: V sestavě Rekapitulace stavby jsou uvedeny informace identifikující předmět veřejné zakázky na stavební práce, KSO, CC-CZ, CZ-CPV, CZ-CPA a rekapitulaci
D11: celkové nabídkové ceny uchazeče.
D13: Termínem "uchazeč" (resp. zhotovitel) se myslí "účastník zadávacího řízení" ve smyslu zákona o zadávání veřejných zakázek.
D15: V sestavě Rekapitulace objektů stavby a soupisů prací je uvedena rekapitulace stavebních objektů, inženýrských objektů, provozních souborů,
D16: vedlejších a ostatních nákladů a ostatních nákladů s rekapitulací nabídkové ceny za jednotlivé soupisy prací. Na základě údaje Typ je možné
D17: identifikovat, zda se jedná o objekt nebo soupis prací pro daný objekt:
E18: STA | F18: Stavební objekt pozemní
E19: ING | F19: Stavební objekt inženýrský
E20: PRO | F20: Provozní soubor
E21: VON | F21: Vedlejší a ostatní náklady
E22: OST | F22: Ostatní
E23: Soupis | F23: Soupis prací pro daný typ objektu
C25: Soupis prací pro jednotlivé objekty obsahuje sestavy Krycí list soupisu prací, Rekapitulace členění soupisu prací, Soupis prací. Za soupis prací může být považován
C26: i objekt stavby v případě, že neobsahuje podřízenou zakázku.
D27: Krycí list soupisu obsahuje rekapitulaci informací o předmětu veřejné zakázky ze sestavy Rekapitulace stavby, informaci o zařazení objektu do KSO,
D28: CC-CZ, CZ-CPV, CZ-CPA a rekapitulaci celkové nabídkové ceny uchazeče za aktuální soupis prací.
D30: Rekapitulace členění soupisu prací obsahuje rekapitulaci soupisu prací ve všech úrovních členění soupisu tak, jak byla tato členění použita (např.
D31: stavební díly, funkční díly, případně jiné členění) s rekapitulací nabídkové ceny.
D33: Soupis prací obsahuje položky veškerých stavebních nebo montážních prací, dodávek materiálů a služeb nezbytných pro zhotovení stavebního objektu,
D34: inženýrského objektu, provozního souboru, vedlejších a ostatních nákladů.
D35: Pro položky soupisu prací se zobrazují následující informace:
E36: PČ | G36: Pořadové číslo položky v aktuálním soupisu
E37: TYP | G37: Typ položky: K - konstrukce, M - materiál, PP - plný popis, PSC - poznámka k souboru cen, P - poznámka k položce, VV - výkaz výměr
E38: Kód | G38: Kód položky
E39: Popis | G39: Zkrácený popis položky
E40: MJ | G40: Měrná jednotka položky
E41: Množství | G41: Množství v měrné jednotce
E42: J.cena | G42: Jednotková cena položky. Zadaní může obsahovat namísto J.ceny sloupce J.materiál a J.montáž, jejichž součet definuje
G43: J.cenu položky.
E44: Cena celkem | G44: Celková cena položky daná jako součin množství a j.ceny
E45: Cenová soustava | G45: Příslušnost položky do cenové soustavy
D47: Ke každé položce soupisu prací se na samostatných řádcích může zobrazovat:
E48: Plný popis položky
E49: Poznámka k souboru cen a poznámka zadavatele
E50: Výkaz výměr
D51: Pokud je k řádku výkazu výměr evidovaný údaj ve sloupci Kód, jedná se o definovaný odkaz, na který se může odvolávat výkaz výměr z jiné položky.
C52: Metodika pro zpracování
C54: Jednotlivé sestavy jsou v souboru provázány. Editovatelné pole jsou zvýrazněny žlutým podbarvením, ostatní pole neslouží k editaci a nesmí být jakkoliv
C55: modifikovány.
C57: Uchazeč je pro podání nabídky povinen vyplnit žlutě podbarvená pole:
D58: Pole Uchazeč v sestavě Rekapitulace stavby - zde uchazeč vyplní svůj název (název subjektu)
D59: Pole IČ a DIČ v sestavě Rekapitulace stavby - zde uchazeč vyplní svoje IČ a DIČ
D60: Datum v sestavě Rekapitulace stavby - zde uchazeč vyplní datum vytvoření nabídky
D61: J.cena = jednotková cena v sestavě Soupis prací o maximálním počtu desetinných míst uvedených v poli
D62: - pokud sestavy soupisů prací obsahují pole J.cena, měla by být všechna tato pole vyplněna nenulovými
D63: Poznámka - nepovinný údaj pro položku soupisu
D65: V případě, že sestavy soupisů prací neobsahují pole J.cena, potom ve všech soupisech prací obsahují pole:
D66: - J.materiál - jednotková cena materiálu
D67: - J.montáž - jednotková cena montáže
D68: Uchazeč v tomto případě by měl vyplnit všechna pole J.materiál a pole J.montáž nenulovými kladnými číslicemi. V případech, kdy položka
D69: neobsahuje žádný materiál je přípustné, aby pole J.materiál bylo vyplněno nulou. V případech, kdy položka neobsahuje žádnou montáž je přípustné,
D70: aby pole J.montáž bylo vyplněno nulou. Obě pole - J.materiál, J.Montáž u jedné položky by však neměly být vyplněny nulou.
C75: Rekapitulace stavby
C76: Název | F76: Povinný | H76: Popis | I76: Typ | J76: Max. počet
C77: atributu | F77: (A/N) | J77: znaků
C79: Kód | F79: A | H79: Kód stavby | I79: String | J79: 20
C80: Stavba | F80: A | H80: Název stavby | I80: String | J80: 120
C81: Místo | F81: N | H81: Místo stavby | I81: String | J81: 50
C82: Datum | F82: A | H82: Datum vykonaného exportu | I82: Date
C83: KSO | F83: N | H83: Klasifikace stavebního objektu | I83: String | J83: 15
C84: CC-CZ | F84: N | H84: Klasifikace stavbeních děl | I84: String | J84: 15
C85: CZ-CPV | F85: N | H85: Společný slovník pro veřejné zakázky | I85: String | J85: 20
C86: CZ-CPA | F86: N | H86: Klasifikace produkce podle činností | I86: String | J86: 20
C87: Zadavatel | F87: N | H87: Zadavatel zadaní | I87: String | J87: 50
C88: IČ | F88: N | H88: IČ zadavatele zadaní | I88: String | J88: 20
C89: DIČ | F89: N | H89: DIČ zadavatele zadaní | I89: String | J89: 20
C90: Uchazeč | F90: N | H90: Uchazeč veřejné zakázky | I90: String | J90: 50
C91: Projektant | F91: N | H91: Projektant | I91: String | J91: 50
C92: Poznámka | F92: N | H92: Poznámka k zadání | I92: String | J92: 255
C93: Sazba DPH | F93: A | H93: Rekapitulace sazeb DPH u položek soupisů | I93: eGSazbaDph
C94: Základna DPH | F94: A | H94: Základna DPH určena součtem celkové ceny z položek soupisů | I94: Double
C95: Hodnota DPH | F95: A | H95: Hodnota DPH | I95: Double
C96: Cena bez DPH | F96: A | H96: Celková cena bez DPH za celou stavbu. Sčítává se ze všech listů. | I96: Double
C97: Cena s DPH | F97: A | H97: Celková cena s DPH za celou stavbu | I97: Double
C102: Rekapitulace objektů stavby a soupisů prací
C103: Název | F103: Povinný | H103: Popis | I103: Typ | J103: Max. počet
C104: atributu | F104: (A/N) | J104: znaků
C106: Kód | F106: A | H106: Přebírá se z Rekapitulace stavby | I106: String | J106: 20
C107: Stavba | F107: A | H107: Přebírá se z Rekapitulace stavby | I107: String | J107: 120
C108: Místo | F108: N | H108: Přebírá se z Rekapitulace stavby | I108: String | J108: 50
C109: Datum | F109: A | H109: Přebírá se z Rekapitulace stavby | I109: Date
C110: Zadavatel | F110: N | H110: Přebírá se z Rekapitulace stavby | I110: String | J110: 50
C111: Projektant | F111: N | H111: Přebírá se z Rekapitulace stavby | I111: String | J111: 50
C112: Uchazeč | F112: N | H112: Přebírá se z Rekapitulace stavby | I112: String | J112: 50
C113: Kód | F113: A | H113: Kód objektu | I113: String | J113: 20
C114: Objektu, Soupis prací | F114: A | H114: Název objektu | I114: String | J114: 120
C115: Cena bez DPH | F115: A | H115: Cena bez DPH za daný objekt | I115: Double
C116: Cena s DPH | F116: A | H116: Cena spolu s DPH za daný objekt | I116: Double
C117: Typ | F117: A | H117: Typ zakázky | I117: eGTypZakazky
C122: Krycí list soupisu
C123: Název | F123: Povinný | H123: Popis | I123: Typ | J123: Max. počet
C124: atributu | F124: (A/N) | J124: znaků
C126: Stavba | F126: A | H126: Přebírá se z Rekapitulace stavby | I126: String | J126: 120
C127: Objekt | F127: A | H127: Kód a název objektu | I127: String | J127: 20 + 120
C128: Soupis | F128: A | H128: Kód a název soupisu | I128: String | J128: 20 + 120
...
